id,reference,recherche_ref,type_bien,titre,ville,code_postal,date_publication,prix,surface,nb_pieces,nb_chambres,meuble,dpe,description,terrasse,calme,contact.nom,contact.telephone,contact.email,photos,exclusivite,contact.agence,particulier,surface_m2,annee_construction,adresse,latitude,longitude,etage,charges_mensuelles,vue,jardin
329e749f-b19b-42e0-ba8c-2b66e51b7c7c,AN-HD5I7AZ2,REC-R8HA1NA2,Studio,Studio avec vue dégagée à Marseille,Marseille,13000,2025-01-26T14:59:45,136825 €,178,5,2,False,F,"Studio de standing de 178 m² situé à Marseille. Proche de toutes commodités, transports et écoles. À visiter sans tarder.",True,True,Karim Bernard,0124570243,karim.bernard68@example.com,https://exemple-images.test/AN-HD5I7AZ2/1.jpg; https://exemple-images.test/AN-HD5I7AZ2/2.jpg; https://exemple-images.test/AN-HD5I7AZ2/3.jpg,True,,,,,,,,,,,
04e03adf-db10-49ed-8379-5c7833370281,AN-FHMQVN3B,REC-R8HA1NA2,Studio,Studio de standing à Marseille,Marseille,13000,2024-11-13,212073,210,8,1,,F,"Studio en excellent état de 210 m² situé à Marseille. Proche de toutes commodités, transports et écoles. À visiter sans tarder. Travaux à prévoir.",True,,,0214844563,,,False,Clé en Main Immo,,,,,,,,,,
d61b4053-6321-4f52-803d-48b48a318fb4,AN-KJ2RP1V6,REC-R8HA1NA2,Studio,Studio en excellent état à Marseille,Marseille,13000,2025-10-21T01:02:45,200485 €,192,4,5,False,,"Studio au calme de 192 m² situé à Marseille. Proche de toutes commodités, transports et écoles. À visiter sans tarder.",True,True,Ahmed Dubois,,,,,,True,,,,,,,,,
197a9abc-09d9-4bd7-ad2c-abf1ad2fc1a7,AN-HGKF9YV5,REC-R8HA1NA2,Studio,Studio atypique à Marseille,Marseille,13000,1731041085,135500,,8,5,,,"Studio lumineux de 94 m² situé à Marseille. Proche de toutes commodités, transports et écoles. À visiter sans tarder.",True,True,Julie Faure,,,,,,,94,1869,126 allée des Platanes,43.337853,5.409099,,,,
1b6aa579-ab37-4f8a-953e-f5576f2fd297,AN-MN6EJBH0,REC-R8HA1NA2,Studio,Studio lumineux à Marseille,Marseille,13000,2025-11-23T00:40:45,160624 €,109,6,,False,,"Studio spacieux de 109 m² situé à Marseille. Cave et parking inclus. Proche de toutes commodités, transports et écoles. À visiter sans tarder.",True,True,,0200242660,contact3@example.com,,True,Century Habitat,,,,,,,,,,
5ec3d196-bcff-4c74-8b6e-367caad4e12d,AN-7YQ221K7,REC-R8HA1NA2,Studio,Studio de standing à Marseille,Marseille,13000,2024-09-09,208038,194,1,,,,"Studio lumineux de 194 m² situé à Marseille. Proche de toutes commodités, transports et écoles. À visiter sans tarder.",True,True,,0840830274,,,False,,,,,115 place de la Mairie,,,,,,
f98d1454-cd0a-4979-9fe8-414836e77f76,AN-4LA4N8XT,REC-R8HA1NA2,Studio,Studio charmant à Marseille,Marseille,13000,2025-10-20T07:30:45,202263 €,157,2,,False,,"Studio de standing de 157 m² situé à Marseille. Proche de toutes commodités, transports et écoles. À visiter sans tarder.",True,,Jean Moreau,0908181396,jean.moreau55@example.com,,True,,,,,,43.269153,5.363969,,,,
97866484-29c9-4653-8ab6-97c1b12ca8fc,AN-F52MUVSR,REC-R8HA1NA2,Studio,Studio au calme à Marseille,Marseille,13000,13 août 2026,190228,189,,3,,F,,True,True,,0753123099,contact99@example.com,https://exemple-images.test/AN-F52MUVSR/1.jpg; https://exemple-images.test/AN-F52MUVSR/2.jpg; https://exemple-images.test/AN-F52MUVSR/3.jpg; https://exemple-images.test/AN-F52MUVSR/4.jpg,True,,,,,,,,,,,
f4148bbb-183d-400d-b263-020dd96dfa6b,AN-S01UPO6U,REC-R8HA1NA2,Studio,Studio de standing à Marseille,Marseille,13000,2026-06-26T23:30:45,162677 €,203,3,1,True,,,,True,,0452896199,,,,,,,,20 boulevard Gambetta,,,0,,,
82fbc5bf-e800-4f9f-9169-ecb4f52ecb35,AN-VY0RVRSI,REC-R8HA1NA2,Studio,Studio en excellent état à Marseille,Marseille,13000,21 mars 2025,157285,,3,,False,,"Studio avec vue dégagée de 180 m² situé à Marseille. Proche de toutes commodités, transports et écoles. À visiter sans tarder.",,,Karim Perrin,0670328858,,,False,,,180,,,43.260394,5.39177,0,,,
0d2389e4-4bfe-4043-9a3b-362af4e64fef,AN-SQZMS2Q1,REC-R8HA1NA2,Studio,Studio rénové à Marseille,Marseille,13000,1733832585,174485,,,4,False,,"Studio atypique de 95 m² situé à Marseille. Proche de toutes commodités, transports et écoles. À visiter sans tarder. Travaux à prévoir.",True,True,Jean Faure,0069642559,jean.faure7@example.com,,,Provence Immobilier,True,95,,121 rue Jean Jaurès,43.270393,5.346861,,,,
68bd3dba-6a20-4e11-b8e6-42a01d79cb59,AN-3JMHZLOO,REC-R8HA1NA2,Studio,Studio avec vue dégagée à Marseille,Marseille,13000,23 juillet 2025,168311 €,131,4,3,,D,"Studio rénové de 131 m² situé à Marseille. Proche de toutes commodités, transports et écoles. À visiter sans tarder. Travaux à prévoir.",,True,Sophie Bernard,0854146719,,,False,Toit & Vous,,,1865,129 rue Pasteur,43.299707,5.336548,1,,,
1a081b70-dc84-4b1b-97c9-5ab1b81c4bad,AN-KNI91S8E,REC-R8HA1NA2,Studio,Studio atypique à Marseille,Marseille,13000,08-31-2025,182691,223,2,,,,"Studio atypique de 223 m² situé à Marseille. Cave et parking inclus. Proche de toutes commodités, transports et écoles. À visiter sans tarder.",True,True,Jean Perrin,0475355991,,,,,True,,,,43.280663,5.327736,,,,
3fb38ad8-c372-4be8-9648-c81abc11269a,AN-K8YKP6SP,REC-R8HA1NA2,Studio,Studio spacieux à Marseille,Marseille,13000,2024-11-09,141145,121,3,,False,E,"Studio spacieux de 121 m² situé à Marseille. Cave et parking inclus. Proche de toutes commodités, transports et écoles. À visiter sans tarder.",True,True,Nadia Faure,,nadia.faure96@example.com,https://exemple-images.test/AN-K8YKP6SP/1.jpg; https://exemple-images.test/AN-K8YKP6SP/2.jpg,True,,,,,197 rue Victor Hugo,,,1,,,
d4bcf012-4747-472e-aada-87531c304643,AN-W54OBJ5S,REC-R8HA1NA2,Studio,Studio de standing à Marseille,Marseille,13000,2026-08-05,172494,,7,4,,,,True,,Julie Lefevre,,,,,,True,214,,39 impasse des Lilas,,,RDC,,,
d5d4ac27-6d0b-4bb4-b5b6-092f12d9619a,AN-HTK8XTWZ,REC-R8HA1NA2,Studio,Studio rénové à Marseille,Marseille,13000,2025-04-10T16:32:45,134268,105,5,0,,,"Studio de standing de 105 m² situé à Marseille. Cave et parking inclus. Proche de toutes commodités, transports et écoles. À visiter sans tarder.",True,True,,0024645631,contact39@example.com,,,,,,,,43.324578,5.347618,,,,
be926a20-a338-417a-8ca8-c5f9eb195a2e,AN-MR81CBOY,REC-R8HA1NA2,Studio,Studio atypique à Marseille,Marseille,13000,12-17-2024,215119,163,3,4,,,"Studio spacieux de 163 m² situé à Marseille. Cave et parking inclus. Proche de toutes commodités, transports et écoles. À visiter sans tarder.",True,True,Marie Roche,0006874342,marie.roche20@example.com,https://exemple-images.test/AN-MR81CBOY/1.jpg; https://exemple-images.test/AN-MR81CBOY/2.jpg; https://exemple-images.test/AN-MR81CBOY/3.jpg; https://exemple-images.test/AN-MR81CBOY/4.jpg,True,Nid Doré,,,,101 rue Jean Jaurès,43.248962,5.418445,,,,
1710684b-c806-43b8-bb81-75e8875e7e23,AN-OOFX812I,REC-R8HA1NA2,Studio,Studio spacieux à Marseille,Marseille,13000,1776776985,144790,126,6,2,True,G,"Studio en excellent état de 126 m² situé à Marseille. Proche de toutes commodités, transports et écoles. À visiter sans tarder.",True,True,Claire Lefevre,0224547363,,https://exemple-images.test/AN-OOFX812I/1.jpg; https://exemple-images.test/AN-OOFX812I/2.jpg; https://exemple-images.test/AN-OOFX812I/3.jpg; https://exemple-images.test/AN-OOFX812I/4.jpg; https://exemple-images.test/AN-OOFX812I/5.jpg,False,ImmoPlus,,,1909,,43.288308,5.363244,,,,
06f7d9e2-c765-49bd-b266-adad90ae8df1,AN-UVZRO54Q,REC-R8HA1NA2,Studio,Studio au calme à Marseille,Marseille,13000,09-08-2024,178853,,1,,,,"Studio avec vue dégagée de 226 m² situé à Marseille. Cave et parking inclus. Proche de toutes commodités, transports et écoles. À visiter sans tarder.",True,True,Luc Girard,,luc.girard13@example.com,https://exemple-images.test/AN-UVZRO54Q/1.jpg; https://exemple-images.test/AN-UVZRO54Q/2.jpg; https://exemple-images.test/AN-UVZRO54Q/3.jpg; https://exemple-images.test/AN-UVZRO54Q/4.jpg; https://exemple-images.test/AN-UVZRO54Q/5.jpg,,,True,226,,142 place de la Mairie,43.273726,5.371883,,,,
cd79a179-a60d-4440-ab69-72b971d25138,AN-XY5U0WQ7,REC-R8HA1NA2,Studio,Studio spacieux à Marseille,Marseille,13000,1774111185,213246,154,1,0,,,"Studio spacieux de 154 m² situé à Marseille. Proche de toutes commodités, transports et écoles. À visiter sans tarder.",True,True,Marie Girard,0756809540,,,,Provence Immobilier,,,,133 place de la Mairie,43.292143,5.332447,3,,,
c908b78d-0f44-4b38-80c0-b21c48739b6b,AN-DSHY4C70,REC-R8HA1NA2,Studio,Studio rénové à Marseille,Marseille,13000,05-24-2026,154717,193,5,,,,"Studio atypique de 193 m² situé à Marseille. Proche de toutes commodités, transports et écoles. À visiter sans tarder. Travaux à prévoir.",True,True,Julie Fontaine,0596610732,julie.fontaine96@example.com,,True,Nid Doré,,,,,,,,,,
a7f1a8e7-2edc-445f-91cd-cad8a1ae9769,AN-ZXEW53ZC,REC-R8HA1NA2,Studio,Studio rénové à Marseille,Marseille,13000,2024-09-02,209349 €,135,,2,,,"Studio atypique de 135 m² situé à Marseille. Proche de toutes commodités, transports et écoles. À visiter sans tarder.",,True,Nadia Bernard,0488030616,nadia.bernard94@example.com,https://exemple-images.test/AN-ZXEW53ZC/1.jpg; https://exemple-images.test/AN-ZXEW53ZC/2.jpg; https://exemple-images.test/AN-ZXEW53ZC/3.jpg,,,,,,181 quai de la Loire,43.261779,5.341462,,,,
10508ddd-4647-4f03-ab1b-afaa651b5d2e,AN-2W1TZBDO,REC-R8HA1NA2,Studio,Studio lumineux à Marseille,Marseille,13000,02-18-2025,160041 €,112,3,2,False,,"Studio atypique de 112 m² situé à Marseille. Cave et parking inclus. Proche de toutes commodités, transports et écoles. À visiter sans tarder.",True,True,Nadia Lefevre,,,https://exemple-images.test/AN-2W1TZBDO/1.jpg; https://exemple-images.test/AN-2W1TZBDO/2.jpg; https://exemple-images.test/AN-2W1TZBDO/3.jpg,False,Clé en Main Immo,,,,155 rue de la République,43.298725,5.32965,2,,,
91e6efb2-ebbb-40fa-9348-50f953c84727,AN-A1DUVS8R,REC-R8HA1NA2,Studio,Studio rénové à Marseille,Marseille,13000,11 juin 2026,167426,233,7,1,,B,"Studio de standing de 233 m² situé à Marseille. Cave et parking inclus. Proche de toutes commodités, transports et écoles. À visiter sans tarder.",True,True,,0742214089,,,False,,,,1906,55 place de la Mairie,,,,,,
08ca64f6-0ba8-49f8-944a-1421ca8aeb46,AN-JLOYX8RN,REC-R8HA1NA2,Studio,Studio rénové à Marseille,Marseille,13000,19/06/2025,189901,190,4,,False,G,"Studio à rafraîchir de 190 m² situé à Marseille. Proche de toutes commodités, transports et écoles. À visiter sans tarder.",True,True,Sophie Fontaine,,sophie.fontaine97@example.com,,,ImmoPlus,True,,1851,,43.266054,5.399326,,85.58,,
0211241a-e4d0-4fdd-88df-e97f6f3ae048,AN-Y62XQ53U,REC-R8HA1NA2,Studio,Studio spacieux à Marseille,Marseille,13000,2025-01-03T20:44:45,111728 €,123,6,,False,,"Studio avec vue dégagée de 123 m² situé à Marseille. Proche de toutes commodités, transports et écoles. À visiter sans tarder. Travaux à prévoir.",True,True,,0713832199,,,,,True,,,,43.334263,5.395229,,,,
2c6ed5a7-18d3-4c90-a9c7-33d558e32298,AN-36WAYMSU,REC-R8HA1NA2,Studio,Studio charmant à Marseille,Marseille,13000,09/11/2025,146622 €,196,3,,True,G,"Studio rénové de 196 m² situé à Marseille. Proche de toutes commodités, transports et écoles. À visiter sans tarder.",True,True,Marc Girard,0156019499,marc.girard89@example.com,,False,ImmoPlus,,,,,,,0,359.67,,
fd479f12-70d3-47d0-ac4d-45fa15445cb6,AN-AKQRL2KA,REC-R8HA1NA2,Studio,Studio au calme à Marseille,Marseille,13000,10 novembre 2024,140708,,,1,,D,"Studio rénové de 88 m² situé à Marseille. Proche de toutes commodités, transports et écoles. À visiter sans tarder.",True,True,,0581430627,contact20@example.com,,False,,,88,1869,,43.297995,5.380272,,,,
84606037-79e0-4a53-a418-5a502ebf7551,AN-Q3IQJOMV,REC-R8HA1NA2,Studio,Studio atypique à Marseille,Marseille,13000,1737673425,124159 €,156,6,4,,,"Studio atypique de 156 m² situé à Marseille. Cave et parking inclus. Proche de toutes commodités, transports et écoles. À visiter sans tarder.",True,True,,,,,,Provence Immobilier,True,,,85 boulevard Gambetta,43.33375,5.352025,3,,,
ea891a4e-5112-4012-8698-ede5c9e456c1,AN-VXBS7DLE,REC-R8HA1NA2,Studio,Studio spacieux à Marseille,Marseille,13000,1738555785,120290 €,168,7,,,,"Studio charmant de 168 m² situé à Marseille. Proche de toutes commodités, transports et écoles. À visiter sans tarder.",True,True,Karim Bernard,0901023168,,,,Provence Immobilier,,,,31 allée des Platanes,43.263356,5.404048,,209.86,,
f9333789-8303-4549-97c6-698a73c8eb61,AN-XX67LAQB,REC-R8HA1NA2,Studio,Studio charmant à Marseille,Marseille,13000,26/08/2024,204076,132,4,,False,,"Studio charmant de 132 m² situé à Marseille. Proche de toutes commodités, transports et écoles. À visiter sans tarder.",True,,,,,,False,Toit & Vous,,,2003,,,,,,,
7ee993a7-b563-4380-ac3b-a3c10f327f25,AN-ZGXOF3RC,REC-R8HA1NA2,Studio,Studio rénové à Marseille,Marseille,13000,2 avril 2026,134578 €,100,,,,F,,True,True,Ahmed Martin,0811896517,,,,ImmoPlus,,,,7 rue Pasteur,,,RDC,,,
ef4be8e9-c736-4a4e-bfb4-460363e4c182,AN-7MOPLW57,REC-R8HA1NA2,Studio,Studio spacieux à Marseille,Marseille,13000,1753919025,213007,104,3,,False,,,True,True,,0532396260,contact36@example.com,,,,,,2009,33 rue Pasteur,43.296176,5.385829,,,,
7cdce22c-bce8-4726-863c-ce17684ad83d,AN-J24RWPG2,REC-R8HA1NA2,Studio,Studio au calme à Marseille,Marseille,13000,2026-02-14T06:16:45,192524,,6,,,F,"Studio lumineux de 125 m² situé à Marseille. Cave et parking inclus. Proche de toutes commodités, transports et écoles. À visiter sans tarder.",True,True,Jean Moreau,0482472128,,,,Century Habitat,,125,,,,,0,,,
896aad6f-141e-448c-a249-a002bf35c5f2,AN-YY4VX9VB,REC-R8HA1NA2,Studio,Studio charmant à Marseille,Marseille,13000,13/09/2024,191727,170,2,2,,,"Studio de standing de 170 m² situé à Marseille. Cave et parking inclus. Proche de toutes commodités, transports et écoles. À visiter sans tarder. Travaux à prévoir.",True,True,Ahmed Fontaine,0696431455,ahmed.fontaine59@example.com,,,,,,,63 rue Pasteur,,,,,,
061ecf5b-8dbf-400c-a5a4-fbf7b6fb66fb,AN-XHEVNV7T,REC-R8HA1NA2,Studio,Studio charmant à Marseille,Marseille,13000,2026-01-19T03:03:45,195358,115,8,0,,,,True,True,Marie Lefevre,0917644000,marie.lefevre21@example.com,https://exemple-images.test/AN-XHEVNV7T/1.jpg,True,,,,2000,24 quai de la Loire,,,,,,
26215e8f-e5cc-4ae3-b13e-ef110b9a420b,AN-BW198PX0,REC-R8HA1NA2,Studio,Studio de standing à Marseille,Marseille,13000,2025-06-19,198042 €,232,2,4,,A,,True,,,0096158661,contact7@example.com,https://exemple-images.test/AN-BW198PX0/1.jpg,,ImmoPlus,True,,,,,,dernier étage,,,
5edd9859-6d33-4bf5-bbca-c8f5e79ae86a,AN-MYTAW9LV,REC-R8HA1NA2,Studio,Studio atypique à Marseille,Marseille,13000,2025-04-25T01:59:45,126757,197,,,,,,True,True,,0133068726,contact76@example.com,https://exemple-images.test/AN-MYTAW9LV/1.jpg; https://exemple-images.test/AN-MYTAW9LV/2.jpg; https://exemple-images.test/AN-MYTAW9LV/3.jpg; https://exemple-images.test/AN-MYTAW9LV/4.jpg; https://exemple-images.test/AN-MYTAW9LV/5.jpg,,Century Habitat,True,,,,,,,,,
091f1489-2670-4746-b0dc-ace87ad36801,AN-HEUU0TIV,REC-R8HA1NA2,Studio,Studio de standing à Marseille,Marseille,13000,2024-09-07,193792 €,129,,,,,"Studio à rafraîchir de 129 m² situé à Marseille. Proche de toutes commodités, transports et écoles. À visiter sans tarder. Travaux à prévoir.",True,True,,0647500534,contact60@example.com,https://exemple-images.test/AN-HEUU0TIV/1.jpg; https://exemple-images.test/AN-HEUU0TIV/2.jpg,,,,,,78 rue de la République,43.260307,5.362472,,,,
00cf66d8-b538-4a38-88ed-348195da9ba9,AN-AFPZ5FYG,REC-R8HA1NA2,Studio,Studio de standing à Marseille,Marseille,13000,2025-07-30T13:14:45,207176,130,,2,True,,"Studio atypique de 130 m² situé à Marseille. Proche de toutes commodités, transports et écoles. À visiter sans tarder. Travaux à prévoir.",True,True,,0877394788,,https://exemple-images.test/AN-AFPZ5FYG/1.jpg,,,,,1964,,,,1,,,
0d7e1d29-38d2-428e-9305-a2c8a8d33adb,AN-XC5Z83Q6,REC-R8HA1NA2,Studio,Studio atypique à Marseille,Marseille,13000,07-13-2026,176833,204,8,5,,E,"Studio charmant de 204 m² situé à Marseille. Proche de toutes commodités, transports et écoles. À visiter sans tarder.",True,True,,,,,,,,,,,,,,,,
aca65a2c-187c-41cc-997c-6d0fac6e6e2c,AN-XZ6VWKC9,REC-R8HA1NA2,Studio,Studio à rafraîchir à Marseille,Marseille,13000,2025-01-21T13:31:45,152647,125,1,3,,D,"Studio charmant de 125 m² situé à Marseille. Proche de toutes commodités, transports et écoles. À visiter sans tarder.",True,True,Claire Dubois,0475749574,,https://exemple-images.test/AN-XZ6VWKC9/1.jpg; https://exemple-images.test/AN-XZ6VWKC9/2.jpg; https://exemple-images.test/AN-XZ6VWKC9/3.jpg; https://exemple-images.test/AN-XZ6VWKC9/4.jpg; https://exemple-images.test/AN-XZ6VWKC9/5.jpg,,,,,,,43.259459,5.414999,3,,,
2a4810a4-9bce-4398-abbf-4d7f88f31e7b,AN-FP0TTP85,REC-R8HA1NA2,Studio,Studio charmant à Marseille,Marseille,13000,16/12/2024,109685,104,7,,,,"Studio avec vue dégagée de 104 m² situé à Marseille. Proche de toutes commodités, transports et écoles. À visiter sans tarder.",True,True,Luc Moreau,0632720895,luc.moreau70@example.com,https://exemple-images.test/AN-FP0TTP85/1.jpg; https://exemple-images.test/AN-FP0TTP85/2.jpg; https://exemple-images.test/AN-FP0TTP85/3.jpg; https://exemple-images.test/AN-FP0TTP85/4.jpg,,,,,2009,200 rue de la République,,,,,,
4d13c0ea-3fa6-4822-ab53-79c090a9623f,AN-LN4VDCWH,REC-R8HA1NA2,Studio,Studio au calme à Marseille,Marseille,13000,23 mars 2026,113427,,6,2,,C,"Studio charmant de 207 m² situé à Marseille. Proche de toutes commodités, transports et écoles. À visiter sans tarder.",True,True,Ahmed Moreau,,,,True,ImmoPlus,,207,1992,121 boulevard Gambetta,43.280169,5.367501,0,,,
fedff21a-cc4e-4311-b68c-bd7d1f056029,AN-96C91UHL,REC-R8HA1NA2,Studio,Studio à rafraîchir à Marseille,Marseille,13000,13 juin 2026,114405,,4,,,D,,True,True,,0599278641,,,,,,159,,,,,,,,
018540ca-967c-47b6-b61b-0d3e9bdaf8fc,AN-QDP3S4VR,REC-R8HA1NA2,Studio,Studio avec vue dégagée à Marseille,Marseille,13000,07-13-2025,148978,,6,5,,D,"Studio lumineux de 140 m² situé à Marseille. Proche de toutes commodités, transports et écoles. À visiter sans tarder. Travaux à prévoir.",True,True,,0745130253,,,,,,140,1928,,,,,,,
a1d339c8-61ab-4c07-9140-ff89dea15bda,AN-WUAFERP8,REC-R8HA1NA2,Studio,Studio de standing à Marseille,Marseille,13000,2025-01-03T14:54:45,165833,155,4,2,,F,"Studio au calme de 155 m² situé à Marseille. Cave et parking inclus. Proche de toutes commodités, transports et écoles. À visiter sans tarder.",True,,,0297661949,,,False,Nid Doré,,,,,,,,,,
8526031b-51e8-41ee-b259-7042041e185c,AN-7ODKZ8WH,REC-R8HA1NA2,Studio,Studio charmant à Marseille,Marseille,13000,2025-02-08,186309,92,8,,,,"Studio atypique de 92 m² situé à Marseille. Proche de toutes commodités, transports et écoles. À visiter sans tarder.",True,True,,0413472776,,,True,,,,,,43.277291,5.407187,4,,,
887389a2-dede-4f3b-adc8-762f9d1cb324,AN-JXUSHN5I,REC-R8HA1NA2,Studio,Studio à rafraîchir à Marseille,Marseille,13000,12-15-2025,176217,224,3,,,A,"Studio lumineux de 224 m² situé à Marseille. Proche de toutes commodités, transports et écoles. À visiter sans tarder. Travaux à prévoir.",,True,Ahmed Girard,0476246266,,,,Provence Immobilier,,,,76 allée des Platanes,43.28116,5.352552,,225.74,,
ff15bbd9-ea8b-41b3-9214-ed0afd06bab6,AN-TSWI2GTL,REC-R8HA1NA2,Studio,Studio spacieux à Marseille,Marseille,13000,08-13-2025,170851,197,1,1,,B,"Studio atypique de 197 m² situé à Marseille. Cave et parking inclus. Proche de toutes commodités, transports et écoles. À visiter sans tarder.",True,True,Sophie Bernard,,sophie.bernard43@example.com,,,Nid Doré,,,,,,,RDC,,,
e925b042-5a49-4623-aa0c-96aed6a345d9,AN-NVKG6I7L,REC-R8HA1NA2,Studio,Studio charmant à Marseille,Marseille,13000,2025-01-28,189012 €,204,6,4,,,"Studio de standing de 204 m² situé à Marseille. Proche de toutes commodités, transports et écoles. À visiter sans tarder. Travaux à prévoir.",True,True,Julie Dubois,0542652532,julie.dubois28@example.com,,,Clé en Main Immo,,,,,,,,,,
2be3300d-f1cf-4327-ab9b-f4bdacc923f9,AN-WY6D1W8Y,REC-R8HA1NA2,Studio,Studio à rafraîchir à Marseille,Marseille,13000,1768057785,177267 €,229,,,,,"Studio de standing de 229 m² situé à Marseille. Proche de toutes commodités, transports et écoles. À visiter sans tarder. Travaux à prévoir.",True,True,Luc Martin,0197158262,,,True,,,,,134 chemin des Vignes,43.335493,5.416085,4,,,
6ddedf6d-f132-4c6a-9e97-b4d1d8fd02ff,AN-58NLZFE3,REC-R8HA1NA2,Studio,Studio rénové à Marseille,Marseille,13000,1753957305,184776,215,2,,,E,"Studio spacieux de 215 m² situé à Marseille. Proche de toutes commodités, transports et écoles. À visiter sans tarder.",True,,Ahmed Lefevre,0107429461,ahmed.lefevre67@example.com,,True,,,,1934,,43.337048,5.375495,,,,
731710ff-22be-4d26-8dd7-0171e3dc7ade,AN-7WLHWFA0,REC-R8HA1NA2,Studio,Studio atypique à Marseille,Marseille,13000,28 juillet 2025,143758,111,4,2,,,"Studio lumineux de 111 m² situé à Marseille. Proche de toutes commodités, transports et écoles. À visiter sans tarder.",,True,Claire Fontaine,,,https://exemple-images.test/AN-7WLHWFA0/1.jpg; https://exemple-images.test/AN-7WLHWFA0/2.jpg; https://exemple-images.test/AN-7WLHWFA0/3.jpg; https://exemple-images.test/AN-7WLHWFA0/4.jpg; https://exemple-images.test/AN-7WLHWFA0/5.jpg,,Provence Immobilier,,,,37 allée des Platanes,,,RDC,,,
745d60fb-589d-4126-b015-0851163d0526,AN-IQ76W7W3,REC-R8HA1NA2,Studio,Studio au calme à Marseille,Marseille,13000,2025-10-01,117742,188,6,5,True,,"Studio avec vue dégagée de 188 m² situé à Marseille. Proche de toutes commodités, transports et écoles. À visiter sans tarder.",,True,Marie Dubois,0461957007,marie.dubois27@example.com,,,,True,,,151 rue Victor Hugo,43.288033,5.388505,,,,
f59a5746-6ca0-4869-ad9d-1479a9f46dc9,AN-LYV6PVPJ,REC-R8HA1NA2,Studio,Studio spacieux à Marseille,Marseille,13000,9 janvier 2026,168166,125,3,,False,C,"Studio au calme de 125 m² situé à Marseille. Cave et parking inclus. Proche de toutes commodités, transports et écoles. À visiter sans tarder.",True,True,,0791429972,,,,Clé en Main Immo,,,,,,,,,,
1b77e17f-02db-4da0-8b84-900e278c2a09,AN-247YV4VP,REC-R8HA1NA2,Studio,Studio spacieux à Marseille,Marseille,13000,02/12/2024,148869,194,,3,,D,,True,,Karim Faure,0042726577,,https://exemple-images.test/AN-247YV4VP/1.jpg,True,Provence Immobilier,,,1909,10 rue Victor Hugo,,,,,,
46b23f8c-368b-4802-b11e-12fbbc93de95,AN-5QWX7Q81,REC-R8HA1NA2,Studio,Studio en excellent état à Marseille,Marseille,13000,2026-08-15,140910,92,3,0,False,G,"Studio à rafraîchir de 92 m² situé à Marseille. Proche de toutes commodités, transports et écoles. À visiter sans tarder.",True,True,,0455385771,contact68@example.com,,,,,,,139 place de la Mairie,,,2,,,
3e4b0841-c4d2-4b6a-a6f1-f0cd8a1257b1,AN-KOADPZKV,REC-R8HA1NA2,Studio,Studio à rafraîchir à Marseille,Marseille,13000,2025-07-16,109457,119,5,1,False,,"Studio rénové de 119 m² situé à Marseille. Cave et parking inclus. Proche de toutes commodités, transports et écoles. À visiter sans tarder. Travaux à prévoir.",True,True,,0635556587,,,,Provence Immobilier,,,,,43.297206,5.338601,,249.68,,
2723f163-f77f-4110-99e0-d8304e309c9c,AN-PLS0FZAZ,REC-R8HA1NA2,Studio,Studio rénové à Marseille,Marseille,13000,21/10/2025,128364 €,194,4,,,B,"Studio avec vue dégagée de 194 m² situé à Marseille. Proche de toutes commodités, transports et écoles. À visiter sans tarder.",True,True,,,contact26@example.com,,True,,,,1994,86 boulevard Gambetta,,,3,326.43,,
973d596d-91c2-4f06-8389-c8ba4c69e6e7,AN-B7DLDE33,REC-R8HA1NA2,Studio,Studio charmant à Marseille,Marseille,13000,29/06/2025,179677,103,,,,G,,,True,,,contact4@example.com,,,,,,,186 allée des Platanes,,,5,,,
c76dda72-b76a-468b-98c7-661a2a7c89a4,AN-BIKGCSNA,REC-R8HA1NA2,Studio,Studio rénové à Marseille,Marseille,13000,2024-09-15,140874,198,,,,D,"Studio à rafraîchir de 198 m² situé à Marseille. Cave et parking inclus. Proche de toutes commodités, transports et écoles. À visiter sans tarder.",True,True,,0299531916,,,,,True,,,52 chemin des Vignes,43.278818,5.413872,,,,
a7cbc293-d1ea-4afa-a0e0-18749438233e,AN-2ZY1FHGK,REC-R8HA1NA2,Studio,Studio atypique à Marseille,Marseille,13000,20 juin 2025,187359 €,156,4,2,,,"Studio en excellent état de 156 m² situé à Marseille. Cave et parking inclus. Proche de toutes commodités, transports et écoles. À visiter sans tarder.",True,True,Claire Perrin,0912246347,claire.perrin66@example.com,,,Nid Doré,,,,117 impasse des Lilas,43.322724,5.348102,4,199.15,,
282fe49a-9da0-47db-9c20-6e80bd58c010,AN-FJYUS97X,REC-R8HA1NA2,Studio,Studio rénové à Marseille,Marseille,13000,25/05/2025,186730,182,2,,False,C,"Studio à rafraîchir de 182 m² situé à Marseille. Proche de toutes commodités, transports et écoles. À visiter sans tarder.",True,True,Julie Moreau,0437444836,,https://exemple-images.test/AN-FJYUS97X/1.jpg; https://exemple-images.test/AN-FJYUS97X/2.jpg; https://exemple-images.test/AN-FJYUS97X/3.jpg,,,,,,,,,1,,,
b2f23de3-d2f4-434b-938c-279471d1a6a4,AN-BK1R312D,REC-R8HA1NA2,Studio,Studio rénové à Marseille,Marseille,13000,27 décembre 2024,192770,201,7,,,F,"Studio lumineux de 201 m² situé à Marseille. Proche de toutes commodités, transports et écoles. À visiter sans tarder. Travaux à prévoir.",True,,,0454089798,contact89@example.com,,,Provence Immobilier,,,,110 boulevard Gambetta,,,4,,,
31637278-06a5-4765-8860-bd9c69fe6dea,AN-GT7UV2GA,REC-R8HA1NA2,Studio,Studio au calme à Marseille,Marseille,13000,09-14-2024,145460,124,8,5,,,"Studio charmant de 124 m² situé à Marseille. Proche de toutes commodités, transports et écoles. À visiter sans tarder.",,True,Jean Lefevre,,,https://exemple-images.test/AN-GT7UV2GA/1.jpg; https://exemple-images.test/AN-GT7UV2GA/2.jpg; https://exemple-images.test/AN-GT7UV2GA/3.jpg,,Clé en Main Immo,True,,2005,,,,,113.03,,
ccae2a51-d1e0-44fe-a33f-a0356952ef3c,AN-VXP9CIPP,REC-R8HA1NA2,Studio,Studio atypique à Marseille,Marseille,13000,13/06/2025,119923,93,1,,True,C,"Studio à rafraîchir de 93 m² situé à Marseille. Cave et parking inclus. Proche de toutes commodités, transports et écoles. À visiter sans tarder.",,True,Marie Moreau,0980422799,,,False,,,,,69 rue Jean Jaurès,43.301941,5.384813,1,,,
ec1fba6a-4e6f-48d6-8a1e-a9ffe3298391,AN-OTMCMLV2,REC-R8HA1NA2,Studio,Studio spacieux à Marseille,Marseille,13000,01-15-2026,170173,,2,0,,,,True,True,Claire Perrin,0366736740,claire.perrin81@example.com,,,Provence Immobilier,,126,,21 allée des Platanes,,,,,,
39d3b3b9-523f-452d-9a29-1e250e6f0f48,AN-F1LTZHDM,REC-R8HA1NA2,Studio,Studio spacieux à Marseille,Marseille,13000,11-30-2024,147398,,3,,,,"Studio en excellent état de 224 m² situé à Marseille. Proche de toutes commodités, transports et écoles. À visiter sans tarder.",True,True,Marie Roche,0735234495,marie.roche54@example.com,,,Century Habitat,,224,2001,57 rue Victor Hugo,,,,,,
0944f500-60b5-47fa-aa00-1e82c35b5521,AN-4NQNPA7R,REC-R8HA1NA2,Studio,Studio spacieux à Marseille,Marseille,13000,2025-08-01,169561,196,8,,,,,True,True,Nadia Fontaine,0526715060,,https://exemple-images.test/AN-4NQNPA7R/1.jpg; https://exemple-images.test/AN-4NQNPA7R/2.jpg,True,Century Habitat,,,,93 rue Jean Jaurès,,,,,,
bf8a7b10-e1ef-4a5e-bc15-3a907e0f7adc,AN-S1Q39UWM,REC-R8HA1NA2,Studio,Studio lumineux à Marseille,Marseille,13000,12-16-2025,178789,167,5,0,True,B,"Studio rénové de 167 m² situé à Marseille. Proche de toutes commodités, transports et écoles. À visiter sans tarder. Travaux à prévoir.",,True,Nadia Girard,0591423966,,,False,,,,,78 rue Jean Jaurès,,,,275.74,,
2566058f-758e-4ff9-b79a-8a2667972459,AN-FEYKNLV1,REC-R8HA1NA2,Studio,Studio charmant à Marseille,Marseille,13000,2024-10-15T18:25:45,177873,231,3,2,,,"Studio spacieux de 231 m² situé à Marseille. Cave et parking inclus. Proche de toutes commodités, transports et écoles. À visiter sans tarder.",True,True,Nadia Perrin,0937090455,nadia.perrin30@example.com,,False,,,,1977,,,,,,,
786814a8-9182-43ea-b8ec-43e77c30c656,AN-G9ULJYT8,REC-R8HA1NA2,Studio,Studio au calme à Marseille,Marseille,13000,13 juin 2025,121700,179,8,,,,"Studio de standing de 179 m² situé à Marseille. Proche de toutes commodités, transports et écoles. À visiter sans tarder.",True,,,0045000547,,,,,True,,2024,,,,,,,
292673cf-9f11-4e26-983c-8fc4154e015c,AN-D7WPNFTY,REC-R8HA1NA2,Studio,Studio en excellent état à Marseille,Marseille,13000,2025-11-08T21:50:45,133334,234,7,,,,"Studio lumineux de 234 m² situé à Marseille. Cave et parking inclus. Proche de toutes commodités, transports et écoles. À visiter sans tarder.",True,True,Julie Perrin,,,,False,Toit & Vous,,,,,,,,,,
cd7c0f73-8c44-44ed-98fa-75dd2cd285ef,AN-YWI0Q5RT,REC-R8HA1NA2,Studio,Studio spacieux à Marseille,Marseille,13000,2026-01-28T01:35:45,120737 €,231,,1,,A,"Studio rénové de 231 m² situé à Marseille. Cave et parking inclus. Proche de toutes commodités, transports et écoles. À visiter sans tarder.",True,True,Luc Martin,,luc.martin51@example.com,,False,,,,,,,,,,,
72cbc2d8-06e7-4797-9a25-01fecef376e5,AN-I6VSY615,REC-R8HA1NA2,Studio,Studio atypique à Marseille,Marseille,13000,1784271885,111878,139,8,,False,B,"Studio lumineux de 139 m² situé à Marseille. Proche de toutes commodités, transports et écoles. À visiter sans tarder. Travaux à prévoir.",True,True,Nadia Perrin,0565105144,nadia.perrin16@example.com,,True,,,,,,,,,,,
af1b8f01-3795-47d3-b768-ec6e5a4d9f45,AN-POEJ0ISI,REC-R8HA1NA2,Studio,Studio charmant à Marseille,Marseille,13000,18/09/2025,145485,153,5,,,,,True,True,Julie Perrin,0391651181,julie.perrin74@example.com,,True,Clé en Main Immo,,,1948,13 impasse des Lilas,43.256325,5.407606,,,,
5c9b3d8f-7aa5-464f-8064-d4df6e9e910f,AN-V1Y1DTWD,REC-R8HA1NA2,Studio,Studio charmant à Marseille,Marseille,13000,2026-02-05T16:08:45,147729,87,2,,True,,"Studio charmant de 87 m² situé à Marseille. Proche de toutes commodités, transports et écoles. À visiter sans tarder.",True,True,,0504220541,,,,,,,,62 rue Pasteur,43.265856,5.362638,,,,
6d31fc73-19f9-4c18-bff8-8a952ee4ad42,AN-EINSTU52,REC-R8HA1NA2,Studio,Studio avec vue dégagée à Marseille,Marseille,13000,8 avril 2025,128389,157,5,,,G,"Studio spacieux de 157 m² situé à Marseille. Proche de toutes commodités, transports et écoles. À visiter sans tarder.",True,,,0461899520,contact36@example.com,https://exemple-images.test/AN-EINSTU52/1.jpg; https://exemple-images.test/AN-EINSTU52/2.jpg; https://exemple-images.test/AN-EINSTU52/3.jpg; https://exemple-images.test/AN-EINSTU52/4.jpg,,ImmoPlus,True,,1928,,43.251164,5.35817,,338.91,,
da7de9f4-f695-496d-b3b7-9a6e8a135629,AN-QS8PBUKR,REC-R8HA1NA2,Studio,Studio lumineux à Marseille,Marseille,13000,2024-10-09T15:23:45,184339,,4,,,,,True,True,Ahmed Girard,,ahmed.girard91@example.com,,,Clé en Main Immo,,190,,,43.310762,5.364283,,314.66,,
a4732e9d-7f9d-42d6-8cc8-3f43eabc334a,AN-I1SEBH7E,REC-R8HA1NA2,Studio,Studio au calme à Marseille,Marseille,13000,2026-04-27T19:45:45,117661 €,123,,0,,G,"Studio atypique de 123 m² situé à Marseille. Proche de toutes commodités, transports et écoles. À visiter sans tarder.",,,,0961355617,,,False,,,,,,,,,,,
dbd5c69f-4ce3-417a-bbc2-70a2bc22f245,AN-LVVTJYIR,REC-R8HA1NA2,Studio,Studio lumineux à Marseille,Marseille,13000,2025-07-04,207026,,,,,,"Studio rénové de 162 m² situé à Marseille. Proche de toutes commodités, transports et écoles. À visiter sans tarder.",True,True,Marc Girard,,marc.girard41@example.com,,,,True,162,1934,144 impasse des Lilas,43.265895,5.401088,,290.74,,
333886b0-9935-4eba-aa9e-2a014dfbd727,AN-FZ0NNJ6N,REC-R8HA1NA2,Studio,Studio au calme à Marseille,Marseille,13000,2025-03-27T09:06:45,196230,218,6,3,,,,True,True,,,,https://exemple-images.test/AN-FZ0NNJ6N/1.jpg,,Provence Immobilier,,,,116 allée des Platanes,,,,75.28,,
3171bd02-88c7-4353-9245-1b48aa6e2187,AN-VSWTA8NM,REC-R8HA1NA2,Studio,Studio rénové à Marseille,Marseille,13000,10/01/2026,183711,155,5,,,,,True,True,,0457872763,contact45@example.com,,True,,,,,195 place de la Mairie,,,,298.3,,
6a7733f8-eb8b-4149-9f87-813b64613b4a,AN-V5KOEMQ0,REC-R8HA1NA2,Studio,Studio de standing à Marseille,Marseille,13000,2026-07-29,183176,85,1,,True,,"Studio à rafraîchir de 85 m² situé à Marseille. Proche de toutes commodités, transports et écoles. À visiter sans tarder.",True,,Julie Dubois,0051162006,,https://exemple-images.test/AN-V5KOEMQ0/1.jpg; https://exemple-images.test/AN-V5KOEMQ0/2.jpg,False,Provence Immobilier,,,,,,,,,,
2eb264e9-03a0-42e2-90c4-83e0feb34d2e,AN-MJLR9ASX,REC-R8HA1NA2,Studio,Studio à rafraîchir à Marseille,Marseille,13000,1736515125,175720,145,5,4,,,"Studio rénové de 145 m² situé à Marseille. Proche de toutes commodités, transports et écoles. À visiter sans tarder.",True,True,,0114897414,contact95@example.com,,,,,,,178 rue Jean Jaurès,43.33682,5.33863,4,269.08,,
9b6ad2ce-9452-464f-b498-ca700425420f,AN-WLHQVFCZ,REC-R8HA1NA2,Studio,Studio atypique à Marseille,Marseille,13000,08-22-2026,214472,216,,,,,"Studio spacieux de 216 m² situé à Marseille. Proche de toutes commodités, transports et écoles. À visiter sans tarder.",True,True,Julie Faure,,julie.faure95@example.com,,,Clé en Main Immo,,,,,,,3,,,
ff780803-c242-4134-a99e-2053e506f03e,AN-ZVA94NHJ,REC-R8HA1NA2,Studio,Studio au calme à Marseille,Marseille,13000,19 août 2025,217201,,1,,,,"Studio à rafraîchir de 186 m² situé à Marseille. Cave et parking inclus. Proche de toutes commodités, transports et écoles. À visiter sans tarder.",True,True,,,contact15@example.com,,,Toit & Vous,,186,,,43.259107,5.363791,,,,
4e60322b-2eff-452a-bfc1-d951085a4a8e,AN-IJLXSEH5,REC-R8HA1NA2,Studio,Studio rénové à Marseille,Marseille,13000,05-01-2025,185622 €,119,7,5,,,"Studio charmant de 119 m² situé à Marseille. Proche de toutes commodités, transports et écoles. À visiter sans tarder.",True,True,Luc Faure,0645072466,,,,,,,,,,,4,,,
fefcea80-ad6f-46a7-afb2-a733c72dde1a,AN-71NRW783,REC-R8HA1NA2,Studio,Studio spacieux à Marseille,Marseille,13000,2025-05-31T08:47:45,215149 €,139,,0,,,,,True,,,,,False,Clé en Main Immo,,,1950,112 rue du Commerce,43.317392,5.382086,,,,
d76d6db4-df09-4d0b-9ba9-e55dceeb060f,AN-QOY70C6Y,REC-R8HA1NA2,Studio,Studio spacieux à Marseille,Marseille,13000,2026-01-18T08:01:45,207323,195,4,,,,"Studio en excellent état de 195 m² situé à Marseille. Proche de toutes commodités, transports et écoles. À visiter sans tarder. Travaux à prévoir.",True,True,Luc Bernard,0747545177,luc.bernard34@example.com,,,Nid Doré,,,1862,33 place de la Mairie,43.255223,5.362595,RDC,,,
6fada634-9c06-4366-816e-76c4c2f32b9a,AN-OKL9KYZO,REC-R8HA1NA2,Studio,Studio avec vue dégagée à Marseille,Marseille,13000,08-21-2026,157764,157,7,2,,,"Studio en excellent état de 157 m² situé à Marseille. Proche de toutes commodités, transports et écoles. À visiter sans tarder.",True,True,Sophie Girard,,,https://exemple-images.test/AN-OKL9KYZO/1.jpg; https://exemple-images.test/AN-OKL9KYZO/2.jpg; https://exemple-images.test/AN-OKL9KYZO/3.jpg; https://exemple-images.test/AN-OKL9KYZO/4.jpg; https://exemple-images.test/AN-OKL9KYZO/5.jpg,True,,,,,149 chemin des Vignes,43.338557,5.326732,2,,,
2379c7f1-b96a-4b65-8519-e129c7135739,AN-JM8SROEI,REC-R8HA1NA2,Studio,Studio lumineux à Marseille,Marseille,13000,15/01/2026,135583,150,,5,,F,"Studio charmant de 150 m² situé à Marseille. Cave et parking inclus. Proche de toutes commodités, transports et écoles. À visiter sans tarder. Travaux à prévoir.",True,True,,0315366077,,,,Clé en Main Immo,,,,,43.264139,5.374695,,222.56,,
5b59f3fa-099c-42ff-8f25-b677da28a661,AN-MZQYL5LK,REC-R8HA1NA2,Studio,Studio spacieux à Marseille,Marseille,13000,2026-06-17T21:27:45,111410,,5,4,False,,,True,,,,,,,Provence Immobilier,True,115,,,,,,,,
404f480e-0a0d-4478-a91e-6c200acc5176,AN-HS4Z68BT,REC-R8HA1NA2,Studio,Studio lumineux à Marseille,Marseille,13000,1774160145,154431 €,115,1,,,,,True,True,Nadia Martin,0873787945,nadia.martin40@example.com,,,,,,,,43.320097,5.369974,,,,
2b8627d4-e338-4b87-b920-df78b32aef16,AN-H9272AGM,REC-R8HA1NA2,Studio,Studio spacieux à Marseille,Marseille,13000,08-23-2025,132856,177,2,0,,,"Studio de standing de 177 m² situé à Marseille. Proche de toutes commodités, transports et écoles. À visiter sans tarder.",True,True,,0333222503,contact46@example.com,https://exemple-images.test/AN-H9272AGM/1.jpg; https://exemple-images.test/AN-H9272AGM/2.jpg,,,True,,,169 rue de la République,43.316202,5.323387,,,,
90a60ab8-685d-4b6c-bf32-24ba6db61c03,AN-SCLRCF59,REC-R8HA1NA2,Studio,Studio spacieux à Marseille,Marseille,13000,25 novembre 2024,172982,,4,,False,G,"Studio atypique de 173 m² situé à Marseille. Cave et parking inclus. Proche de toutes commodités, transports et écoles. À visiter sans tarder.",True,True,Nadia Dubois,0934186682,nadia.dubois48@example.com,https://exemple-images.test/AN-SCLRCF59/1.jpg,,,,173,,,43.274063,5.370255,4,374.01,,
29234f3a-7cbd-4abe-9714-e7472fdf3b94,AN-6D0IT31L,REC-R8HA1NA2,Studio,Studio spacieux à Marseille,Marseille,13000,2026-05-07,126077,87,5,0,,,"Studio spacieux de 87 m² situé à Marseille. Proche de toutes commodités, transports et écoles. À visiter sans tarder.",True,True,,0149327578,contact96@example.com,https://exemple-images.test/AN-6D0IT31L/1.jpg; https://exemple-images.test/AN-6D0IT31L/2.jpg; https://exemple-images.test/AN-6D0IT31L/3.jpg; https://exemple-images.test/AN-6D0IT31L/4.jpg; https://exemple-images.test/AN-6D0IT31L/5.jpg,,,,,,,43.306341,5.359436,,,,
58d36b91-97d1-4a95-9932-417347b0b437,AN-3RO1JYKA,REC-R8HA1NA2,Studio,Studio au calme à Marseille,Marseille,13000,30 juin 2026,181481 €,124,8,,,,"Studio au calme de 124 m² situé à Marseille. Cave et parking inclus. Proche de toutes commodités, transports et écoles. À visiter sans tarder.",True,True,Karim Faure,0525081382,,,,,True,,,,,,1,,,
71aad71a-42c4-4b0b-a7c3-2c111b979482,AN-MODCK61H,REC-R8HA1NA2,Studio,Studio lumineux à Marseille,Marseille,13000,05-14-2025,204222,93,7,,,G,"Studio en excellent état de 93 m² situé à Marseille. Proche de toutes commodités, transports et écoles. À visiter sans tarder. Travaux à prévoir.",True,True,Marie Fontaine,,marie.fontaine70@example.com,,False,ImmoPlus,,,,,,,0,,,
e848b280-c113-4ecd-986c-f31ac433b2ec,AN-U55HCECZ,REC-R8HA1NA2,Studio,Studio au calme à Marseille,Marseille,13000,13/10/2025,160007 €,102,,,True,B,"Studio charmant de 102 m² situé à Marseille. Proche de toutes commodités, transports et écoles. À visiter sans tarder.",True,True,Marie Roche,0612015315,marie.roche43@example.com,,True,Nid Doré,,,,148 allée des Platanes,,,,207.11,,
284ec72a-eba2-47f2-aa39-7307f309aa7b,AN-F5LETR82,REC-R8HA1NA2,Studio,Studio atypique à Marseille,Marseille,13000,2024-12-23T09:53:45,214121,,3,2,False,C,"Studio spacieux de 214 m² situé à Marseille. Proche de toutes commodités, transports et écoles. À visiter sans tarder. Travaux à prévoir.",True,True,Marc Lefevre,0177159795,,https://exemple-images.test/AN-F5LETR82/1.jpg; https://exemple-images.test/AN-F5LETR82/2.jpg,,,,214,,33 rue de la République,43.306267,5.407376,0,379.98,,
b9789dcc-f3c0-40e1-9f07-060f95533bca,AN-CU5RC32C,REC-R8HA1NA2,Studio,Studio rénové à Marseille,Marseille,13000,11-28-2025,111549,107,,,,,,True,True,Marie Perrin,,marie.perrin59@example.com,,,,,,,197 rue Jean Jaurès,,,5,,,
1f057286-bc20-4286-8028-af1684230a16,AN-G70IUQ2Y,REC-R8HA1NA2,Studio,Studio rénové à Marseille,Marseille,13000,2025-10-17T19:28:45,212086,169,,4,,,"Studio au calme de 169 m² situé à Marseille. Proche de toutes commodités, transports et écoles. À visiter sans tarder.",,,Julie Dubois,,julie.dubois40@example.com,,,Toit & Vous,True,,,17 place de la Mairie,,,RDC,220.23,,
7752a072-f4f5-4ded-911c-0c7968a341ab,AN-1LM0GCVE,REC-R8HA1NA2,Studio,Studio à rafraîchir à Marseille,Marseille,13000,2026-06-01T22:23:45,209856,,1,,True,,"Studio rénové de 148 m² situé à Marseille. Proche de toutes commodités, transports et écoles. À visiter sans tarder. Travaux à prévoir.",,True,Marie Perrin,,marie.perrin70@example.com,,,Clé en Main Immo,,148,2013,50 rue de la République,,,,,,
986c70e3-542f-4d6b-bcb3-9cf4156f547a,AN-5TZ8KRXF,REC-R8HA1NA2,Studio,Studio de standing à Marseille,Marseille,13000,28 octobre 2025,184453,149,7,,,A,,True,True,Jean Perrin,,,https://exemple-images.test/AN-5TZ8KRXF/1.jpg; https://exemple-images.test/AN-5TZ8KRXF/2.jpg,,Clé en Main Immo,True,,,106 place de la Mairie,43.338889,5.334308,RDC,,,
c1b4e707-46be-4bbf-adcc-36ac564dc744,AN-RZ2X5N6M,REC-R8HA1NA2,Studio,Studio à rafraîchir à Marseille,Marseille,13000,09-08-2024,108915,205,1,,False,F,,True,True,Claire Fontaine,0425537792,claire.fontaine61@example.com,https://exemple-images.test/AN-RZ2X5N6M/1.jpg,False,,,,1866,57 avenue des Champs,,,,,,
b5032f1c-a39f-454a-ad1d-b3b3d3441fe6,AN-HTNHENVO,REC-R8HA1NA2,Studio,Studio atypique à Marseille,Marseille,13000,2026-04-15T06:41:45,211672,221,,3,True,,,,True,,0251408135,contact52@example.com,https://exemple-images.test/AN-HTNHENVO/1.jpg; https://exemple-images.test/AN-HTNHENVO/2.jpg; https://exemple-images.test/AN-HTNHENVO/3.jpg; https://exemple-images.test/AN-HTNHENVO/4.jpg; https://exemple-images.test/AN-HTNHENVO/5.jpg,,,,,,12 rue de la République,43.333602,5.347844,4,,,
9a506e50-bce2-4d51-9067-ad7f4f5ac374,AN-917CVD5B,REC-R8HA1NA2,Studio,Studio en excellent état à Marseille,Marseille,13000,1756770345,199400,170,7,,False,B,"Studio atypique de 170 m² situé à Marseille. Proche de toutes commodités, transports et écoles. À visiter sans tarder.",True,True,,0181141638,contact77@example.com,,,Toit & Vous,,,1973,105 rue du Commerce,,,,,,
ec06b5fc-7767-43e4-b49a-303986f02b00,AN-NECRU20J,REC-R8HA1NA2,Studio,Studio à rafraîchir à Marseille,Marseille,13000,03-10-2025,146691,128,,2,,D,"Studio en excellent état de 128 m² situé à Marseille. Proche de toutes commodités, transports et écoles. À visiter sans tarder.",True,,,,contact93@example.com,,,,,,,,43.334281,5.350516,,,,
d9b566f0-5136-486d-a8e2-95804e507533,AN-KLLFH4IS,REC-R8HA1NA2,Studio,Studio en excellent état à Marseille,Marseille,13000,10/11/2024,164147,170,3,2,,,"Studio avec vue dégagée de 170 m² situé à Marseille. Proche de toutes commodités, transports et écoles. À visiter sans tarder. Travaux à prévoir.",,True,,0071129989,contact91@example.com,,True,Provence Immobilier,,,,171 rue de la République,43.305534,5.323145,1,,,
9420acf1-3f94-4df4-a340-400c4cf66dd6,AN-Y7S100X2,REC-R8HA1NA2,Studio,Studio avec vue dégagée à Marseille,Marseille,13000,03-20-2025,155337,103,8,,,G,,,True,Luc Perrin,0970455199,,https://exemple-images.test/AN-Y7S100X2/1.jpg; https://exemple-images.test/AN-Y7S100X2/2.jpg; https://exemple-images.test/AN-Y7S100X2/3.jpg; https://exemple-images.test/AN-Y7S100X2/4.jpg; https://exemple-images.test/AN-Y7S100X2/5.jpg,False,,,,,,43.265134,5.340503,3,,,
44eb9f04-f379-4ddc-a4d6-be7ff2819d4f,AN-JQSMTN30,REC-R8HA1NA2,Studio,Studio au calme à Marseille,Marseille,13000,2026-01-12T00:29:45,157256,202,4,5,False,,"Studio lumineux de 202 m² situé à Marseille. Proche de toutes commodités, transports et écoles. À visiter sans tarder. Travaux à prévoir.",True,True,,0228735406,contact59@example.com,,,,,,1894,46 quai de la Loire,43.277376,5.409966,,,,
3cff0910-635b-46d7-80ad-16e5621653aa,AN-MBV5F08Y,REC-R8HA1NA2,Studio,Studio en excellent état à Marseille,Marseille,13000,2025-03-08T15:51:45,124844,87,2,,,C,"Studio lumineux de 87 m² situé à Marseille. Proche de toutes commodités, transports et écoles. À visiter sans tarder.",,True,Marie Girard,0787165737,,,,ImmoPlus,,,,101 place de la Mairie,,,4,100.33,,
32d5bf27-f03c-4ee0-bbb3-36bdf2ebae19,AN-CGFQVVUY,REC-R8HA1NA2,Studio,Studio en excellent état à Marseille,Marseille,13000,2026-04-03,140644,124,,,True,E,"Studio atypique de 124 m² situé à Marseille. Proche de toutes commodités, transports et écoles. À visiter sans tarder.",,True,Claire Martin,0758975395,,,,Clé en Main Immo,,,,,,,0,,,
f68f0c38-7d95-468c-bec4-b39254f9c3bd,AN-NE0PWV0X,REC-R8HA1NA2,Studio,Studio de standing à Marseille,Marseille,13000,1777023345,139085,163,3,,,,"Studio au calme de 163 m² situé à Marseille. Proche de toutes commodités, transports et écoles. À visiter sans tarder.",,True,Marie Martin,0253883887,,https://exemple-images.test/AN-NE0PWV0X/1.jpg; https://exemple-images.test/AN-NE0PWV0X/2.jpg,,Toit & Vous,,,1947,161 chemin des Vignes,43.294462,5.346099,0,,,
2354af41-2ff7-4d33-ae04-efe6437a0525,AN-VNPFQX2S,REC-R8HA1NA2,Studio,Studio de standing à Marseille,Marseille,13000,2026-04-04T11:40:45,124776,160,2,,,B,,True,,Marc Bernard,0878107411,marc.bernard85@example.com,https://exemple-images.test/AN-VNPFQX2S/1.jpg; https://exemple-images.test/AN-VNPFQX2S/2.jpg,False,,,,,106 rue Pasteur,43.340992,5.342969,,,,
4459b4fb-00e8-4f85-a78a-ca8bbda7d356,AN-HY95DHSZ,REC-R8HA1NA2,Studio,Studio charmant à Marseille,Marseille,13000,3 juillet 2026,143190,233,8,,False,C,"Studio avec vue dégagée de 233 m² situé à Marseille. Cave et parking inclus. Proche de toutes commodités, transports et écoles. À visiter sans tarder.",True,True,Marc Faure,,,,True,ImmoPlus,,,2008,,43.296311,5.325161,5,,,
fbda3f32-8312-4a04-b15d-88e56bceb103,AN-MSTF0GSA,REC-R8HA1NA2,Studio,Studio lumineux à Marseille,Marseille,13000,20 février 2025,178258,170,4,,,,"Studio avec vue dégagée de 170 m² situé à Marseille. Cave et parking inclus. Proche de toutes commodités, transports et écoles. À visiter sans tarder.",True,True,Luc Moreau,0096828544,luc.moreau24@example.com,https://exemple-images.test/AN-MSTF0GSA/1.jpg; https://exemple-images.test/AN-MSTF0GSA/2.jpg; https://exemple-images.test/AN-MSTF0GSA/3.jpg; https://exemple-images.test/AN-MSTF0GSA/4.jpg; https://exemple-images.test/AN-MSTF0GSA/5.jpg,,,,,,163 rue Jean Jaurès,43.315244,5.385947,,,,
1e7a4e93-d24c-4ef3-a016-012fb47a9ddb,AN-KKY3M63R,REC-R8HA1NA2,Studio,Studio avec vue dégagée à Marseille,Marseille,13000,2026-03-13T06:54:45,199861,227,7,5,,,"Studio rénové de 227 m² situé à Marseille. Proche de toutes commodités, transports et écoles. À visiter sans tarder. Travaux à prévoir.",True,True,,0878339274,contact77@example.com,https://exemple-images.test/AN-KKY3M63R/1.jpg; https://exemple-images.test/AN-KKY3M63R/2.jpg,True,Nid Doré,,,,,43.339733,5.396145,,,,
414cda89-5bc2-44e5-abad-62ba38599bf3,AN-PZ4BRZPF,REC-R8HA1NA2,Studio,Studio charmant à Marseille,Marseille,13000,2024-11-14,171672,159,1,3,False,,"Studio avec vue dégagée de 159 m² situé à Marseille. Cave et parking inclus. Proche de toutes commodités, transports et écoles. À visiter sans tarder.",True,True,Claire Martin,0538914441,,,,Toit & Vous,,,,,43.298938,5.350977,,361.98,,
2c79da20-97fb-40b5-b06f-316495c34ffd,AN-2VVXF82C,REC-R8HA1NA2,Studio,Studio spacieux à Marseille,Marseille,13000,1778110065,146506 €,219,8,,,,"Studio avec vue dégagée de 219 m² situé à Marseille. Cave et parking inclus. Proche de toutes commodités, transports et écoles. À visiter sans tarder.",True,True,Karim Moreau,0510177016,,,True,ImmoPlus,,,,,43.297132,5.359179,,,,
da19d714-9753-43f5-908a-2a813c67bab2,AN-6O3SWNZO,REC-R8HA1NA2,Studio,Studio avec vue dégagée à Marseille,Marseille,13000,2024-09-04,167208,212,2,3,,,"Studio rénové de 212 m² situé à Marseille. Proche de toutes commodités, transports et écoles. À visiter sans tarder.",True,True,,0353895032,contact5@example.com,,True,Nid Doré,,,1966,185 place de la Mairie,43.28785,5.358579,5,,,
08f3cca1-00df-45bf-989a-041c55770953,AN-WUK1X1A1,REC-R8HA1NA2,Studio,Studio charmant à Marseille,Marseille,13000,2025-03-17,165608,151,5,,,,,True,True,Karim Bernard,0381336306,,https://exemple-images.test/AN-WUK1X1A1/1.jpg; https://exemple-images.test/AN-WUK1X1A1/2.jpg; https://exemple-images.test/AN-WUK1X1A1/3.jpg,,Clé en Main Immo,,,,131 rue du Commerce,43.342506,5.369655,,,,
84f27906-87e3-4b9a-9d07-ce5591118258,AN-RC9X8EBN,REC-R8HA1NA2,Studio,Studio au calme à Marseille,Marseille,13000,14/11/2025,172062,173,7,2,,G,"Studio lumineux de 173 m² situé à Marseille. Cave et parking inclus. Proche de toutes commodités, transports et écoles. À visiter sans tarder.",True,True,,0717217849,,https://exemple-images.test/AN-RC9X8EBN/1.jpg,,,True,,,43 place de la Mairie,,,,,,
2b13ffc7-1789-4abf-80ee-a893465f46e3,AN-UAQMY8T4,REC-R8HA1NA2,Studio,Studio au calme à Marseille,Marseille,13000,2025-12-15,178187,175,,,,,"Studio avec vue dégagée de 175 m² situé à Marseille. Proche de toutes commodités, transports et écoles. À visiter sans tarder.",True,True,Sophie Bernard,0885122146,sophie.bernard4@example.com,,True,,,,,120 quai de la Loire,,,,,,
0d7fa893-6b9a-468e-9756-7fceebd5daec,AN-PB1CZN8Z,REC-R8HA1NA2,Studio,Studio spacieux à Marseille,Marseille,13000,2025-04-22T05:17:45,197866 €,107,1,,,B,,True,True,,,contact74@example.com,https://exemple-images.test/AN-PB1CZN8Z/1.jpg; https://exemple-images.test/AN-PB1CZN8Z/2.jpg; https://exemple-images.test/AN-PB1CZN8Z/3.jpg; https://exemple-images.test/AN-PB1CZN8Z/4.jpg,,ImmoPlus,,,,41 boulevard Gambetta,43.268575,5.395252,,,,
4d2ec1d3-0725-4ff4-8859-bd2573c063d7,AN-BX2J7Z34,REC-R8HA1NA2,Studio,Studio rénové à Marseille,Marseille,13000,2026-01-02,160786,,2,2,,,"Studio avec vue dégagée de 149 m² situé à Marseille. Cave et parking inclus. Proche de toutes commodités, transports et écoles. À visiter sans tarder.",True,True,,,,,False,,,149,2002,24 chemin des Vignes,,,5,91.3,,
35144342-96b8-4c81-bae9-10c0cfd6debd,AN-YGI5OD7Y,REC-R8HA1NA2,Studio,Studio atypique à Marseille,Marseille,13000,22 juillet 2026,176669,106,,0,,,"Studio spacieux de 106 m² situé à Marseille. Proche de toutes commodités, transports et écoles. À visiter sans tarder.",True,True,,0183229658,contact58@example.com,,,Toit & Vous,,,,110 avenue des Champs,43.249964,5.35704,,263.42,,
0de63fc2-f968-4425-859c-1fc9ad41cefb,AN-OTXS4KH1,REC-R8HA1NA2,Studio,Studio lumineux à Marseille,Marseille,13000,24 juin 2026,124142,129,2,2,,,"Studio charmant de 129 m² situé à Marseille. Proche de toutes commodités, transports et écoles. À visiter sans tarder.",True,True,,,,https://exemple-images.test/AN-OTXS4KH1/1.jpg; https://exemple-images.test/AN-OTXS4KH1/2.jpg; https://exemple-images.test/AN-OTXS4KH1/3.jpg; https://exemple-images.test/AN-OTXS4KH1/4.jpg,True,,,,,138 impasse des Lilas,,,,,,
f3326957-502c-4629-a393-ac635e234594,AN-SHP9PSTQ,REC-R8HA1NA2,Studio,Studio rénové à Marseille,Marseille,13000,08/08/2025,165893,227,5,,,,"Studio de standing de 227 m² situé à Marseille. Proche de toutes commodités, transports et écoles. À visiter sans tarder.",True,True,,0350151615,contact23@example.com,,False,Century Habitat,,,,,,,,,,
a0e8ab19-f536-4c82-ab2b-12c244ba55bf,AN-3W92GYVE,REC-R8HA1NA2,Studio,Studio spacieux à Marseille,Marseille,13000,1732744665,215204,188,6,,,,"Studio charmant de 188 m² situé à Marseille. Proche de toutes commodités, transports et écoles. À visiter sans tarder.",True,True,Sophie Martin,0471823960,,https://exemple-images.test/AN-3W92GYVE/1.jpg,,,,,,163 chemin des Vignes,,,,194.61,,
08cdd923-b920-48ca-848e-5bd2a06542da,AN-1RTA6LXC,REC-R8HA1NA2,Studio,Studio de standing à Marseille,Marseille,13000,04-03-2026,185276,207,6,,True,,"Studio avec vue dégagée de 207 m² situé à Marseille. Cave et parking inclus. Proche de toutes commodités, transports et écoles. À visiter sans tarder.",,True,Marie Dubois,,marie.dubois75@example.com,,True,Clé en Main Immo,,,1914,,43.315293,5.375996,,132.48,,
420fe19b-e63c-49b3-8c53-eb27ac5edba2,AN-E8TMNE30,REC-R8HA1NA2,Studio,Studio en excellent état à Marseille,Marseille,13000,2026-05-31T22:26:45,129524 €,194,2,3,,,"Studio spacieux de 194 m² situé à Marseille. Proche de toutes commodités, transports et écoles. À visiter sans tarder.",True,True,,0064893285,,,,Toit & Vous,,,,,,,,,,
9ff0b65c-13a2-4970-b803-9867133d5bd4,AN-U0R6C40K,REC-R8HA1NA2,Studio,Studio charmant à Marseille,Marseille,13000,2024-09-06,178214,160,,,,,"Studio de standing de 160 m² situé à Marseille. Proche de toutes commodités, transports et écoles. À visiter sans tarder.",True,,,0727381324,,,True,,,,,67 quai de la Loire,43.316033,5.333641,5,,,
383ec6ed-777d-42e0-8b88-330cde1844ab,AN-GIOQ0GLJ,REC-R8HA1NA2,Studio,Studio spacieux à Marseille,Marseille,13000,09/07/2025,178020,234,6,3,,,,True,True,,0975245411,,https://exemple-images.test/AN-GIOQ0GLJ/1.jpg; https://exemple-images.test/AN-GIOQ0GLJ/2.jpg; https://exemple-images.test/AN-GIOQ0GLJ/3.jpg; https://exemple-images.test/AN-GIOQ0GLJ/4.jpg; https://exemple-images.test/AN-GIOQ0GLJ/5.jpg,True,,,,,,,,,,,
04ce5af7-9f44-4896-89ae-cb396e1f28fb,AN-KSC9NI5S,REC-R8HA1NA2,Studio,Studio de standing à Marseille,Marseille,13000,1774953285,192129,227,,,,E,"Studio avec vue dégagée de 227 m² situé à Marseille. Proche de toutes commodités, transports et écoles. À visiter sans tarder.",True,True,Julie Martin,0145040927,julie.martin30@example.com,https://exemple-images.test/AN-KSC9NI5S/1.jpg,True,,,,1968,192 allée des Platanes,43.295382,5.328439,,,,
1939c431-fd2f-4695-a1c8-4178ae55e6c3,AN-4AWBD4T8,REC-R8HA1NA2,Studio,Studio en excellent état à Marseille,Marseille,13000,13 janvier 2026,116429,98,3,0,,,"Studio avec vue dégagée de 98 m² situé à Marseille. Proche de toutes commodités, transports et écoles. À visiter sans tarder.",True,True,,0267683331,,,,,,,,,43.256607,5.391272,1,,,
23d6e2ca-df34-4a25-b5ae-c346badba788,AN-W12VWLQ4,REC-R8HA1NA2,Studio,Studio avec vue dégagée à Marseille,Marseille,13000,07-10-2026,211718,185,1,1,,D,"Studio atypique de 185 m² situé à Marseille. Proche de toutes commodités, transports et écoles. À visiter sans tarder.",True,True,Luc Martin,0585906761,luc.martin9@example.com,,,,,,,,,,,,,
d0575329-2de9-4a4f-86b8-07cf8ac4cb83,AN-10ZRN27H,REC-R8HA1NA2,Studio,Studio au calme à Marseille,Marseille,13000,2025-05-07T23:17:45,142732,116,2,,,,"Studio rénové de 116 m² situé à Marseille. Proche de toutes commodités, transports et écoles. À visiter sans tarder.",True,True,,0363534092,,https://exemple-images.test/AN-10ZRN27H/1.jpg; https://exemple-images.test/AN-10ZRN27H/2.jpg; https://exemple-images.test/AN-10ZRN27H/3.jpg; https://exemple-images.test/AN-10ZRN27H/4.jpg; https://exemple-images.test/AN-10ZRN27H/5.jpg,False,,,,1952,118 avenue des Champs,43.337465,5.36276,0,,,
989b0635-a7f5-48e4-a58b-5df991f34ae4,AN-AFEPAK9M,REC-R8HA1NA2,Studio,Studio spacieux à Marseille,Marseille,13000,11 juin 2025,133711 €,143,7,1,False,,"Studio rénové de 143 m² situé à Marseille. Proche de toutes commodités, transports et écoles. À visiter sans tarder.",True,True,Marie Lefevre,0875157676,,,,Clé en Main Immo,,,,156 rue de la République,,,,,,
3cdef2fa-0427-419c-a529-4791b0c42325,AN-V62EH5YR,REC-R8HA1NA2,Studio,Studio avec vue dégagée à Marseille,Marseille,13000,1724402625,167224,182,8,1,,,"Studio atypique de 182 m² situé à Marseille. Proche de toutes commodités, transports et écoles. À visiter sans tarder.",True,True,Karim Lefevre,,karim.lefevre76@example.com,https://exemple-images.test/AN-V62EH5YR/1.jpg; https://exemple-images.test/AN-V62EH5YR/2.jpg; https://exemple-images.test/AN-V62EH5YR/3.jpg; https://exemple-images.test/AN-V62EH5YR/4.jpg,True,,,,,,43.336473,5.382085,,,,
943e2f10-2d22-40f5-9969-8d66f4808e0c,AN-401Y5DWQ,REC-R8HA1NA2,Studio,Studio rénové à Marseille,Marseille,13000,1776848565,216874,133,8,,True,C,"Studio rénové de 133 m² situé à Marseille. Cave et parking inclus. Proche de toutes commodités, transports et écoles. À visiter sans tarder.",True,True,Sophie Lefevre,0805175333,,,,,True,,,36 allée des Platanes,,,dernier étage,,,
3a3a87bb-cc03-4825-9358-b5122b982395,AN-V8FRXVJS,REC-R8HA1NA2,Studio,Studio atypique à Marseille,Marseille,13000,13 décembre 2025,216849,220,,4,False,,"Studio spacieux de 220 m² situé à Marseille. Proche de toutes commodités, transports et écoles. À visiter sans tarder.",True,True,,0144677830,contact47@example.com,,True,Century Habitat,,,,169 avenue des Champs,43.267766,5.325763,,,,
ce77aaa0-287c-4655-a69a-7b3a0ce9f5ed,AN-0ZDXVW6A,REC-R8HA1NA2,Studio,Studio lumineux à Marseille,Marseille,13000,1737044205,134470,171,,0,,,"Studio au calme de 171 m² situé à Marseille. Proche de toutes commodités, transports et écoles. À visiter sans tarder.",True,,Marie Dubois,0597607445,,,,,True,,,,43.283371,5.366644,,194.96,,
5a63052b-a411-47ab-8324-0143910837cb,AN-7XHX1O0Y,REC-R8HA1NA2,Studio,Studio atypique à Marseille,Marseille,13000,2025-07-05T12:55:45,120716,110,6,2,True,G,"Studio en excellent état de 110 m² situé à Marseille. Proche de toutes commodités, transports et écoles. À visiter sans tarder. Travaux à prévoir.",True,,Jean Roche,0461569964,,,False,,,,,,,,dernier étage,,,
b624aedc-0290-49cf-ad6f-5071938e6d7a,AN-6V2VJRA3,REC-R8HA1NA2,Studio,Studio avec vue dégagée à Marseille,Marseille,13000,2025-04-11,194351,132,5,1,,F,"Studio spacieux de 132 m² situé à Marseille. Proche de toutes commodités, transports et écoles. À visiter sans tarder.",True,True,,0133088995,,,True,ImmoPlus,,,,,,,,,,
7fc4d92a-a8e3-46e7-bb43-a56f46cfe8a3,AN-O8X1DLXD,REC-R8HA1NA2,Studio,Studio avec vue dégagée à Marseille,Marseille,13000,16 décembre 2025,153031 €,110,4,0,,D,"Studio à rafraîchir de 110 m² situé à Marseille. Cave et parking inclus. Proche de toutes commodités, transports et écoles. À visiter sans tarder. Travaux à prévoir.",True,True,,0365200203,,https://exemple-images.test/AN-O8X1DLXD/1.jpg; https://exemple-images.test/AN-O8X1DLXD/2.jpg; https://exemple-images.test/AN-O8X1DLXD/3.jpg,,Century Habitat,,,,190 rue Victor Hugo,,,dernier étage,331.19,,
a19845e2-357f-40df-ac77-847edeea0c79,AN-0FY6PKI2,REC-R8HA1NA2,Studio,Studio spacieux à Marseille,Marseille,13000,04/05/2025,128317,189,2,,True,,"Studio à rafraîchir de 189 m² situé à Marseille. Proche de toutes commodités, transports et écoles. À visiter sans tarder.",True,True,,,,,False,ImmoPlus,,,1989,,43.287899,5.320821,4,358.54,,
7aa09518-8e99-4290-b208-48b6c6c56084,AN-WI40NBDD,REC-R8HA1NA2,Studio,Studio lumineux à Marseille,Marseille,13000,2026-07-22T02:48:45,203409,204,7,,,,"Studio atypique de 204 m² situé à Marseille. Cave et parking inclus. Proche de toutes commodités, transports et écoles. À visiter sans tarder.",,True,Karim Girard,0533879719,karim.girard64@example.com,,False,,,,1868,72 place de la Mairie,,,3,,,
ec651fb8-bf48-47c1-ab61-4cfcad4a7067,AN-COEY50KR,REC-R8HA1NA2,Studio,Studio atypique à Marseille,Marseille,13000,2024-12-01,118816 €,141,5,,,,"Studio charmant de 141 m² situé à Marseille. Proche de toutes commodités, transports et écoles. À visiter sans tarder.",True,,Nadia Dubois,,nadia.dubois28@example.com,,True,,,,,2 rue Victor Hugo,,,dernier étage,,,
7ff0afaa-8977-45d0-b187-c353156e2ce3,AN-COLSQ5HS,REC-R8HA1NA2,Studio,Studio lumineux à Marseille,Marseille,13000,1765717185,185807 €,141,2,3,,C,"Studio en excellent état de 141 m² situé à Marseille. Proche de toutes commodités, transports et écoles. À visiter sans tarder.",,True,,0097559322,contact22@example.com,,,Century Habitat,,,1889,23 rue Jean Jaurès,43.265204,5.368208,,,,
49962d15-0b42-48d2-920e-c75a6958a00b,AN-DV71Y98P,REC-R8HA1NA2,Studio,Studio avec vue dégagée à Marseille,Marseille,13000,1755651165,146082,215,7,,True,D,"Studio rénové de 215 m² situé à Marseille. Proche de toutes commodités, transports et écoles. À visiter sans tarder.",True,True,Marc Roche,0102655953,,,True,Toit & Vous,,,,,,,1,,,
e7b498f6-6054-47c1-ab28-19eeb6b2eec9,AN-BA6Z0OUE,REC-R8HA1NA2,Studio,Studio spacieux à Marseille,Marseille,13000,2025-01-30,207754 €,118,4,,True,G,"Studio au calme de 118 m² situé à Marseille. Cave et parking inclus. Proche de toutes commodités, transports et écoles. À visiter sans tarder. Travaux à prévoir.",True,True,,0483040476,contact69@example.com,,True,Provence Immobilier,,,,,43.254808,5.323395,,,,
35efe110-9d3a-46b3-b895-7b3bf1997b5c,AN-45EFNPEC,REC-R8HA1NA2,Studio,Studio rénové à Marseille,Marseille,13000,04-13-2025,199577,87,,0,,F,"Studio de standing de 87 m² situé à Marseille. Proche de toutes commodités, transports et écoles. À visiter sans tarder.",,True,,,,,,,,,,17 quai de la Loire,43.33296,5.331563,,190.21,,
93870ca4-7f50-48cd-a89c-6ac29c54c6a7,AN-88GJE9T9,REC-R8HA1NA2,Studio,Studio lumineux à Marseille,Marseille,13000,4 mai 2026,217603,192,,1,,C,"Studio de standing de 192 m² situé à Marseille. Proche de toutes commodités, transports et écoles. À visiter sans tarder.",True,True,Julie Roche,0226970833,,https://exemple-images.test/AN-88GJE9T9/1.jpg,,,,,,73 boulevard Gambetta,,,dernier étage,253.27,,
6da8702b-fcbc-4f8d-ab57-414409b094d2,AN-5W9QXQ6T,REC-R8HA1NA2,Studio,Studio charmant à Marseille,Marseille,13000,14/04/2025,145933,152,8,,,,"Studio lumineux de 152 m² situé à Marseille. Cave et parking inclus. Proche de toutes commodités, transports et écoles. À visiter sans tarder.",True,True,Marc Lefevre,,,,,,,,,,,,,,,
d7a56829-7eb5-4b8a-a472-c339e4fe6494,AN-VKLFWXEW,REC-R8HA1NA2,Studio,Studio lumineux à Marseille,Marseille,13000,24 juin 2026,159590 €,111,7,0,,,"Studio avec vue dégagée de 111 m² situé à Marseille. Cave et parking inclus. Proche de toutes commodités, transports et écoles. À visiter sans tarder.",,True,Luc Girard,0479851625,luc.girard73@example.com,https://exemple-images.test/AN-VKLFWXEW/1.jpg; https://exemple-images.test/AN-VKLFWXEW/2.jpg; https://exemple-images.test/AN-VKLFWXEW/3.jpg; https://exemple-images.test/AN-VKLFWXEW/4.jpg; https://exemple-images.test/AN-VKLFWXEW/5.jpg,True,ImmoPlus,,,,,,,RDC,305.13,,
e35c84ba-369d-4879-a524-cad7096a7d1d,AN-5P5GHKSG,REC-R8HA1NA2,Studio,Studio atypique à Marseille,Marseille,13000,6 octobre 2025,144508,172,3,,False,,"Studio au calme de 172 m² situé à Marseille. Cave et parking inclus. Proche de toutes commodités, transports et écoles. À visiter sans tarder.",True,True,,0955401366,,https://exemple-images.test/AN-5P5GHKSG/1.jpg; https://exemple-images.test/AN-5P5GHKSG/2.jpg; https://exemple-images.test/AN-5P5GHKSG/3.jpg; https://exemple-images.test/AN-5P5GHKSG/4.jpg; https://exemple-images.test/AN-5P5GHKSG/5.jpg,,,,,1874,,,,,,,
7238af23-75e8-49e7-aa77-30bcf2ffcab6,AN-ONHKFDS8,REC-R8HA1NA2,Studio,Studio atypique à Marseille,Marseille,13000,22/08/2025,152101,200,3,2,,,,True,True,Nadia Faure,,,,False,Clé en Main Immo,,,,157 avenue des Champs,,,5,162.83,,
5f883d73-aa6a-4bec-87f7-533d91c0f565,AN-GSR39OOU,REC-R8HA1NA2,Studio,Studio rénové à Marseille,Marseille,13000,2025-08-24,191446 €,158,,,,,"Studio spacieux de 158 m² situé à Marseille. Proche de toutes commodités, transports et écoles. À visiter sans tarder.",True,True,Sophie Dubois,,sophie.dubois96@example.com,,False,,,,1863,72 avenue des Champs,43.329922,5.418354,,,,
a6c61ebc-9f1c-4c25-9e54-d0df084fec34,AN-XDC0KA6U,REC-R8HA1NA2,Studio,Studio de standing à Marseille,Marseille,13000,1748352645,154658,169,3,,False,,,True,True,,,,,,Nid Doré,,,,,43.306982,5.397306,0,,,
e40ef7c2-71c4-4007-a3fc-ae3a1630ba53,AN-K1K9DHUJ,REC-R8HA1NA2,Studio,Studio au calme à Marseille,Marseille,13000,29/07/2025,170603,134,6,,True,E,,,True,Claire Bernard,0203234717,,https://exemple-images.test/AN-K1K9DHUJ/1.jpg; https://exemple-images.test/AN-K1K9DHUJ/2.jpg; https://exemple-images.test/AN-K1K9DHUJ/3.jpg,True,,,,,,43.273364,5.320596,,,,
e18ea242-4bed-4485-aeb6-48186a0c1a5e,AN-8T2GFZLS,REC-R8HA1NA2,Studio,Studio charmant à Marseille,Marseille,13000,2026-06-06T04:10:45,130621,,7,0,,,"Studio spacieux de 163 m² situé à Marseille. Proche de toutes commodités, transports et écoles. À visiter sans tarder. Travaux à prévoir.",True,True,,,,https://exemple-images.test/AN-8T2GFZLS/1.jpg,False,Nid Doré,,163,,,,,,,,
da39fa58-7810-4b4d-ac83-be9894de5b35,AN-PS9MMT47,REC-R8HA1NA2,Studio,Studio avec vue dégagée à Marseille,Marseille,13000,2025-05-09,129445,161,6,0,True,,,True,True,Marc Martin,0177797000,,,False,Nid Doré,,,,198 allée des Platanes,43.253614,5.38137,,152.31,,
e024faf6-c034-4912-b13d-4b362e7a3b77,AN-GFYKADBI,REC-R8HA1NA2,Studio,Studio rénové à Marseille,Marseille,13000,14/02/2026,122992 €,169,2,5,,,"Studio en excellent état de 169 m² situé à Marseille. Proche de toutes commodités, transports et écoles. À visiter sans tarder.",True,True,Sophie Bernard,0888573932,,,,,,,1921,,43.326023,5.347059,,,,
7607716c-67de-4712-8299-8c5bd8f9a742,AN-GXR9N7X3,REC-R8HA1NA2,Studio,Studio rénové à Marseille,Marseille,13000,21 février 2026,178971,142,4,5,,F,"Studio au calme de 142 m² situé à Marseille. Cave et parking inclus. Proche de toutes commodités, transports et écoles. À visiter sans tarder.",,True,Claire Girard,0814859859,,https://exemple-images.test/AN-GXR9N7X3/1.jpg; https://exemple-images.test/AN-GXR9N7X3/2.jpg,,,,,,,43.261247,5.346618,,,,
11414b25-80e5-4fac-ad61-51de56918cb0,AN-8SFLD8F0,REC-R8HA1NA2,Studio,Studio spacieux à Marseille,Marseille,13000,1759136025,175932,152,,,,,"Studio lumineux de 152 m² situé à Marseille. Proche de toutes commodités, transports et écoles. À visiter sans tarder. Travaux à prévoir.",True,,Julie Fontaine,,,https://exemple-images.test/AN-8SFLD8F0/1.jpg; https://exemple-images.test/AN-8SFLD8F0/2.jpg; https://exemple-images.test/AN-8SFLD8F0/3.jpg; https://exemple-images.test/AN-8SFLD8F0/4.jpg,True,,,,,,43.264676,5.400661,,,,
d373697e-c6bc-4c88-ad7b-ce2ef941835d,AN-SA69KV2J,REC-R8HA1NA2,Studio,Studio avec vue dégagée à Marseille,Marseille,13000,2025-04-30T03:05:45,109220,216,6,,,,"Studio rénové de 216 m² situé à Marseille. Proche de toutes commodités, transports et écoles. À visiter sans tarder.",,True,Karim Moreau,,,,,,,,1882,,43.317225,5.406128,2,,,
0fd58720-c915-4c8f-84c6-d08c8db47cb9,AN-XP5BLD5P,REC-R8HA1NA2,Studio,Studio rénové à Marseille,Marseille,13000,2025-11-02,127123,145,4,4,,B,,True,,Luc Dubois,0048247465,,https://exemple-images.test/AN-XP5BLD5P/1.jpg; https://exemple-images.test/AN-XP5BLD5P/2.jpg,,,True,,1857,,43.276553,5.377335,5,,,
e1e6fd08-eff9-4c0b-8a34-4f9c007d1e87,AN-YCXXPX1G,REC-R8HA1NA2,Studio,Studio atypique à Marseille,Marseille,13000,13/11/2024,152352,127,,5,,,"Studio lumineux de 127 m² situé à Marseille. Proche de toutes commodités, transports et écoles. À visiter sans tarder.",,,,0027241171,contact34@example.com,,False,Century Habitat,,,,,,,,,,
bc6fc4e2-efbf-49e2-a7ba-40dd000c9bb8,AN-DP75S367,REC-R8HA1NA2,Studio,Studio spacieux à Marseille,Marseille,13000,2025-03-20T09:10:45,216203,125,8,,,,,True,True,,0190317027,contact35@example.com,,,Provence Immobilier,,,,,43.251996,5.386715,,,,
ffc70836-9367-4532-b66a-1f555a2c7b8a,AN-5Q6TOYV8,REC-R8HA1NA2,Studio,Studio atypique à Marseille,Marseille,13000,2026-03-20T19:57:45,150348,148,,,,F,"Studio en excellent état de 148 m² situé à Marseille. Proche de toutes commodités, transports et écoles. À visiter sans tarder. Travaux à prévoir.",True,True,,0700821028,,,,,,,,,,,5,378.59,,
cc651761-8a77-4f28-8e01-dc5172a6a463,AN-7IJPL4MI,REC-R8HA1NA2,Studio,Studio spacieux à Marseille,Marseille,13000,2024-09-06,130595,173,,,,,"Studio rénové de 173 m² situé à Marseille. Cave et parking inclus. Proche de toutes commodités, transports et écoles. À visiter sans tarder.",,True,Claire Moreau,0152353499,,,,,True,,,180 rue de la République,,,RDC,346.84,,
ab35bdc3-2e8c-48eb-ab70-3117c4159fbe,AN-CH3Q8Y24,REC-R8HA1NA2,Studio,Studio spacieux à Marseille,Marseille,13000,2025-03-02,171555,219,,4,,,"Studio de standing de 219 m² situé à Marseille. Proche de toutes commodités, transports et écoles. À visiter sans tarder. Travaux à prévoir.",True,True,Claire Dubois,0247579403,,,,ImmoPlus,,,,,43.344416,5.374629,,382.41,,
a5ba3815-1104-4931-9d4c-99b00689fb98,AN-SYQ9A0E7,REC-R8HA1NA2,Studio,Studio rénové à Marseille,Marseille,13000,17 février 2025,132003,209,,4,,,"Studio avec vue dégagée de 209 m² situé à Marseille. Proche de toutes commodités, transports et écoles. À visiter sans tarder.",,True,Sophie Bernard,0482904166,,,,Provence Immobilier,,,,30 boulevard Gambetta,,,dernier étage,158.83,,
5e7543e0-8882-4624-81b9-7ed547e1b63f,AN-Y80W4G9T,REC-R8HA1NA2,Studio,Studio spacieux à Marseille,Marseille,13000,1782361245,139182,214,5,,False,,"Studio lumineux de 214 m² situé à Marseille. Cave et parking inclus. Proche de toutes commodités, transports et écoles. À visiter sans tarder.",True,True,Claire Fontaine,0260219804,,,,,,,2010,,43.307695,5.415284,,156.95,,
374912ca-b359-488b-9329-64f9dd14d710,AN-9901ZYCY,REC-R8HA1NA2,Studio,Studio de standing à Marseille,Marseille,13000,04-25-2026,128676,93,,,False,,"Studio à rafraîchir de 93 m² situé à Marseille. Proche de toutes commodités, transports et écoles. À visiter sans tarder.",True,,,,contact17@example.com,,False,Clé en Main Immo,,,,,,,3,,,
b85f8666-96c0-429a-a54e-abc6ec1acddb,AN-AAO2XW0K,REC-R8HA1NA2,Studio,Studio au calme à Marseille,Marseille,13000,2026-03-04,153580 €,199,8,1,,,"Studio lumineux de 199 m² situé à Marseille. Proche de toutes commodités, transports et écoles. À visiter sans tarder.",True,True,,0434558175,contact27@example.com,,,,,,,121 rue Pasteur,,,2,,,
667c411c-7457-4f50-afb7-87876bb222b7,AN-L6FMUWAI,REC-R8HA1NA2,Studio,Studio atypique à Marseille,Marseille,13000,03-20-2026,152624,127,,,,A,"Studio au calme de 127 m² situé à Marseille. Cave et parking inclus. Proche de toutes commodités, transports et écoles. À visiter sans tarder.",True,True,Jean Roche,0665941007,,,True,,,,,175 quai de la Loire,,,,,,
e1cb3973-88fc-4d93-a26e-39ee705f5fcf,AN-K1HLNMC9,REC-R8HA1NA2,Studio,Studio avec vue dégagée à Marseille,Marseille,13000,1737968625,156283 €,,1,,True,,"Studio en excellent état de 127 m² situé à Marseille. Cave et parking inclus. Proche de toutes commodités, transports et écoles. À visiter sans tarder.",True,True,,0290973725,contact57@example.com,,True,Provence Immobilier,,127,,,43.299847,5.321569,,,,
aa4bf006-18a8-4a4c-8496-5e455e5e690f,AN-YZVWB855,REC-R8HA1NA2,Studio,Studio en excellent état à Marseille,Marseille,13000,18/10/2025,151903,141,8,4,True,,,True,True,Ahmed Fontaine,,ahmed.fontaine18@example.com,,,,,,,20 rue Victor Hugo,,,,257.63,,
88249fcf-beb5-402f-8c5b-5feed2c131d2,AN-6GVLCK4K,REC-R8HA1NA2,Studio,Studio rénové à Marseille,Marseille,13000,10-01-2025,140639 €,139,6,2,,,,True,,,0772089877,contact85@example.com,https://exemple-images.test/AN-6GVLCK4K/1.jpg; https://exemple-images.test/AN-6GVLCK4K/2.jpg; https://exemple-images.test/AN-6GVLCK4K/3.jpg; https://exemple-images.test/AN-6GVLCK4K/4.jpg; https://exemple-images.test/AN-6GVLCK4K/5.jpg,True,,,,2022,,,,,,,
55f49f63-46fd-4f4a-be64-0c637a93189f,AN-1JHNHG0S,REC-R8HA1NA2,Studio,Studio en excellent état à Marseille,Marseille,13000,1758911865,129991,124,5,,,C,"Studio rénové de 124 m² situé à Marseille. Proche de toutes commodités, transports et écoles. À visiter sans tarder.",True,True,Karim Lefevre,0002658734,karim.lefevre59@example.com,https://exemple-images.test/AN-1JHNHG0S/1.jpg,,,,,,170 impasse des Lilas,,,4,,,
9d74cf51-9648-4f54-b78f-f53264ef0f24,AN-LNPXYVKL,REC-R8HA1NA2,Studio,Studio de standing à Marseille,Marseille,13000,2024-08-25,169149 €,196,3,,,A,"Studio lumineux de 196 m² situé à Marseille. Proche de toutes commodités, transports et écoles. À visiter sans tarder.",True,True,Nadia Faure,0565910382,nadia.faure95@example.com,,False,,,,,,,,,,,
cb7844be-a090-4524-8648-19383feb93fd,AN-CYFEP800,REC-R8HA1NA2,Studio,Studio spacieux à Marseille,Marseille,13000,30 octobre 2024,129226 €,197,7,4,False,,"Studio en excellent état de 197 m² situé à Marseille. Cave et parking inclus. Proche de toutes commodités, transports et écoles. À visiter sans tarder.",True,True,,0843922335,contact34@example.com,,,Clé en Main Immo,,,1850,129 rue du Commerce,43.268593,5.402944,RDC,270.01,,
f6c33b76-8899-4d98-bc45-3d844e9a6f88,AN-COYUJL1Y,REC-R8HA1NA2,Studio,Studio de standing à Marseille,Marseille,13000,2026-08-04T11:46:45,151201,128,6,3,False,A,"Studio atypique de 128 m² situé à Marseille. Proche de toutes commodités, transports et écoles. À visiter sans tarder. Travaux à prévoir.",True,,Ahmed Lefevre,,,,,,,,1906,,43.275167,5.408912,5,,,
98611697-383b-4e45-9ecf-c1bf8bbe5af3,AN-5C4NBDII,REC-R8HA1NA2,Studio,Studio de standing à Marseille,Marseille,13000,1743040665,188736,136,5,1,,D,"Studio lumineux de 136 m² situé à Marseille. Proche de toutes commodités, transports et écoles. À visiter sans tarder.",True,True,Karim Girard,0261549656,,,False,,,,1994,,43.286686,5.361134,RDC,,,
735cb8d2-f8af-4733-9953-a1d9766aed54,AN-Z9NK3703,REC-R8HA1NA2,Studio,Studio spacieux à Marseille,Marseille,13000,1783273725,128469,170,4,2,,,"Studio avec vue dégagée de 170 m² situé à Marseille. Proche de toutes commodités, transports et écoles. À visiter sans tarder.",True,True,Luc Perrin,0554034773,,,,Toit & Vous,,,,,,,,,,
ec4bff06-ed26-42bd-9c8b-4ec8fabedde4,AN-496HU4PK,REC-R8HA1NA2,Studio,Studio rénové à Marseille,Marseille,13000,2025-08-21T11:07:45,129992,116,3,4,,,"Studio de standing de 116 m² situé à Marseille. Proche de toutes commodités, transports et écoles. À visiter sans tarder. Travaux à prévoir.",True,True,,0029106144,contact76@example.com,,,,True,,,159 place de la Mairie,43.256329,5.373006,3,,,
7128e749-17b7-40d3-b455-ee59d50f3bf0,AN-X11H4PRQ,REC-R8HA1NA2,Studio,Studio en excellent état à Marseille,Marseille,13000,2025-05-07T09:19:45,212141,123,7,4,False,A,"Studio à rafraîchir de 123 m² situé à Marseille. Proche de toutes commodités, transports et écoles. À visiter sans tarder. Travaux à prévoir.",True,,,0729193449,contact13@example.com,,False,Clé en Main Immo,,,,116 allée des Platanes,,,1,,,
6f7c451f-d968-4ec9-ae2d-d46c4cfe0538,AN-E8J0WZ0Z,REC-R8HA1NA2,Studio,Studio lumineux à Marseille,Marseille,13000,1770604065,206640,208,,,,B,"Studio lumineux de 208 m² situé à Marseille. Proche de toutes commodités, transports et écoles. À visiter sans tarder.",,True,,0127950544,contact16@example.com,,True,,,,,,,,,160.38,,
773d9944-20e5-4ca7-8905-3f6c35c156bd,AN-RZ9UWFVL,REC-R8HA1NA2,Studio,Studio de standing à Marseille,Marseille,13000,28/01/2025,175383,88,,,,,"Studio en excellent état de 88 m² situé à Marseille. Cave et parking inclus. Proche de toutes commodités, transports et écoles. À visiter sans tarder.",True,True,Claire Martin,0511317711,,,,Provence Immobilier,,,,,43.316708,5.345531,,360.61,,
1384dd19-8d94-424e-b884-bbbc71c42972,AN-S3PE3BSM,REC-R8HA1NA2,Studio,Studio en excellent état à Marseille,Marseille,13000,2025-05-22T08:36:45,175890,111,,,,,"Studio spacieux de 111 m² situé à Marseille. Proche de toutes commodités, transports et écoles. À visiter sans tarder. Travaux à prévoir.",True,True,Karim Bernard,0338649997,,,False,Century Habitat,,,,,43.331338,5.328182,dernier étage,,,
9095bde6-3e7a-442f-b605-06deee5735be,AN-BYLQV51X,REC-R8HA1NA2,Studio,Studio spacieux à Marseille,Marseille,13000,2026-02-14T15:41:45,185707,,4,5,,,"Studio de standing de 175 m² situé à Marseille. Proche de toutes commodités, transports et écoles. À visiter sans tarder.",True,True,Karim Moreau,0502074353,,,False,,,175,,44 rue Pasteur,43.271981,5.326211,4,,,
5fa1ec53-be94-49cc-aa48-a1e765263035,AN-7BZAMV3Y,REC-R8HA1NA2,Studio,Studio lumineux à Marseille,Marseille,13000,01-29-2026,171235,118,3,0,False,G,"Studio atypique de 118 m² situé à Marseille. Cave et parking inclus. Proche de toutes commodités, transports et écoles. À visiter sans tarder. Travaux à prévoir.",True,True,Luc Faure,0102122101,luc.faure44@example.com,https://exemple-images.test/AN-7BZAMV3Y/1.jpg,True,,,,,102 boulevard Gambetta,43.334293,5.345209,,,,
f1b1947a-2dcb-4127-9aea-bb8996882b77,AN-7NO3Z8KS,REC-R8HA1NA2,Studio,Studio à rafraîchir à Marseille,Marseille,13000,12-07-2024,128852,173,8,2,True,E,"Studio à rafraîchir de 173 m² situé à Marseille. Proche de toutes commodités, transports et écoles. À visiter sans tarder.",True,True,Ahmed Perrin,0963854374,ahmed.perrin35@example.com,,,,,,,161 rue de la République,,,,,,
3d7a7df2-9bf4-4cc7-bf71-3af3248b231b,AN-KPI6EHX2,REC-R8HA1NA2,Studio,Studio de standing à Marseille,Marseille,13000,11/01/2026,145530 €,89,4,,,,"Studio rénové de 89 m² situé à Marseille. Proche de toutes commodités, transports et écoles. À visiter sans tarder.",True,True,Sophie Perrin,0013027960,,,True,,,,,2 rue de la République,,,,,,
c3229439-b2ed-4691-82bd-3b6c17e46fe1,AN-YQICLOFJ,REC-R8HA1NA2,Studio,Studio au calme à Marseille,Marseille,13000,2026-01-17T06:27:45,162059,227,,0,False,,"Studio charmant de 227 m² situé à Marseille. Proche de toutes commodités, transports et écoles. À visiter sans tarder.",True,True,,0095653221,contact96@example.com,,,,,,1927,,,,,,,
aef911ca-ccef-43d3-94d7-f358a90d5f16,AN-Y1OVD0N1,REC-R8HA1NA2,Studio,Studio de standing à Marseille,Marseille,13000,06-28-2026,126509,,2,0,,,"Studio en excellent état de 185 m² situé à Marseille. Proche de toutes commodités, transports et écoles. À visiter sans tarder.",True,True,Karim Girard,0263786346,,,,,True,185,,70 impasse des Lilas,43.290969,5.345781,,,,
0ffde851-10c3-43fa-9960-4e204df79a9b,AN-XLNYR4U8,REC-Y4HU00HU,Appartement,Appartement avec vue dégagée à Dijon,Dijon,21000,2 mai 2025,328913,145,5,4,True,,,,,Ahmed Moreau,,ahmed.moreau36@example.com,,,Clé en Main Immo,True,,,122 quai de la Loire,,,5,373.7,,
ba92401e-05ea-4575-ac41-e1ee257831c3,AN-MBPG7XSM,REC-Y4HU00HU,Appartement,Appartement à rafraîchir à Dijon,Dijon,21000,31/05/2025,215176,144,1,5,,,"Appartement charmant de 144 m² situé à Dijon. Proche de toutes commodités, transports et écoles. À visiter sans tarder.",,,Jean Dubois,0644338063,,,True,,,,,,,,,,,
ddf49635-33bb-46a6-ae33-2d55ce7b8f1c,AN-3D084453,REC-Y4HU00HU,Appartement,Appartement à rafraîchir à Dijon,Dijon,21000,1762170885,334941,145,4,7,,,"Appartement au calme de 145 m² situé à Dijon. Cave et parking inclus. Proche de toutes commodités, transports et écoles. À visiter sans tarder.",,,Claire Martin,0811805944,claire.martin22@example.com,,,,,,1857,,,,,,,
a2d85fb9-ee87-4265-b738-51af1791f458,AN-8J4S2D0O,REC-Y4HU00HU,Appartement,Appartement de standing à Dijon,Dijon,21000,2024-12-18T16:39:45,377612 €,82,2,4,,A,"Appartement de standing de 82 m² situé à Dijon. Proche de toutes commodités, transports et écoles. À visiter sans tarder.",,,,0128159951,,,,Clé en Main Immo,,,,,47.319674,4.995054,2,,,
a13038e4-6e91-4f19-9aa0-c616515161ae,AN-SA8OK7W9,REC-Y4HU00HU,Appartement,Appartement lumineux à Dijon,Dijon,21000,1742370765,340799 €,153,1,6,True,F,"Appartement spacieux de 153 m² situé à Dijon. Proche de toutes commodités, transports et écoles. À visiter sans tarder.",,,Nadia Lefevre,0834929582,,,,,,,,,47.329679,4.992357,,,,
79c8ba3b-3d52-4897-bdcd-f2f94a194b61,AN-FJMXX2FV,REC-Y4HU00HU,Appartement,Appartement à rafraîchir à Dijon,Dijon,21000,05-03-2026,367151,83,2,7,,B,"Appartement rénové de 83 m² situé à Dijon. Proche de toutes commodités, transports et écoles. À visiter sans tarder.",,,Marc Fontaine,0450036336,,https://exemple-images.test/AN-FJMXX2FV/1.jpg; https://exemple-images.test/AN-FJMXX2FV/2.jpg,False,,,,,166 allée des Platanes,,,4,308.06,,
bbfd7d93-77a2-4623-b926-ae55abb01abf,AN-WC4LZ9T7,REC-Y4HU00HU,Appartement,Appartement au calme à Dijon,Dijon,21000,2025-05-17T11:13:45,384323,111,3,7,,,"Appartement atypique de 111 m² situé à Dijon. Proche de toutes commodités, transports et écoles. À visiter sans tarder. Travaux à prévoir.",,,Karim Roche,0928378619,karim.roche6@example.com,,,Toit & Vous,True,,,129 chemin des Vignes,,,5,,,
433b8293-94d4-4873-8c5f-b7d1c77c83e1,AN-S2TSY263,REC-Y4HU00HU,Appartement,Appartement en excellent état à Dijon,Dijon,21000,2025-03-05,299623,210,5,5,,,,,,,0496279322,,,False,ImmoPlus,,,1995,123 rue Victor Hugo,47.314721,5.068519,,,,
d80e8c74-5d68-47b8-bbf3-a481630ee8d8,AN-PGE0AS08,REC-Y4HU00HU,Appartement,Appartement spacieux à Dijon,Dijon,21000,02-12-2025,363321,83,5,4,False,B,"Appartement à rafraîchir de 83 m² situé à Dijon. Proche de toutes commodités, transports et écoles. À visiter sans tarder.",,,Jean Dubois,,,https://exemple-images.test/AN-PGE0AS08/1.jpg; https://exemple-images.test/AN-PGE0AS08/2.jpg; https://exemple-images.test/AN-PGE0AS08/3.jpg; https://exemple-images.test/AN-PGE0AS08/4.jpg,False,,,,,94 rue Victor Hugo,47.335368,5.028252,,,,
37322fe1-5e1d-46f7-bb51-7a69ef31a69a,AN-P9UB4DNZ,REC-Y4HU00HU,Appartement,Appartement de standing à Dijon,Dijon,21000,1758261885,378810 €,174,1,7,True,E,"Appartement atypique de 174 m² situé à Dijon. Proche de toutes commodités, transports et écoles. À visiter sans tarder.",,,Nadia Fontaine,0710006052,nadia.fontaine89@example.com,https://exemple-images.test/AN-P9UB4DNZ/1.jpg; https://exemple-images.test/AN-P9UB4DNZ/2.jpg; https://exemple-images.test/AN-P9UB4DNZ/3.jpg,,,,,,126 rue Victor Hugo,,,,,,
c404cc74-c756-4fb6-bdb2-acb576cea3cb,AN-5X4N44OU,REC-Y4HU00HU,Appartement,Appartement à rafraîchir à Dijon,Dijon,21000,2025-11-09,321330,106,4,7,,A,"Appartement de standing de 106 m² situé à Dijon. Cave et parking inclus. Proche de toutes commodités, transports et écoles. À visiter sans tarder. Travaux à prévoir.",,,,,,,True,,,,,,,,dernier étage,,,
f447a774-ca8a-4578-af5a-0a4807fdfa1d,AN-HXXVF2VZ,REC-Y4HU00HU,Appartement,Appartement lumineux à Dijon,Dijon,21000,27 août 2025,385719,120,5,7,,,"Appartement rénové de 120 m² situé à Dijon. Proche de toutes commodités, transports et écoles. À visiter sans tarder. Travaux à prévoir.",,,,0939821699,,,,,True,,1971,,47.371411,5.037874,,,,
8ab22cf1-2dea-407d-855b-42b499bbdecb,AN-W1HB7VCG,REC-Y4HU00HU,Appartement,Appartement rénové à Dijon,Dijon,21000,1751030325,228258,159,3,4,False,E,"Appartement rénové de 159 m² situé à Dijon. Proche de toutes commodités, transports et écoles. À visiter sans tarder.",,,,0195508914,contact53@example.com,,False,Century Habitat,,,1931,,47.30307,5.067133,2,,,
9dcc918d-ab86-4b3a-919b-b18ad5d69257,AN-JJ0YAGUV,REC-Y4HU00HU,Appartement,Appartement charmant à Dijon,Dijon,21000,08-17-2025,390147,,1,4,False,,"Appartement de standing de 108 m² situé à Dijon. Proche de toutes commodités, transports et écoles. À visiter sans tarder.",,,,0181421482,contact95@example.com,,,,,108,1935,194 rue du Commerce,,,,,,
2d05aeee-988c-4194-859f-ffbd161e0e74,AN-RMLAHKX5,REC-Y4HU00HU,Appartement,Appartement à rafraîchir à Dijon,Dijon,21000,2025-04-12,383740,191,3,7,False,E,"Appartement en excellent état de 191 m² situé à Dijon. Proche de toutes commodités, transports et écoles. À visiter sans tarder. Travaux à prévoir.",,,Jean Dubois,0011039151,,,,ImmoPlus,,,1898,,47.343299,4.9999,2,,,
3bd80f56-452b-4b73-9d27-4ce72bf3dd5b,AN-5WL371QU,REC-Y4HU00HU,Appartement,Appartement avec vue dégagée à Dijon,Dijon,21000,2026-03-05,360901,175,5,6,,,"Appartement au calme de 175 m² situé à Dijon. Cave et parking inclus. Proche de toutes commodités, transports et écoles. À visiter sans tarder.",,,Ahmed Girard,0288048709,,,False,,,,,,47.282538,5.08625,,,,
1df3845e-7473-4381-b8b4-6a7a8bf03e25,AN-874RZR3N,REC-Y4HU00HU,Appartement,Appartement lumineux à Dijon,Dijon,21000,12 juillet 2025,232342 €,178,4,4,,,"Appartement avec vue dégagée de 178 m² situé à Dijon. Proche de toutes commodités, transports et écoles. À visiter sans tarder. Travaux à prévoir.",,,,0158052252,,,False,Nid Doré,,,,,,,dernier étage,,,
0e740228-793b-4c2a-99b3-0800a0d5591b,AN-5U9LB9XC,REC-Y4HU00HU,Appartement,Appartement au calme à Dijon,Dijon,21000,8 décembre 2025,333048,139,5,5,True,E,,,,Luc Faure,0159372412,,,False,,,,,,47.294838,5.043037,1,250.43,,
8bbacd07-9fc9-464f-9f64-7cba8d9deb03,AN-70P8TIK0,REC-Y4HU00HU,Appartement,Appartement en excellent état à Dijon,Dijon,21000,07-14-2025,351337,184,4,6,,,,,,,0188793140,contact44@example.com,,,,True,,,151 avenue des Champs,47.354088,5.039123,1,,,
7903de7c-5ec6-4e01-89ef-e4083e59b401,AN-SAD35MTA,REC-Y4HU00HU,Appartement,Appartement spacieux à Dijon,Dijon,21000,1747772985,201336,181,3,7,,,"Appartement à rafraîchir de 181 m² situé à Dijon. Cave et parking inclus. Proche de toutes commodités, transports et écoles. À visiter sans tarder.",,,,0236477964,contact80@example.com,,,Provence Immobilier,,,2021,,47.296573,5.066182,2,,,
bffbe35b-c02e-4d01-925c-56f27e86922c,AN-CM19GRKX,REC-Y4HU00HU,Appartement,Appartement spacieux à Dijon,Dijon,21000,01-17-2025,293062,195,2,6,,,"Appartement de standing de 195 m² situé à Dijon. Cave et parking inclus. Proche de toutes commodités, transports et écoles. À visiter sans tarder.",,,,0795094703,contact38@example.com,,,Century Habitat,True,,,,47.367987,5.066839,,,,
14c447b6-66aa-4acd-82db-a41576b473ef,AN-WWFY5NOV,REC-Y4HU00HU,Appartement,Appartement lumineux à Dijon,Dijon,21000,10 décembre 2024,273437,81,1,7,,D,"Appartement spacieux de 81 m² situé à Dijon. Cave et parking inclus. Proche de toutes commodités, transports et écoles. À visiter sans tarder.",,,Claire Girard,0271802711,claire.girard76@example.com,https://exemple-images.test/AN-WWFY5NOV/1.jpg; https://exemple-images.test/AN-WWFY5NOV/2.jpg; https://exemple-images.test/AN-WWFY5NOV/3.jpg,,,,,,64 rue Pasteur,47.346478,5.056926,5,,,
2a0f449f-7983-4e91-af34-cc300423f33a,AN-ZYTM2RDP,REC-Y4HU00HU,Appartement,Appartement à rafraîchir à Dijon,Dijon,21000,1776948225,381965,208,4,6,,A,"Appartement spacieux de 208 m² situé à Dijon. Proche de toutes commodités, transports et écoles. À visiter sans tarder. Travaux à prévoir.",,,Marie Girard,,marie.girard61@example.com,https://exemple-images.test/AN-ZYTM2RDP/1.jpg; https://exemple-images.test/AN-ZYTM2RDP/2.jpg; https://exemple-images.test/AN-ZYTM2RDP/3.jpg; https://exemple-images.test/AN-ZYTM2RDP/4.jpg,,Provence Immobilier,True,,,123 rue Pasteur,,,,,,
199f0458-7893-412f-804b-6d911382a95e,AN-7MBQ11W0,REC-Y4HU00HU,Appartement,Appartement charmant à Dijon,Dijon,21000,01-18-2025,241741,83,3,6,,,"Appartement rénové de 83 m² situé à Dijon. Proche de toutes commodités, transports et écoles. À visiter sans tarder.",,,Marie Lefevre,,marie.lefevre1@example.com,,True,,,,1893,112 avenue des Champs,47.322995,5.000952,3,,,
34eb9cec-1577-423c-b98a-fed33adad018,AN-O6BIXG4J,REC-Y4HU00HU,Appartement,Appartement lumineux à Dijon,Dijon,21000,8 juin 2026,209394,169,2,6,,,,,,Marc Roche,,marc.roche45@example.com,,,Century Habitat,True,,,,,,,,,
47c76768-179e-4fd4-9816-19a8186a1137,AN-F7UCEXHA,REC-Y4HU00HU,Appartement,Appartement spacieux à Dijon,Dijon,21000,24 mars 2025,318354,155,2,7,,,,,,Ahmed Faure,0628888861,,,True,,,,2024,88 avenue des Champs,,,,,,
29349f7d-e323-4783-9549-aaf739c59193,AN-UO08N0N8,REC-Y4HU00HU,Appartement,Appartement au calme à Dijon,Dijon,21000,02-27-2025,313299,91,4,4,True,,"Appartement à rafraîchir de 91 m² situé à Dijon. Proche de toutes commodités, transports et écoles. À visiter sans tarder.",,,Karim Faure,0955112144,,https://exemple-images.test/AN-UO08N0N8/1.jpg,False,,,,,64 impasse des Lilas,47.349639,5.059597,0,,,
53426109-96e8-499d-b4e9-0a90b782f398,AN-4Z7FNO2Q,REC-Y4HU00HU,Appartement,Appartement au calme à Dijon,Dijon,21000,24 décembre 2025,287435,,3,6,,,"Appartement lumineux de 189 m² situé à Dijon. Proche de toutes commodités, transports et écoles. À visiter sans tarder.",,,Sophie Lefevre,,sophie.lefevre90@example.com,https://exemple-images.test/AN-4Z7FNO2Q/1.jpg; https://exemple-images.test/AN-4Z7FNO2Q/2.jpg; https://exemple-images.test/AN-4Z7FNO2Q/3.jpg; https://exemple-images.test/AN-4Z7FNO2Q/4.jpg,,Clé en Main Immo,True,189,1866,,47.308165,5.076918,,213.61,,
c0a05401-21fe-4c1f-9f7f-e13e0b30d03f,AN-K8BCAN37,REC-Y4HU00HU,Appartement,Appartement rénové à Dijon,Dijon,21000,11 août 2026,210598,200,1,5,,,"Appartement à rafraîchir de 200 m² situé à Dijon. Cave et parking inclus. Proche de toutes commodités, transports et écoles. À visiter sans tarder.",,,Jean Dubois,0909507344,,,True,Nid Doré,,,,97 allée des Platanes,,,3,,,
8c1cda63-9b83-4b88-a028-f121df98cb80,AN-IKTV3Q82,REC-Y4HU00HU,Appartement,Appartement en excellent état à Dijon,Dijon,21000,03/12/2024,260517,145,3,5,,,"Appartement de standing de 145 m² situé à Dijon. Proche de toutes commodités, transports et écoles. À visiter sans tarder.",,,Marie Martin,,,,False,Provence Immobilier,,,,190 rue du Commerce,,,1,,,
e0ac0bed-5dd2-4cf9-9a00-6c9afb2aa05d,AN-QW8ZTZN1,REC-Y4HU00HU,Appartement,Appartement avec vue dégagée à Dijon,Dijon,21000,1752339825,280689 €,146,2,5,False,,"Appartement avec vue dégagée de 146 m² situé à Dijon. Cave et parking inclus. Proche de toutes commodités, transports et écoles. À visiter sans tarder. Travaux à prévoir.",,,Julie Fontaine,0815934749,julie.fontaine72@example.com,,,,,,,119 quai de la Loire,,,,156.2,,
5b37f39f-6aeb-4af6-a9ae-3f2c886b6554,AN-Q2AJR7R3,REC-Y4HU00HU,Appartement,Appartement à rafraîchir à Dijon,Dijon,21000,1751842785,214351,74,4,5,True,,,,,Marie Roche,0825216230,,https://exemple-images.test/AN-Q2AJR7R3/1.jpg; https://exemple-images.test/AN-Q2AJR7R3/2.jpg; https://exemple-images.test/AN-Q2AJR7R3/3.jpg,,,,,,,47.351023,5.078846,,237.57,,
7c2f0d60-4b86-4b3e-8f88-90a782ca0fc7,AN-VTRC0LCX,REC-Y4HU00HU,Appartement,Appartement lumineux à Dijon,Dijon,21000,2024-12-30T15:30:45,196652,193,1,5,,A,"Appartement spacieux de 193 m² situé à Dijon. Proche de toutes commodités, transports et écoles. À visiter sans tarder.",,,Ahmed Bernard,0448530994,ahmed.bernard25@example.com,https://exemple-images.test/AN-VTRC0LCX/1.jpg; https://exemple-images.test/AN-VTRC0LCX/2.jpg; https://exemple-images.test/AN-VTRC0LCX/3.jpg; https://exemple-images.test/AN-VTRC0LCX/4.jpg; https://exemple-images.test/AN-VTRC0LCX/5.jpg,False,Clé en Main Immo,,,1984,67 rue de la République,47.28776,5.072869,0,83.14,,
cebdd8dd-d287-403e-a970-0c735223a42c,AN-6NCFTMDR,REC-Y4HU00HU,Appartement,Appartement en excellent état à Dijon,Dijon,21000,12-02-2024,215807 €,78,2,4,False,,"Appartement en excellent état de 78 m² situé à Dijon. Proche de toutes commodités, transports et écoles. À visiter sans tarder.",,,Claire Fontaine,0368139424,,,True,Century Habitat,,,,,47.325996,5.080567,4,,,
435b1cea-0d53-49c5-b6e0-f67618789397,AN-WYVD15L5,REC-Y4HU00HU,Appartement,Appartement de standing à Dijon,Dijon,21000,30/08/2025,357732,195,4,5,False,,"Appartement au calme de 195 m² situé à Dijon. Proche de toutes commodités, transports et écoles. À visiter sans tarder.",,,,0808039445,contact89@example.com,,,Provence Immobilier,True,,,151 rue Victor Hugo,,,,,,
4530eee3-a093-4459-b847-fb9230bbcb5d,AN-9A5Z7YMG,REC-Y4HU00HU,Appartement,Appartement en excellent état à Dijon,Dijon,21000,2025-06-28T06:51:45,353977,189,4,7,,,"Appartement atypique de 189 m² situé à Dijon. Proche de toutes commodités, transports et écoles. À visiter sans tarder.",,,Marie Lefevre,0681914126,marie.lefevre69@example.com,,True,,,,2004,94 impasse des Lilas,,,,,,
1da566a3-580d-4a9c-be28-5ee56be72290,AN-MFT0CC56,REC-Y4HU00HU,Appartement,Appartement de standing à Dijon,Dijon,21000,2026-06-07T08:16:45,204917,95,1,6,False,,"Appartement en excellent état de 95 m² situé à Dijon. Proche de toutes commodités, transports et écoles. À visiter sans tarder.",,,,0881772422,contact5@example.com,,False,,,,1961,,47.320776,5.065911,,,,
fd3ac352-6aee-49f8-8356-d0d68bbe0f8f,AN-OZ42X6R6,REC-Y4HU00HU,Appartement,Appartement spacieux à Dijon,Dijon,21000,14/03/2025,371703 €,90,3,5,False,,"Appartement lumineux de 90 m² situé à Dijon. Proche de toutes commodités, transports et écoles. À visiter sans tarder.",,,Sophie Bernard,0964346098,,,,Clé en Main Immo,,,,65 rue Jean Jaurès,47.307962,5.025684,,293.34,,
f3e35dfb-11d8-4c09-b916-c3687d89dc04,AN-XZ7PVXHJ,REC-Y4HU00HU,Appartement,Appartement à rafraîchir à Dijon,Dijon,21000,2025-06-29T20:44:45,230532,201,1,7,False,B,"Appartement à rafraîchir de 201 m² situé à Dijon. Proche de toutes commodités, transports et écoles. À visiter sans tarder.",,,,0499509586,contact93@example.com,,True,Clé en Main Immo,,,,,,,,,,
c0ceb7aa-c820-42e1-8958-0afb669ba2c3,AN-UR1ARSLF,REC-Y4HU00HU,Appartement,Appartement à rafraîchir à Dijon,Dijon,21000,16/06/2026,228357,104,3,5,False,C,"Appartement rénové de 104 m² situé à Dijon. Cave et parking inclus. Proche de toutes commodités, transports et écoles. À visiter sans tarder.",,,Julie Moreau,0893226092,julie.moreau2@example.com,,,ImmoPlus,,,,197 quai de la Loire,47.338321,5.070436,2,,,
acdd9820-8421-4151-9c4c-e9f7536c4927,AN-NMAXPCVI,REC-Y4HU00HU,Appartement,Appartement de standing à Dijon,Dijon,21000,2026-07-03,276469,153,4,7,,D,"Appartement spacieux de 153 m² situé à Dijon. Proche de toutes commodités, transports et écoles. À visiter sans tarder. Travaux à prévoir.",,,,,,https://exemple-images.test/AN-NMAXPCVI/1.jpg; https://exemple-images.test/AN-NMAXPCVI/2.jpg; https://exemple-images.test/AN-NMAXPCVI/3.jpg; https://exemple-images.test/AN-NMAXPCVI/4.jpg; https://exemple-images.test/AN-NMAXPCVI/5.jpg,,,True,,,,,,,,,
93a7cffc-aba3-4cc7-8cca-b1c2ab956682,AN-AFCDOM61,REC-Y4HU00HU,Appartement,Appartement charmant à Dijon,Dijon,21000,23 juin 2026,293624,85,3,7,,,"Appartement de standing de 85 m² situé à Dijon. Proche de toutes commodités, transports et écoles. À visiter sans tarder. Travaux à prévoir.",,,,0069684056,,,,Provence Immobilier,,,1894,,47.317128,5.030594,2,,,
856cfc80-45c7-4b20-b637-e0348640b681,AN-RI7Z0D2B,REC-Y4HU00HU,Appartement,Appartement lumineux à Dijon,Dijon,21000,08-16-2025,246377 €,,4,5,False,B,"Appartement spacieux de 96 m² situé à Dijon. Proche de toutes commodités, transports et écoles. À visiter sans tarder.",,,,,contact14@example.com,,,ImmoPlus,,96,,,47.357065,4.991543,5,,,
2d5a2998-6210-41be-bae1-5079e8aaf85f,AN-5I37GB13,REC-Y4HU00HU,Appartement,Appartement atypique à Dijon,Dijon,21000,04-01-2025,361716,172,5,7,,,"Appartement atypique de 172 m² situé à Dijon. Proche de toutes commodités, transports et écoles. À visiter sans tarder. Travaux à prévoir.",,,,0632383261,,,,,,,,69 avenue des Champs,47.286434,5.049848,5,66.99,,
81ea3896-d6e9-4e25-a98b-ecbbb570e3e9,AN-6AIZLQXW,REC-Y4HU00HU,Appartement,Appartement en excellent état à Dijon,Dijon,21000,1732848405,298268,208,4,4,,A,,,,Claire Dubois,0593388738,claire.dubois6@example.com,,,,,,,199 rue Jean Jaurès,47.310199,5.05764,,,,
5730324f-c54e-40c0-9fae-9057405888d9,AN-NBZWQ774,REC-Y4HU00HU,Appartement,Appartement charmant à Dijon,Dijon,21000,1 juin 2026,269528,170,2,5,,,"Appartement atypique de 170 m² situé à Dijon. Cave et parking inclus. Proche de toutes commodités, transports et écoles. À visiter sans tarder.",,,Ahmed Perrin,0645036073,,,,,,,,,47.349527,5.005055,,,,
f23c6c2f-c39f-437f-9488-29c8749ff7f4,AN-SFU3IZJQ,REC-Y4HU00HU,Appartement,Appartement lumineux à Dijon,Dijon,21000,28 mars 2026,376159,83,4,4,,D,,,,,0489934862,,,False,Clé en Main Immo,,,,,,,,,,
5b2c39a3-d361-4495-89e9-cdfab31bdb5e,AN-XFUH6HA0,REC-Y4HU00HU,Appartement,Appartement à rafraîchir à Dijon,Dijon,21000,6 mars 2025,279981,77,5,5,False,A,"Appartement rénové de 77 m² situé à Dijon. Proche de toutes commodités, transports et écoles. À visiter sans tarder.",,,Luc Faure,0116643512,,https://exemple-images.test/AN-XFUH6HA0/1.jpg,,,,,,17 rue Jean Jaurès,47.307238,5.015159,,,,
f8d0b192-674d-4f25-b1e9-55fd338cfdc0,AN-LWC3R64K,REC-Y4HU00HU,Appartement,Appartement à rafraîchir à Dijon,Dijon,21000,12/07/2025,273887,93,4,7,,B,"Appartement rénové de 93 m² situé à Dijon. Proche de toutes commodités, transports et écoles. À visiter sans tarder. Travaux à prévoir.",,,Jean Moreau,0745758532,jean.moreau68@example.com,,,,True,,1930,41 impasse des Lilas,,,2,146.84,,
49c4e661-6080-4401-a5f6-e79792568988,AN-5VHL8004,REC-Y4HU00HU,Appartement,Appartement au calme à Dijon,Dijon,21000,2026-03-06,261749,,1,6,,,,,,,0975738105,contact48@example.com,,,,,148,1889,,47.291121,5.08591,3,,,
2bed0782-0431-482c-bca9-893edab911d9,AN-RYY17LAA,REC-Y4HU00HU,Appartement,Appartement en excellent état à Dijon,Dijon,21000,1775010465,303127,97,4,6,,G,,,,,0683159603,,,False,Provence Immobilier,,,,,,,1,,,
25166d90-19ed-46c9-a55d-15adb21800f4,AN-HIAXAHZU,REC-Y4HU00HU,Appartement,Appartement spacieux à Dijon,Dijon,21000,1739342505,378304 €,163,5,6,False,,"Appartement avec vue dégagée de 163 m² situé à Dijon. Proche de toutes commodités, transports et écoles. À visiter sans tarder.",,,,,,https://exemple-images.test/AN-HIAXAHZU/1.jpg,False,,,,,,,,dernier étage,,,
9b18fc80-a590-49ca-af8e-767ed61020ff,AN-CXXNMARH,REC-Y4HU00HU,Appartement,Appartement atypique à Dijon,Dijon,21000,2025-03-02,242406 €,156,3,6,False,,"Appartement spacieux de 156 m² situé à Dijon. Proche de toutes commodités, transports et écoles. À visiter sans tarder.",,,Marie Moreau,0684272827,,,True,,,,1909,,,,,,,
6fe51c4f-fe37-40a8-be88-081aaec89c35,AN-5PSMF9JR,REC-Y4HU00HU,Appartement,Appartement lumineux à Dijon,Dijon,21000,2025-11-22,206323,,2,6,False,,"Appartement spacieux de 98 m² situé à Dijon. Proche de toutes commodités, transports et écoles. À visiter sans tarder.",,,,,contact30@example.com,,True,,,98,,58 rue Jean Jaurès,47.353997,5.086053,5,,,
82a45461-7c50-41d9-8ac0-7971eaf7e9e5,AN-RBHWPQ1Y,REC-Y4HU00HU,Appartement,Appartement charmant à Dijon,Dijon,21000,06/03/2026,382995,107,3,6,,,"Appartement de standing de 107 m² situé à Dijon. Proche de toutes commodités, transports et écoles. À visiter sans tarder.",,,,0087639035,,,,,,,1900,,47.283634,5.042398,dernier étage,,,
8c39b3e0-8f95-468f-9034-07b7bdb3aae2,AN-W3P72S67,REC-Y4HU00HU,Appartement,Appartement atypique à Dijon,Dijon,21000,21/03/2026,331934,,3,6,True,C,"Appartement rénové de 69 m² situé à Dijon. Proche de toutes commodités, transports et écoles. À visiter sans tarder.",,,Ahmed Roche,,,,,,True,69,,108 rue Pasteur,47.335233,5.067429,,,,
b3121b57-0f10-470e-bca5-d75bee1527c5,AN-Y44OKZPK,REC-Y4HU00HU,Appartement,Appartement à rafraîchir à Dijon,Dijon,21000,22/05/2025,379991,181,5,4,,G,"Appartement de standing de 181 m² situé à Dijon. Cave et parking inclus. Proche de toutes commodités, transports et écoles. À visiter sans tarder.",,,Sophie Lefevre,,sophie.lefevre25@example.com,https://exemple-images.test/AN-Y44OKZPK/1.jpg; https://exemple-images.test/AN-Y44OKZPK/2.jpg,True,,,,1928,7 avenue des Champs,,,,,,
b14b8a87-5cb3-4dc5-8b24-41119bcfb611,AN-DFZS5TBW,REC-Y4HU00HU,Appartement,Appartement de standing à Dijon,Dijon,21000,02-11-2025,240240,,4,4,,D,"Appartement avec vue dégagée de 104 m² situé à Dijon. Cave et parking inclus. Proche de toutes commodités, transports et écoles. À visiter sans tarder.",,,Jean Perrin,0223395578,jean.perrin37@example.com,https://exemple-images.test/AN-DFZS5TBW/1.jpg; https://exemple-images.test/AN-DFZS5TBW/2.jpg; https://exemple-images.test/AN-DFZS5TBW/3.jpg; https://exemple-images.test/AN-DFZS5TBW/4.jpg; https://exemple-images.test/AN-DFZS5TBW/5.jpg,,,,104,,179 chemin des Vignes,47.316994,5.006679,1,,,
fffa747f-3319-4cac-92d9-f608d8adfbd0,AN-DOLM6Y6B,REC-Y4HU00HU,Appartement,Appartement rénové à Dijon,Dijon,21000,10/06/2026,196365,169,3,4,True,G,"Appartement lumineux de 169 m² situé à Dijon. Proche de toutes commodités, transports et écoles. À visiter sans tarder.",,,Marie Lefevre,,,,False,,,,,9 allée des Platanes,,,,320.94,,
4178a3ea-43b0-4ba4-96b9-94bfbd2c32a0,AN-5N2CSDNE,REC-Y4HU00HU,Appartement,Appartement charmant à Dijon,Dijon,21000,22/11/2024,324855,119,4,5,,,"Appartement spacieux de 119 m² situé à Dijon. Proche de toutes commodités, transports et écoles. À visiter sans tarder.",,,Claire Faure,,,https://exemple-images.test/AN-5N2CSDNE/1.jpg; https://exemple-images.test/AN-5N2CSDNE/2.jpg,,Toit & Vous,True,,,,47.277629,5.004191,,79.25,,
2abbf09a-5bc1-469f-9dcc-a92b77f9c574,AN-KSV3OE5Q,REC-Y4HU00HU,Appartement,Appartement atypique à Dijon,Dijon,21000,04/07/2026,372374,97,5,6,True,,"Appartement de standing de 97 m² situé à Dijon. Proche de toutes commodités, transports et écoles. À visiter sans tarder. Travaux à prévoir.",,,Julie Martin,,,https://exemple-images.test/AN-KSV3OE5Q/1.jpg,True,ImmoPlus,,,1939,,,,,,,
4a3f44db-efed-4051-afb1-ec989276e5f5,AN-26KMQ22H,REC-Y4HU00HU,Appartement,Appartement lumineux à Dijon,Dijon,21000,2026-05-03T02:24:45,340073,116,3,4,,A,"Appartement atypique de 116 m² situé à Dijon. Proche de toutes commodités, transports et écoles. À visiter sans tarder. Travaux à prévoir.",,,Marie Moreau,,,https://exemple-images.test/AN-26KMQ22H/1.jpg; https://exemple-images.test/AN-26KMQ22H/2.jpg; https://exemple-images.test/AN-26KMQ22H/3.jpg,,Nid Doré,,,,,,,,,,
adde208e-3bcf-438e-9b9b-3853df11bc14,AN-J9C31VX8,REC-Y4HU00HU,Appartement,Appartement à rafraîchir à Dijon,Dijon,21000,08-31-2025,317458 €,156,4,4,True,,"Appartement rénové de 156 m² situé à Dijon. Proche de toutes commodités, transports et écoles. À visiter sans tarder.",,,,,contact52@example.com,https://exemple-images.test/AN-J9C31VX8/1.jpg; https://exemple-images.test/AN-J9C31VX8/2.jpg,,Provence Immobilier,,,,,47.348531,5.056521,,,,
2fdec4c8-8263-49f3-9ba7-31eaca7deeea,AN-7A9ORW4N,REC-Y4HU00HU,Appartement,Appartement charmant à Dijon,Dijon,21000,2024-09-01T10:55:45,288481,168,5,7,False,,,,,Julie Perrin,0364045646,julie.perrin39@example.com,,,Clé en Main Immo,,,,,47.361305,5.050538,,,,
f6a4bf99-5154-4e52-a5a2-a75223dbce91,AN-JFILWANV,REC-Y4HU00HU,Appartement,Appartement à rafraîchir à Dijon,Dijon,21000,14 avril 2025,216203 €,140,2,5,,C,"Appartement au calme de 140 m² situé à Dijon. Proche de toutes commodités, transports et écoles. À visiter sans tarder.",,,Karim Fontaine,0831329899,karim.fontaine35@example.com,https://exemple-images.test/AN-JFILWANV/1.jpg; https://exemple-images.test/AN-JFILWANV/2.jpg; https://exemple-images.test/AN-JFILWANV/3.jpg,True,,,,,,47.285495,5.031649,,,,
89a8692b-c163-4cb9-baf6-34546b920e8a,AN-5ABVLZGK,REC-Y4HU00HU,Appartement,Appartement au calme à Dijon,Dijon,21000,14/05/2025,387486 €,137,5,4,,,,,,,0500861979,contact9@example.com,,False,,,,,,,,,,,
4e422cd5-4980-4d0c-9ed5-6f45bdd63ff4,AN-E2UH5KI3,REC-Y4HU00HU,Appartement,Appartement rénové à Dijon,Dijon,21000,08-18-2026,242453,137,3,6,,,,,,Marc Roche,0214176416,marc.roche4@example.com,,False,,,,1901,,47.368859,5.018749,,,,
1a5e72d3-5a34-43b5-a311-3a3a976b63e8,AN-5I3V0XMG,REC-Y4HU00HU,Appartement,Appartement avec vue dégagée à Dijon,Dijon,21000,20 avril 2025,221523,141,4,7,,B,"Appartement avec vue dégagée de 141 m² situé à Dijon. Proche de toutes commodités, transports et écoles. À visiter sans tarder. Travaux à prévoir.",,,Sophie Girard,0702799603,sophie.girard5@example.com,,True,Provence Immobilier,,,,,,,4,,,
f38c8216-e117-4dc4-869b-9adf14596c8c,AN-Q54RVUKY,REC-Y4HU00HU,Appartement,Appartement au calme à Dijon,Dijon,21000,2024-09-19T13:04:45,201085,189,4,6,,D,"Appartement de standing de 189 m² situé à Dijon. Proche de toutes commodités, transports et écoles. À visiter sans tarder.",,,,0363255672,contact39@example.com,,,,True,,1925,155 rue de la République,,,4,,,
18236b5c-ad60-43a7-a928-747b5e70b05c,AN-P74VG8VX,REC-Y4HU00HU,Appartement,Appartement à rafraîchir à Dijon,Dijon,21000,05-21-2026,304803,182,5,7,,,"Appartement à rafraîchir de 182 m² situé à Dijon. Cave et parking inclus. Proche de toutes commodités, transports et écoles. À visiter sans tarder.",,,,,,,,Clé en Main Immo,,,1903,135 rue du Commerce,47.320047,5.007088,5,,,
d6456840-6d46-4832-a935-a737f59947a0,AN-5I9KBDD8,REC-Y4HU00HU,Appartement,Appartement charmant à Dijon,Dijon,21000,31/03/2026,350089,191,2,5,True,D,"Appartement à rafraîchir de 191 m² situé à Dijon. Proche de toutes commodités, transports et écoles. À visiter sans tarder.",,,Luc Dubois,0138809753,luc.dubois44@example.com,,,,True,,,,,,,,,
493b6b38-b4a5-46c0-afd1-70278c2fd6a9,AN-UQEO9SS7,REC-Y4HU00HU,Appartement,Appartement au calme à Dijon,Dijon,21000,14/12/2024,338756,77,3,4,True,E,"Appartement atypique de 77 m² situé à Dijon. Proche de toutes commodités, transports et écoles. À visiter sans tarder.",,,Nadia Faure,,,,True,,,,2014,,,,,56.41,,
ffe3128b-75b4-4076-bea3-32bcd943f86b,AN-6G8KHZCT,REC-Y4HU00HU,Appartement,Appartement lumineux à Dijon,Dijon,21000,19 septembre 2025,333442,112,1,7,,,"Appartement au calme de 112 m² situé à Dijon. Proche de toutes commodités, transports et écoles. À visiter sans tarder.",,,Karim Girard,0485756968,karim.girard46@example.com,,,,,,1942,191 rue de la République,47.362509,5.009856,3,,,
e96f5e93-33ba-4e87-83da-6f5f9e82b37f,AN-LXFAVHJN,REC-Y4HU00HU,Appartement,Appartement à rafraîchir à Dijon,Dijon,21000,05/11/2024,218194,199,5,6,,,"Appartement spacieux de 199 m² situé à Dijon. Proche de toutes commodités, transports et écoles. À visiter sans tarder. Travaux à prévoir.",,,,0799055393,,,False,,,,,,,,,,,
d9879567-335c-4b67-98e1-c80e676b3362,AN-EGGJWZB3,REC-Y4HU00HU,Appartement,Appartement spacieux à Dijon,Dijon,21000,08-31-2024,319539,110,1,6,,,"Appartement atypique de 110 m² situé à Dijon. Cave et parking inclus. Proche de toutes commodités, transports et écoles. À visiter sans tarder. Travaux à prévoir.",,,Sophie Bernard,,,https://exemple-images.test/AN-EGGJWZB3/1.jpg; https://exemple-images.test/AN-EGGJWZB3/2.jpg; https://exemple-images.test/AN-EGGJWZB3/3.jpg; https://exemple-images.test/AN-EGGJWZB3/4.jpg; https://exemple-images.test/AN-EGGJWZB3/5.jpg,,Toit & Vous,True,,,73 quai de la Loire,47.348328,5.079447,,,,
d5fe3893-ead1-4e2e-9ced-23ff27c00899,AN-G7L5T4Z6,REC-Y4HU00HU,Appartement,Appartement rénové à Dijon,Dijon,21000,05-24-2026,248226,206,1,4,False,,,,,Karim Roche,,karim.roche71@example.com,https://exemple-images.test/AN-G7L5T4Z6/1.jpg; https://exemple-images.test/AN-G7L5T4Z6/2.jpg; https://exemple-images.test/AN-G7L5T4Z6/3.jpg; https://exemple-images.test/AN-G7L5T4Z6/4.jpg; https://exemple-images.test/AN-G7L5T4Z6/5.jpg,,Provence Immobilier,,,,,47.332438,5.01644,,70.92,,
06b64ac3-2c9a-40a7-b6e6-333e049361f1,AN-I7WWJJFT,REC-Y4HU00HU,Appartement,Appartement rénové à Dijon,Dijon,21000,15/08/2025,228201,127,3,5,,E,,,,,0695011540,contact64@example.com,https://exemple-images.test/AN-I7WWJJFT/1.jpg; https://exemple-images.test/AN-I7WWJJFT/2.jpg,,Clé en Main Immo,True,,1977,,47.308553,5.039746,4,,,
c3cac91a-81ac-4329-9298-89c0fc5e5f04,AN-PZPTGP9Q,REC-Y4HU00HU,Appartement,Appartement au calme à Dijon,Dijon,21000,10-11-2025,200229,101,1,7,False,,"Appartement spacieux de 101 m² situé à Dijon. Proche de toutes commodités, transports et écoles. À visiter sans tarder.",,,Julie Moreau,,,https://exemple-images.test/AN-PZPTGP9Q/1.jpg,True,Nid Doré,,,,,,,4,,,
9d378804-b573-4fd2-9c54-013807f0cc9a,AN-EDYN3NVM,REC-Y4HU00HU,Appartement,Appartement charmant à Dijon,Dijon,21000,2025-03-13,343700,,2,6,,D,,,,,,,,True,Nid Doré,,204,,87 quai de la Loire,47.329997,4.996226,4,,,
cec3280f-70e7-48e0-94e0-7fc54ac5956d,AN-4HWHTV1G,REC-Y4HU00HU,Appartement,Appartement en excellent état à Dijon,Dijon,21000,10/02/2026,208825,112,1,5,,,,,,Julie Fontaine,,,,,Century Habitat,,,,,47.31451,5.072435,5,,,
8b7add9d-181d-4b89-9488-8b1f6ee7dd45,AN-OY4BALAL,REC-Y4HU00HU,Appartement,Appartement lumineux à Dijon,Dijon,21000,2025-05-12T10:30:45,332055,151,3,5,False,,"Appartement lumineux de 151 m² situé à Dijon. Proche de toutes commodités, transports et écoles. À visiter sans tarder.",,,,0123565233,contact67@example.com,,False,Toit & Vous,,,1960,,47.329736,5.011038,,,,
0fbe117c-f0f7-4de2-bc02-d072b3b2eb5b,AN-CEDGZUOO,REC-Y4HU00HU,Appartement,Appartement atypique à Dijon,Dijon,21000,4 décembre 2025,236602,73,5,6,,G,"Appartement charmant de 73 m² situé à Dijon. Cave et parking inclus. Proche de toutes commodités, transports et écoles. À visiter sans tarder.",,,Marie Dubois,0378761807,marie.dubois63@example.com,,,,True,,1902,43 quai de la Loire,47.285841,5.068157,,,,
d3a3e4e0-2e62-4642-8d2d-43810b496790,AN-TWWN2N1C,REC-Y4HU00HU,Appartement,Appartement de standing à Dijon,Dijon,21000,28 mai 2025,267025,,3,5,,,"Appartement atypique de 108 m² situé à Dijon. Proche de toutes commodités, transports et écoles. À visiter sans tarder.",,,Sophie Perrin,0817361538,sophie.perrin70@example.com,https://exemple-images.test/AN-TWWN2N1C/1.jpg,,,True,108,1859,75 chemin des Vignes,47.321262,5.067454,3,,,
9ba88207-ffd3-4d6a-9e67-4406c69a1224,AN-2AMCUUFQ,REC-Y4HU00HU,Appartement,Appartement de standing à Dijon,Dijon,21000,1742732265,342318 €,158,2,7,True,,"Appartement de standing de 158 m² situé à Dijon. Proche de toutes commodités, transports et écoles. À visiter sans tarder. Travaux à prévoir.",,,,,,,True,,,,,,,,,,,
cecdc415-649c-4973-8744-7c29b2d77703,AN-BX17C7ZT,REC-Y4HU00HU,Appartement,Appartement lumineux à Dijon,Dijon,21000,2026-02-09T05:36:45,279985,115,5,5,,C,"Appartement en excellent état de 115 m² situé à Dijon. Proche de toutes commodités, transports et écoles. À visiter sans tarder.",,,Marie Lefevre,0597014420,marie.lefevre78@example.com,https://exemple-images.test/AN-BX17C7ZT/1.jpg; https://exemple-images.test/AN-BX17C7ZT/2.jpg,False,Nid Doré,,,1869,185 quai de la Loire,,,,,,
31316add-70da-429f-9313-5166f75391f1,AN-1FCASKVO,REC-Y4HU00HU,Appartement,Appartement à rafraîchir à Dijon,Dijon,21000,2 avril 2026,212514,140,2,7,,,"Appartement atypique de 140 m² situé à Dijon. Cave et parking inclus. Proche de toutes commodités, transports et écoles. À visiter sans tarder.",,,,0880590123,contact73@example.com,,True,Provence Immobilier,,,,181 allée des Platanes,,,dernier étage,,,
a93e1cfe-2780-4aef-bc25-13516a90f977,AN-45QYFDSR,REC-Y4HU00HU,Appartement,Appartement avec vue dégagée à Dijon,Dijon,21000,23 août 2025,214270 €,191,1,5,,B,,,,Claire Bernard,0274553695,claire.bernard32@example.com,https://exemple-images.test/AN-45QYFDSR/1.jpg; https://exemple-images.test/AN-45QYFDSR/2.jpg; https://exemple-images.test/AN-45QYFDSR/3.jpg; https://exemple-images.test/AN-45QYFDSR/4.jpg; https://exemple-images.test/AN-45QYFDSR/5.jpg,False,,,,,,47.279446,5.026854,,,,
24eb7449-2551-4178-9a46-5f6b1f756da7,AN-T5BTPJAF,REC-Y4HU00HU,Appartement,Appartement rénové à Dijon,Dijon,21000,16/12/2024,286760,76,2,5,,,"Appartement en excellent état de 76 m² situé à Dijon. Cave et parking inclus. Proche de toutes commodités, transports et écoles. À visiter sans tarder.",,,Ahmed Faure,0128693754,,,,,,,2017,1 boulevard Gambetta,,,dernier étage,,,
1630b5d0-0551-4e2f-9f88-f07596abffba,AN-P9IBDJGP,REC-Y4HU00HU,Appartement,Appartement lumineux à Dijon,Dijon,21000,06-18-2025,278507,152,1,6,,A,"Appartement lumineux de 152 m² situé à Dijon. Cave et parking inclus. Proche de toutes commodités, transports et écoles. À visiter sans tarder.",,,,0865222134,contact51@example.com,https://exemple-images.test/AN-P9IBDJGP/1.jpg; https://exemple-images.test/AN-P9IBDJGP/2.jpg; https://exemple-images.test/AN-P9IBDJGP/3.jpg; https://exemple-images.test/AN-P9IBDJGP/4.jpg,True,,,,,118 impasse des Lilas,47.320478,5.06268,dernier étage,325.69,,
073e7c38-4d68-475a-98b7-9aa169fce8de,AN-9C5109RL,REC-Y4HU00HU,Appartement,Appartement spacieux à Dijon,Dijon,21000,2026-02-21T00:09:45,325301,97,1,5,True,,"Appartement avec vue dégagée de 97 m² situé à Dijon. Proche de toutes commodités, transports et écoles. À visiter sans tarder. Travaux à prévoir.",,,Ahmed Faure,0148419768,ahmed.faure11@example.com,,,Provence Immobilier,,,,,,,,,,
6918ceec-6a49-498b-9dbc-f01f0a959d77,AN-GBZVO6W5,REC-Y4HU00HU,Appartement,Appartement spacieux à Dijon,Dijon,21000,6 mars 2026,312287,124,5,6,False,C,"Appartement au calme de 124 m² situé à Dijon. Proche de toutes commodités, transports et écoles. À visiter sans tarder.",,,,,,,,Clé en Main Immo,,,,,,,0,,,
2f52fea1-67c2-4a68-9451-5f3010ff7fa5,AN-0CJTN6SG,REC-Y4HU00HU,Appartement,Appartement en excellent état à Dijon,Dijon,21000,10-07-2025,358732,147,2,6,,,"Appartement avec vue dégagée de 147 m² situé à Dijon. Cave et parking inclus. Proche de toutes commodités, transports et écoles. À visiter sans tarder.",,,Marc Perrin,0939200857,,,False,,,,,,,,RDC,,,
4ec98ff3-cc4a-482a-a35b-b35f1945aaff,AN-MM6JG8EV,REC-Y4HU00HU,Appartement,Appartement rénové à Dijon,Dijon,21000,01-01-2025,327200,97,5,7,,,"Appartement au calme de 97 m² situé à Dijon. Cave et parking inclus. Proche de toutes commodités, transports et écoles. À visiter sans tarder.",,,Marc Girard,,marc.girard20@example.com,https://exemple-images.test/AN-MM6JG8EV/1.jpg; https://exemple-images.test/AN-MM6JG8EV/2.jpg; https://exemple-images.test/AN-MM6JG8EV/3.jpg,False,Century Habitat,,,,69 rue Victor Hugo,47.365142,5.001391,,,,
969c7ee3-cca0-44e9-98fc-b1b5d7454210,AN-05VECLZJ,REC-Y4HU00HU,Appartement,Appartement rénové à Dijon,Dijon,21000,26/04/2025,359464,76,2,4,,G,"Appartement en excellent état de 76 m² situé à Dijon. Proche de toutes commodités, transports et écoles. À visiter sans tarder. Travaux à prévoir.",,,Sophie Dubois,0115643819,,https://exemple-images.test/AN-05VECLZJ/1.jpg; https://exemple-images.test/AN-05VECLZJ/2.jpg; https://exemple-images.test/AN-05VECLZJ/3.jpg,False,Clé en Main Immo,,,1928,63 allée des Platanes,47.273631,5.079987,,,,
24b5f33e-491c-4c4c-be04-ac53d4b89050,AN-5ILMQM9H,REC-Y4HU00HU,Appartement,Appartement de standing à Dijon,Dijon,21000,2025-07-01T14:36:45,275721 €,81,4,4,,,,,,Claire Faure,0038074296,claire.faure80@example.com,,,,,,,,47.338908,5.01611,,,,
ff489801-01f1-43ca-b90f-d37ac7369b4a,AN-OKO163NR,REC-Y4HU00HU,Appartement,Appartement en excellent état à Dijon,Dijon,21000,03-26-2025,239857,101,3,6,False,,,,,Julie Perrin,,,,True,Provence Immobilier,,,,80 boulevard Gambetta,47.305656,5.083441,4,,,
ec77661d-2458-43eb-9e1f-a83168b1a73b,AN-WVJY2PGN,REC-Y4HU00HU,Appartement,Appartement à rafraîchir à Dijon,Dijon,21000,2025-11-09T17:26:45,355609,99,1,5,,,"Appartement à rafraîchir de 99 m² situé à Dijon. Proche de toutes commodités, transports et écoles. À visiter sans tarder.",,,Claire Roche,,claire.roche29@example.com,,False,,,,2022,,,,,375.58,,
f4798ded-a1ff-4595-be1c-42051148a0bb,AN-34H751V1,REC-Y4HU00HU,Appartement,Appartement spacieux à Dijon,Dijon,21000,2026-05-31T00:56:45,234191,186,4,6,,E,"Appartement rénové de 186 m² situé à Dijon. Proche de toutes commodités, transports et écoles. À visiter sans tarder.",,,,0278399561,contact71@example.com,,False,ImmoPlus,,,,,,,,,,
1c4c036e-a972-4255-82b9-5c4a35f7c823,AN-LJ1BHHK7,REC-Y4HU00HU,Appartement,Appartement atypique à Dijon,Dijon,21000,10/08/2025,385218,129,5,5,,,"Appartement de standing de 129 m² situé à Dijon. Proche de toutes commodités, transports et écoles. À visiter sans tarder.",,,,0368657278,contact86@example.com,https://exemple-images.test/AN-LJ1BHHK7/1.jpg,,,,,1955,,,,0,,,
eba043bc-6346-471f-8f9f-b2b940cce771,AN-NRPVNIQ8,REC-Y4HU00HU,Appartement,Appartement spacieux à Dijon,Dijon,21000,1765239705,324916,186,1,7,True,,"Appartement de standing de 186 m² situé à Dijon. Proche de toutes commodités, transports et écoles. À visiter sans tarder.",,,Ahmed Martin,,ahmed.martin97@example.com,,,Toit & Vous,,,,195 rue Jean Jaurès,,,,,,
0c9cf4a6-d22c-4481-a4cd-cf85204034cb,AN-2AYYANSD,REC-Y4HU00HU,Appartement,Appartement rénové à Dijon,Dijon,21000,07-09-2025,274883,205,2,4,,,"Appartement lumineux de 205 m² situé à Dijon. Proche de toutes commodités, transports et écoles. À visiter sans tarder.",,,,0624244900,contact47@example.com,,True,,,,1955,,47.286232,5.091374,,,,
90636cbe-e3a7-47c4-b453-a2d5ace81996,AN-07UB5BSE,REC-Y4HU00HU,Appartement,Appartement spacieux à Dijon,Dijon,21000,5 juillet 2025,232015,,3,4,,B,"Appartement en excellent état de 170 m² situé à Dijon. Proche de toutes commodités, transports et écoles. À visiter sans tarder.",,,Karim Roche,,,,False,,,170,,84 rue du Commerce,47.280509,5.047452,5,,,
64d35486-fe44-4cdf-878a-4e63fe485c27,AN-96AMEO14,REC-Y4HU00HU,Appartement,Appartement atypique à Dijon,Dijon,21000,10-03-2024,331421 €,86,4,4,,,"Appartement charmant de 86 m² situé à Dijon. Proche de toutes commodités, transports et écoles. À visiter sans tarder. Travaux à prévoir.",,,,0533539428,contact89@example.com,https://exemple-images.test/AN-96AMEO14/1.jpg; https://exemple-images.test/AN-96AMEO14/2.jpg; https://exemple-images.test/AN-96AMEO14/3.jpg,,,,,1871,,,,2,,,
1a64eb77-114f-41dc-99a8-58e60184357a,AN-TNOK9JIT,REC-Y4HU00HU,Appartement,Appartement avec vue dégagée à Dijon,Dijon,21000,04-17-2026,299417,84,2,5,,D,"Appartement rénové de 84 m² situé à Dijon. Cave et parking inclus. Proche de toutes commodités, transports et écoles. À visiter sans tarder. Travaux à prévoir.",,,Nadia Lefevre,0070512329,,,,Century Habitat,True,,1941,,,,4,,,
2a129b7b-f624-405a-a129-f8dd9b313a7f,AN-LZWH0UKW,REC-Y4HU00HU,Appartement,Appartement atypique à Dijon,Dijon,21000,1733083845,335827,169,1,7,False,B,"Appartement lumineux de 169 m² situé à Dijon. Proche de toutes commodités, transports et écoles. À visiter sans tarder.",,,Claire Perrin,0299539886,claire.perrin65@example.com,,,,True,,,30 chemin des Vignes,,,,,,
c66941cd-450d-438e-9da3-4f20a48d45de,AN-UAM3XBIE,REC-Y4HU00HU,Appartement,Appartement spacieux à Dijon,Dijon,21000,1740298665,216098,210,1,5,False,,"Appartement à rafraîchir de 210 m² situé à Dijon. Proche de toutes commodités, transports et écoles. À visiter sans tarder.",,,,0395527085,contact27@example.com,,,Century Habitat,,,,,47.329075,5.026681,,,,
a509b526-bff8-43eb-83a7-7d822c50f86e,AN-DRFZ3P90,REC-Y4HU00HU,Appartement,Appartement atypique à Dijon,Dijon,21000,1742920605,322257 €,68,4,6,,,"Appartement en excellent état de 68 m² situé à Dijon. Cave et parking inclus. Proche de toutes commodités, transports et écoles. À visiter sans tarder.",,,Marie Fontaine,,,,,,,,,6 boulevard Gambetta,,,,166.66,,
74f80612-d8c8-4764-816a-3295cacddf69,AN-EN891BDR,REC-Y4HU00HU,Appartement,Appartement en excellent état à Dijon,Dijon,21000,2026-04-04,280446,93,1,4,True,E,"Appartement spacieux de 93 m² situé à Dijon. Cave et parking inclus. Proche de toutes commodités, transports et écoles. À visiter sans tarder. Travaux à prévoir.",,,,0419163008,contact50@example.com,,False,,,,,,,,,,,
345089f9-2a64-4ead-be3c-a072060ba941,AN-JU4ZT97Z,REC-Y4HU00HU,Appartement,Appartement de standing à Dijon,Dijon,21000,04-25-2026,207469,121,4,5,,,"Appartement spacieux de 121 m² situé à Dijon. Proche de toutes commodités, transports et écoles. À visiter sans tarder.",,,Marc Roche,0086681590,,https://exemple-images.test/AN-JU4ZT97Z/1.jpg; https://exemple-images.test/AN-JU4ZT97Z/2.jpg; https://exemple-images.test/AN-JU4ZT97Z/3.jpg; https://exemple-images.test/AN-JU4ZT97Z/4.jpg,,,,,1993,33 allée des Platanes,,,,127.45,,
c4e6b4a2-50f4-4078-9cc5-d48577b436e4,AN-DNVSMK9M,REC-Y4HU00HU,Appartement,Appartement atypique à Dijon,Dijon,21000,06-08-2026,308238,89,5,6,,,,,,Luc Bernard,0070390946,luc.bernard21@example.com,,,,,,,3 rue Jean Jaurès,47.355281,5.022856,,,,
8637d36a-0437-409b-b3a0-8d37c17bc992,AN-Y1PPRWV7,REC-Y4HU00HU,Appartement,Appartement de standing à Dijon,Dijon,21000,08-14-2026,362429,87,4,4,,,"Appartement avec vue dégagée de 87 m² situé à Dijon. Proche de toutes commodités, transports et écoles. À visiter sans tarder.",,,Marc Girard,,,,True,,,,,,,,,,,
deb2dfe6-a740-4506-9c01-b8b48f890cd1,AN-7MMETT3X,REC-Y4HU00HU,Appartement,Appartement au calme à Dijon,Dijon,21000,10-13-2025,296516 €,77,4,6,,B,"Appartement spacieux de 77 m² situé à Dijon. Proche de toutes commodités, transports et écoles. À visiter sans tarder.",,,Karim Bernard,,,,False,,,,,171 rue Jean Jaurès,,,0,,,
c5ee3052-bf9c-482c-a743-626213818791,AN-T2WKCH9G,REC-Y4HU00HU,Appartement,Appartement atypique à Dijon,Dijon,21000,22 mars 2025,328463,,1,5,,,,,,Claire Lefevre,0401110865,,https://exemple-images.test/AN-T2WKCH9G/1.jpg; https://exemple-images.test/AN-T2WKCH9G/2.jpg; https://exemple-images.test/AN-T2WKCH9G/3.jpg; https://exemple-images.test/AN-T2WKCH9G/4.jpg,,Toit & Vous,,101,,29 rue Victor Hugo,,,,245.54,,
e66f36e9-b684-4adc-b317-7002adf5cf60,AN-RDZ3SUKO,REC-Y4HU00HU,Appartement,Appartement de standing à Dijon,Dijon,21000,03-31-2026,223111,121,5,4,,F,"Appartement charmant de 121 m² situé à Dijon. Cave et parking inclus. Proche de toutes commodités, transports et écoles. À visiter sans tarder.",,,Luc Lefevre,,luc.lefevre27@example.com,,,Nid Doré,,,,160 rue Jean Jaurès,47.290505,5.02793,,,,
75321238-2c9c-45a9-a1e6-27fd6b5b3784,AN-BUMTZ9UI,REC-Y4HU00HU,Appartement,Appartement de standing à Dijon,Dijon,21000,12-04-2025,282023,189,2,4,,,,,,Marc Bernard,0388971176,marc.bernard64@example.com,,,,,,,,,,,,,
694c3cdd-3a4e-46f9-add4-60f107d3019a,AN-BEU2QNL9,REC-Y4HU00HU,Appartement,Appartement avec vue dégagée à Dijon,Dijon,21000,2025-02-21,276622,213,5,7,,,"Appartement atypique de 213 m² situé à Dijon. Proche de toutes commodités, transports et écoles. À visiter sans tarder. Travaux à prévoir.",,,,0534837963,,https://exemple-images.test/AN-BEU2QNL9/1.jpg; https://exemple-images.test/AN-BEU2QNL9/2.jpg; https://exemple-images.test/AN-BEU2QNL9/3.jpg; https://exemple-images.test/AN-BEU2QNL9/4.jpg; https://exemple-images.test/AN-BEU2QNL9/5.jpg,,,True,,1896,179 rue Pasteur,47.359365,4.998844,4,,,
1af5dc77-2c6f-4628-bdaf-e17b92ebdab5,AN-RSEUPACA,REC-Y4HU00HU,Appartement,Appartement avec vue dégagée à Dijon,Dijon,21000,1779027885,357746,161,1,7,,,,,,Marie Faure,0272642583,marie.faure94@example.com,,False,ImmoPlus,,,,,47.282127,5.061492,,,,
6ec4f44f-c3ae-4900-a2ff-f8b079b05066,AN-955TAQPP,REC-Y4HU00HU,Appartement,Appartement lumineux à Dijon,Dijon,21000,2026-06-10,359896,66,3,6,True,G,"Appartement avec vue dégagée de 66 m² situé à Dijon. Proche de toutes commodités, transports et écoles. À visiter sans tarder.",,,,0064521626,contact9@example.com,,,,,,,176 rue Pasteur,47.319937,5.024209,,,,
564c5caf-9ca6-450b-8306-186e2d5f969f,AN-50U7JTZL,REC-Y4HU00HU,Appartement,Appartement atypique à Dijon,Dijon,21000,2025-03-07T08:06:45,307949,88,5,4,,,"Appartement à rafraîchir de 88 m² situé à Dijon. Cave et parking inclus. Proche de toutes commodités, transports et écoles. À visiter sans tarder.",,,,0851986865,contact91@example.com,,,,,,,,,,1,,,
52a2de75-2606-4899-9a0c-9f1e7aa447d8,AN-PV599BJ8,REC-Y4HU00HU,Appartement,Appartement au calme à Dijon,Dijon,21000,03-07-2026,285302,194,1,4,,B,"Appartement lumineux de 194 m² situé à Dijon. Proche de toutes commodités, transports et écoles. À visiter sans tarder.",,,Ahmed Perrin,0815128491,,,,,True,,,54 allée des Platanes,,,,,,
c5845da6-ffdc-49de-a0b2-ff1225fd0923,AN-Y0XA3FS6,REC-Y4HU00HU,Appartement,Appartement à rafraîchir à Dijon,Dijon,21000,27/09/2025,368696,166,1,6,,,"Appartement lumineux de 166 m² situé à Dijon. Cave et parking inclus. Proche de toutes commodités, transports et écoles. À visiter sans tarder. Travaux à prévoir.",,,Karim Roche,0011724474,karim.roche68@example.com,,,ImmoPlus,,,,33 boulevard Gambetta,47.317197,5.014901,dernier étage,,,
da444757-e655-4dcc-a7a5-09f495d4153f,AN-8SQVTDRL,REC-Y4HU00HU,Appartement,Appartement de standing à Dijon,Dijon,21000,1737315105,249910,168,2,5,,E,"Appartement lumineux de 168 m² situé à Dijon. Proche de toutes commodités, transports et écoles. À visiter sans tarder. Travaux à prévoir.",,,Julie Roche,0146971900,julie.roche81@example.com,https://exemple-images.test/AN-8SQVTDRL/1.jpg; https://exemple-images.test/AN-8SQVTDRL/2.jpg; https://exemple-images.test/AN-8SQVTDRL/3.jpg; https://exemple-images.test/AN-8SQVTDRL/4.jpg,True,Century Habitat,,,,63 quai de la Loire,47.342083,5.03826,,171.79,,
de46d425-4260-4303-b20e-849123dd79dd,AN-KRCG7X79,REC-Y4HU00HU,Appartement,Appartement charmant à Dijon,Dijon,21000,2026-07-02,335922,74,3,5,True,G,"Appartement au calme de 74 m² situé à Dijon. Cave et parking inclus. Proche de toutes commodités, transports et écoles. À visiter sans tarder.",,,,0765902314,,,,Century Habitat,,,,180 quai de la Loire,,,2,,,
3a85be4a-ef60-4f79-8ee9-c03be16e6538,AN-TTHBRRTD,REC-Y4HU00HU,Appartement,Appartement à rafraîchir à Dijon,Dijon,21000,2026-02-11,348699 €,137,1,5,,,,,,Marc Fontaine,0807598303,,,True,,,,1952,175 chemin des Vignes,,,,,,
0b83a111-61e6-4c59-9202-5c523cf699ce,AN-734RBE7R,REC-Y4HU00HU,Appartement,Appartement atypique à Dijon,Dijon,21000,1767898125,215924,72,1,4,True,,"Appartement avec vue dégagée de 72 m² situé à Dijon. Proche de toutes commodités, transports et écoles. À visiter sans tarder.",,,Karim Faure,,,,,,,,1944,65 rue Jean Jaurès,,,,,,
c5d01831-bcf6-4c42-8a5d-3c53fc4e29db,AN-U61CGZFA,REC-Y4HU00HU,Appartement,Appartement en excellent état à Dijon,Dijon,21000,01-31-2025,198310,86,1,5,,,,,,,0626898883,contact9@example.com,,,Century Habitat,,,,,47.290217,5.012434,4,,,
51c34d36-0a88-4ffd-9f9b-02aa5dc5efd8,AN-NBTPZJDL,REC-Y4HU00HU,Appartement,Appartement rénové à Dijon,Dijon,21000,2026-02-06,378351,137,1,6,,,,,,Nadia Girard,0043315762,,,True,ImmoPlus,,,,,,,,,,
d5f6f471-c6a6-48b0-8705-e4f624f49b4c,AN-5G450MA7,REC-Y4HU00HU,Appartement,Appartement de standing à Dijon,Dijon,21000,8 mars 2025,201111,91,5,7,,G,"Appartement avec vue dégagée de 91 m² situé à Dijon. Proche de toutes commodités, transports et écoles. À visiter sans tarder.",,,Ahmed Martin,,ahmed.martin41@example.com,,,,,,1852,120 chemin des Vignes,47.369846,5.061294,,,,
f66bb11c-612e-4f0e-8e23-d43ca6f0bab5,AN-TNIIB16M,REC-Y4HU00HU,Appartement,Appartement de standing à Dijon,Dijon,21000,29 octobre 2025,221493,136,4,7,,B,"Appartement lumineux de 136 m² situé à Dijon. Proche de toutes commodités, transports et écoles. À visiter sans tarder.",,,Karim Bernard,0683431809,,,,Provence Immobilier,,,1859,,,,2,129.09,,
1cf07622-b850-4742-9742-a5189e2e2ce6,AN-LMIXZB1G,REC-Y4HU00HU,Appartement,Appartement spacieux à Dijon,Dijon,21000,1783699725,362253,194,1,7,,C,,,,,,contact71@example.com,,,ImmoPlus,True,,1936,131 rue Jean Jaurès,47.371827,5.054731,,,,
9db80271-2c37-4cdb-b064-6d792114a323,AN-YCXPEK07,REC-Y4HU00HU,Appartement,Appartement de standing à Dijon,Dijon,21000,2024-11-13,341440,86,5,7,,,"Appartement en excellent état de 86 m² situé à Dijon. Cave et parking inclus. Proche de toutes commodités, transports et écoles. À visiter sans tarder.",,,,0526267039,,,True,,,,,60 rue du Commerce,47.330339,4.991972,,,,
9187f791-1480-425e-af4a-ee84a2fa5d94,AN-Q0JBA8JF,REC-Y4HU00HU,Appartement,Appartement spacieux à Dijon,Dijon,21000,12 avril 2026,223221,200,5,7,True,D,,,,,0648582099,contact23@example.com,,,,,,1999,116 rue du Commerce,,,dernier étage,,,
5052076a-67fd-4083-9cae-8aba5c347b0c,AN-6VY5UINH,REC-Y4HU00HU,Appartement,Appartement en excellent état à Dijon,Dijon,21000,2025-11-24T16:50:45,310191,203,3,7,True,,"Appartement charmant de 203 m² situé à Dijon. Cave et parking inclus. Proche de toutes commodités, transports et écoles. À visiter sans tarder.",,,Luc Perrin,,luc.perrin42@example.com,,True,,,,,121 rue de la République,,,,221.09,,
ee8e7be0-95d1-447b-aa7b-6dfda4e23a63,AN-FAK7BQUV,REC-Y4HU00HU,Appartement,Appartement charmant à Dijon,Dijon,21000,1739160765,200062,156,1,4,,,"Appartement atypique de 156 m² situé à Dijon. Proche de toutes commodités, transports et écoles. À visiter sans tarder.",,,,,contact72@example.com,,,,True,,,,47.276415,5.041195,dernier étage,,,
ceb01a59-9715-4dca-82da-dff2b04949f3,AN-3XB3N6VN,REC-Y4HU00HU,Appartement,Appartement atypique à Dijon,Dijon,21000,12 octobre 2025,352104,193,4,4,True,A,"Appartement en excellent état de 193 m² situé à Dijon. Cave et parking inclus. Proche de toutes commodités, transports et écoles. À visiter sans tarder. Travaux à prévoir.",,,,0743379980,contact17@example.com,https://exemple-images.test/AN-3XB3N6VN/1.jpg; https://exemple-images.test/AN-3XB3N6VN/2.jpg; https://exemple-images.test/AN-3XB3N6VN/3.jpg; https://exemple-images.test/AN-3XB3N6VN/4.jpg,,,True,,1924,68 rue Victor Hugo,,,,226.86,,
50fd5a80-2897-45df-a4b0-13473f79e444,AN-NFPJLUAD,REC-Y4HU00HU,Appartement,Appartement au calme à Dijon,Dijon,21000,05/06/2026,306819,210,3,6,,,,,,Marie Lefevre,0289893390,marie.lefevre56@example.com,,,,,,1889,,,,4,,,
68d2fbe8-5982-4104-a86c-64fcb066518f,AN-UQDGVHRN,REC-Y4HU00HU,Appartement,Appartement lumineux à Dijon,Dijon,21000,2025-09-30,326849,78,4,4,,C,"Appartement à rafraîchir de 78 m² situé à Dijon. Proche de toutes commodités, transports et écoles. À visiter sans tarder.",,,,0083838677,,,,Provence Immobilier,True,,1968,122 allée des Platanes,,,,100.52,,
6f33ff96-9eac-411b-9555-153a3fc15210,AN-J2ZUJCHF,REC-Y4HU00HU,Appartement,Appartement à rafraîchir à Dijon,Dijon,21000,19 mars 2025,225561,195,5,7,,A,"Appartement atypique de 195 m² situé à Dijon. Cave et parking inclus. Proche de toutes commodités, transports et écoles. À visiter sans tarder.",,,,0863487416,,https://exemple-images.test/AN-J2ZUJCHF/1.jpg; https://exemple-images.test/AN-J2ZUJCHF/2.jpg; https://exemple-images.test/AN-J2ZUJCHF/3.jpg,,,,,1876,124 allée des Platanes,,,RDC,,,
1ab3aa11-2aa5-45c6-8913-630be7e45f70,AN-OCACR3O2,REC-Y4HU00HU,Appartement,Appartement charmant à Dijon,Dijon,21000,1785198405,320877,98,2,7,True,A,"Appartement avec vue dégagée de 98 m² situé à Dijon. Proche de toutes commodités, transports et écoles. À visiter sans tarder.",,,Sophie Martin,0536310932,,,,,True,,,51 allée des Platanes,47.366855,5.027114,1,,,
15352ef4-1353-4009-b3a6-19d6145211e2,AN-P955LCPG,REC-Y4HU00HU,Appartement,Appartement charmant à Dijon,Dijon,21000,2025-03-06T12:42:45,223987,,4,5,,,"Appartement de standing de 203 m² situé à Dijon. Proche de toutes commodités, transports et écoles. À visiter sans tarder. Travaux à prévoir.",,,,,,,,,,203,1998,,,,4,,,
16d5d7dd-9d71-40d2-9666-7829b2a761e1,AN-4DQ5YFE4,REC-Y4HU00HU,Appartement,Appartement en excellent état à Dijon,Dijon,21000,2024-08-24T15:02:45,390089,170,2,5,,G,"Appartement avec vue dégagée de 170 m² situé à Dijon. Cave et parking inclus. Proche de toutes commodités, transports et écoles. À visiter sans tarder.",,,,,,https://exemple-images.test/AN-4DQ5YFE4/1.jpg; https://exemple-images.test/AN-4DQ5YFE4/2.jpg; https://exemple-images.test/AN-4DQ5YFE4/3.jpg; https://exemple-images.test/AN-4DQ5YFE4/4.jpg; https://exemple-images.test/AN-4DQ5YFE4/5.jpg,True,Toit & Vous,,,,,,,5,213.29,,
a853ef8a-46ee-4fc9-91a2-646ea61dd0ae,AN-57AECKTP,REC-Y4HU00HU,Appartement,Appartement rénové à Dijon,Dijon,21000,16 septembre 2024,289943,204,4,6,True,G,"Appartement spacieux de 204 m² situé à Dijon. Proche de toutes commodités, transports et écoles. À visiter sans tarder.",,,Nadia Girard,0668665317,,,,Century Habitat,,,1866,,47.37057,4.993696,,,,
203193af-28b1-4b7f-a747-70a5e520d508,AN-CSRXSFY3,REC-Y4HU00HU,Appartement,Appartement avec vue dégagée à Dijon,Dijon,21000,24/04/2026,329595,112,3,4,True,,"Appartement au calme de 112 m² situé à Dijon. Proche de toutes commodités, transports et écoles. À visiter sans tarder.",,,Jean Faure,0212055153,jean.faure25@example.com,,False,,,,,,47.34777,5.024068,,,,
eae3de3b-c33b-48bf-895a-d584fecaa592,AN-HOEICU0I,REC-Y4HU00HU,Appartement,Appartement atypique à Dijon,Dijon,21000,11-11-2024,249156,210,2,4,,G,"Appartement lumineux de 210 m² situé à Dijon. Proche de toutes commodités, transports et écoles. À visiter sans tarder.",,,Luc Faure,,luc.faure90@example.com,,False,,,,,106 impasse des Lilas,47.369283,5.001376,0,,,
a4c5b5b3-f718-4ee9-a671-9560776d76b8,AN-1J56XNDK,REC-Y4HU00HU,Appartement,Appartement de standing à Dijon,Dijon,21000,05-17-2026,295507 €,206,3,5,False,G,"Appartement avec vue dégagée de 206 m² situé à Dijon. Proche de toutes commodités, transports et écoles. À visiter sans tarder.",,,Nadia Lefevre,0699166705,,,False,,,,1915,24 place de la Mairie,47.345475,5.066796,,,,
2e5f6d76-4d1f-4b19-8b08-6a0e3370ff75,AN-GPP531W9,REC-Y4HU00HU,Appartement,Appartement à rafraîchir à Dijon,Dijon,21000,2025-02-01T08:07:45,342754 €,,4,6,,,,,,Nadia Moreau,0392626471,nadia.moreau6@example.com,,,Provence Immobilier,True,193,,16 boulevard Gambetta,47.332115,5.067648,,,,
e9a51648-1ca3-43ae-bcf3-9d418faa8422,AN-4KSSM9AU,REC-Y4HU00HU,Appartement,Appartement avec vue dégagée à Dijon,Dijon,21000,20/08/2025,342259,203,2,5,,,"Appartement spacieux de 203 m² situé à Dijon. Proche de toutes commodités, transports et écoles. À visiter sans tarder.",,,,0481859293,contact59@example.com,,False,,,,,34 avenue des Champs,47.310809,5.021676,,177.73,,
10d86a32-9f39-47f3-a51e-460456ae6e87,AN-FJJJLUJV,REC-Y4HU00HU,Appartement,Appartement avec vue dégagée à Dijon,Dijon,21000,06/11/2024,272905,180,1,4,False,,"Appartement spacieux de 180 m² situé à Dijon. Cave et parking inclus. Proche de toutes commodités, transports et écoles. À visiter sans tarder.",,,,0309486313,,,True,Toit & Vous,,,,138 rue Pasteur,,,,,,
faf5325d-944c-40b5-b73c-80c67be54540,AN-D6UR4CZK,REC-Y4HU00HU,Appartement,Appartement lumineux à Dijon,Dijon,21000,1782573285,234997 €,,3,7,,,,,,,0045674457,,,True,,,73,,,47.347776,5.018828,,,,
307c6f48-8969-445c-863f-f7e93f901480,AN-A1QEBRUF,REC-Y4HU00HU,Appartement,Appartement charmant à Dijon,Dijon,21000,5 janvier 2026,224117,140,5,7,,,"Appartement avec vue dégagée de 140 m² situé à Dijon. Proche de toutes commodités, transports et écoles. À visiter sans tarder.",,,Karim Moreau,,karim.moreau97@example.com,,False,Clé en Main Immo,,,1980,187 rue du Commerce,47.326787,5.012962,RDC,141.9,,
306fa473-a7d6-4e62-9d73-1747f7ce8423,AN-O24C83QN,REC-Y4HU00HU,Appartement,Appartement rénové à Dijon,Dijon,21000,23 mai 2026,208357 €,99,1,7,False,F,"Appartement avec vue dégagée de 99 m² situé à Dijon. Proche de toutes commodités, transports et écoles. À visiter sans tarder.",,,Nadia Lefevre,0714013771,,,,ImmoPlus,True,,,123 rue de la République,,,RDC,,,
0cdf35ea-c214-4c44-99eb-631725863f18,AN-0FJXJ986,REC-Y4HU00HU,Appartement,Appartement à rafraîchir à Dijon,Dijon,21000,2026-02-24T05:05:45,270093,92,1,5,True,C,"Appartement atypique de 92 m² situé à Dijon. Proche de toutes commodités, transports et écoles. À visiter sans tarder.",,,,0218653614,,https://exemple-images.test/AN-0FJXJ986/1.jpg; https://exemple-images.test/AN-0FJXJ986/2.jpg; https://exemple-images.test/AN-0FJXJ986/3.jpg; https://exemple-images.test/AN-0FJXJ986/4.jpg; https://exemple-images.test/AN-0FJXJ986/5.jpg,True,,,,,174 quai de la Loire,,,,141.03,,
737176af-9590-440c-bcf8-d172ba45eeea,AN-K9LH6B3O,REC-Y4HU00HU,Appartement,Appartement avec vue dégagée à Dijon,Dijon,21000,2026-03-17T22:50:45,232984,,2,6,,,"Appartement à rafraîchir de 89 m² situé à Dijon. Proche de toutes commodités, transports et écoles. À visiter sans tarder.",,,Claire Lefevre,0937403821,claire.lefevre39@example.com,https://exemple-images.test/AN-K9LH6B3O/1.jpg; https://exemple-images.test/AN-K9LH6B3O/2.jpg; https://exemple-images.test/AN-K9LH6B3O/3.jpg; https://exemple-images.test/AN-K9LH6B3O/4.jpg; https://exemple-images.test/AN-K9LH6B3O/5.jpg,,Century Habitat,,89,1874,178 quai de la Loire,,,,,,
3cd8d02f-dd12-409f-8f96-fbdc87b76a33,AN-5R3EA2TJ,REC-Y4HU00HU,Appartement,Appartement de standing à Dijon,Dijon,21000,1725750465,372872,134,5,4,,,"Appartement en excellent état de 134 m² situé à Dijon. Proche de toutes commodités, transports et écoles. À visiter sans tarder.",,,Claire Perrin,0751302481,claire.perrin72@example.com,,,Toit & Vous,,,,68 rue de la République,47.32685,5.027002,,,,
d3065610-29b7-403d-94d9-267d050d4fa0,AN-3WDVQXY6,REC-Y4HU00HU,Appartement,Appartement rénové à Dijon,Dijon,21000,12 avril 2025,278302,76,1,5,False,,"Appartement atypique de 76 m² situé à Dijon. Proche de toutes commodités, transports et écoles. À visiter sans tarder.",,,Nadia Lefevre,0338332680,,,,ImmoPlus,,,,,,,,,,
b4cc4a45-815a-45b4-b0e5-09c12d4b3493,AN-AAC1A8SG,REC-Y4HU00HU,Appartement,Appartement avec vue dégagée à Dijon,Dijon,21000,1741591425,276747,110,5,6,,G,,,,,0032045887,contact40@example.com,,False,,,,,106 rue Victor Hugo,47.325502,5.00456,3,,,
265725a5-8059-49d0-a5c4-fa3bd8a65f92,AN-9ELRKV00,REC-Y4HU00HU,Appartement,Appartement avec vue dégagée à Dijon,Dijon,21000,2026-04-03,353667,,4,6,,D,"Appartement charmant de 114 m² situé à Dijon. Proche de toutes commodités, transports et écoles. À visiter sans tarder.",,,,0464325953,,,,Nid Doré,,114,1861,82 rue de la République,47.274762,5.040189,dernier étage,,,
7997059c-f800-4395-95e3-d8a02dab91a9,AN-Y8OTROH5,REC-Y4HU00HU,Appartement,Appartement charmant à Dijon,Dijon,21000,2026-08-07T16:58:45,222118 €,126,3,6,True,,,,,Karim Roche,,karim.roche35@example.com,,,,,,,,,,1,378.36,,
1b560ec2-6539-4817-9a61-7d4ac6169380,AN-K5R54DBF,REC-Y4HU00HU,Appartement,Appartement à rafraîchir à Dijon,Dijon,21000,2026-03-13,388061,119,5,7,,C,"Appartement au calme de 119 m² situé à Dijon. Proche de toutes commodités, transports et écoles. À visiter sans tarder.",,,Claire Perrin,0595592107,,,True,,,,,38 allée des Platanes,,,,,,
be4bddac-9e50-4a2f-a25b-e6147d52b02f,AN-2V60D7JS,REC-Y4HU00HU,Appartement,Appartement au calme à Dijon,Dijon,21000,11-25-2024,306648,160,4,5,,G,"Appartement de standing de 160 m² situé à Dijon. Proche de toutes commodités, transports et écoles. À visiter sans tarder.",,,,0284068546,,,True,,,,,80 boulevard Gambetta,47.275982,5.028721,,,,
ece461d5-5b11-48bc-9613-44214a165e15,AN-HRPQZ2BC,REC-Y4HU00HU,Appartement,Appartement avec vue dégagée à Dijon,Dijon,21000,08-13-2026,388015,97,2,4,True,D,,,,,,,,,ImmoPlus,,,1961,,47.349978,5.07337,,,,
083583dd-f9c8-40ae-8e05-5a5f1c9d51fa,AN-M83TDUZX,REC-Y4HU00HU,Appartement,Appartement au calme à Dijon,Dijon,21000,1774575345,241614 €,113,2,6,,,"Appartement lumineux de 113 m² situé à Dijon. Cave et parking inclus. Proche de toutes commodités, transports et écoles. À visiter sans tarder.",,,Karim Fontaine,0036107194,,,,,,,2008,102 rue du Commerce,,,,,,
7c5cc7b6-1822-46c0-9a5f-f6245b69e278,AN-6EL8HBO5,REC-Y4HU00HU,Appartement,Appartement atypique à Dijon,Dijon,21000,1742245005,379172,71,1,7,,,"Appartement avec vue dégagée de 71 m² situé à Dijon. Proche de toutes commodités, transports et écoles. À visiter sans tarder. Travaux à prévoir.",,,Marc Girard,0399610738,,,,Nid Doré,,,1865,,47.323387,5.051092,,,,
909a8be5-6cb8-45ec-83d6-02c2f34d24aa,AN-ISQH9ZNO,REC-Y4HU00HU,Appartement,Appartement charmant à Dijon,Dijon,21000,20/12/2024,340427,118,2,6,,D,"Appartement charmant de 118 m² situé à Dijon. Cave et parking inclus. Proche de toutes commodités, transports et écoles. À visiter sans tarder.",,,Claire Girard,,claire.girard3@example.com,https://exemple-images.test/AN-ISQH9ZNO/1.jpg,,Toit & Vous,,,,8 rue de la République,47.293128,5.070221,5,,,
eab833d1-0b6d-48be-a0fd-840034cf690e,AN-YPAARUC3,REC-Y4HU00HU,Appartement,Appartement de standing à Dijon,Dijon,21000,09-24-2025,241639,,2,7,,,"Appartement avec vue dégagée de 129 m² situé à Dijon. Proche de toutes commodités, transports et écoles. À visiter sans tarder.",,,Nadia Fontaine,0861173830,nadia.fontaine74@example.com,,True,,,129,1875,,,,,,,
d2db805b-1428-4b49-b2de-cbfecfc1d606,AN-IUIQ5ZZ0,REC-Y4HU00HU,Appartement,Appartement de standing à Dijon,Dijon,21000,09/10/2024,241903,202,5,7,True,,,,,Sophie Bernard,0347552184,sophie.bernard45@example.com,,,,,,,123 rue Pasteur,47.306884,5.048998,1,,,
a22a80a0-3a30-4dcd-9f70-2789c109f607,AN-F8HJZOYK,REC-Y4HU00HU,Appartement,Appartement au calme à Dijon,Dijon,21000,11 septembre 2025,310624,203,1,6,True,,"Appartement rénové de 203 m² situé à Dijon. Cave et parking inclus. Proche de toutes commodités, transports et écoles. À visiter sans tarder. Travaux à prévoir.",,,Nadia Dubois,,,,False,,,,,1 rue Jean Jaurès,47.338009,5.067484,,214.35,,
423a52ea-820b-4e61-aaee-4cfd33f0351f,AN-J3RVJC2U,REC-Y4HU00HU,Appartement,Appartement rénové à Dijon,Dijon,21000,1725219045,332032,88,2,6,True,,"Appartement charmant de 88 m² situé à Dijon. Cave et parking inclus. Proche de toutes commodités, transports et écoles. À visiter sans tarder.",,,Claire Lefevre,0530846311,claire.lefevre34@example.com,https://exemple-images.test/AN-J3RVJC2U/1.jpg; https://exemple-images.test/AN-J3RVJC2U/2.jpg; https://exemple-images.test/AN-J3RVJC2U/3.jpg; https://exemple-images.test/AN-J3RVJC2U/4.jpg; https://exemple-images.test/AN-J3RVJC2U/5.jpg,,,True,,1944,200 rue du Commerce,47.333664,5.070063,,,,
eb681ff5-91ad-4f2c-8102-235083746588,AN-K82CUMBA,REC-Y4HU00HU,Appartement,Appartement lumineux à Dijon,Dijon,21000,28 novembre 2024,387031,70,1,6,,,"Appartement au calme de 70 m² situé à Dijon. Proche de toutes commodités, transports et écoles. À visiter sans tarder.",,,,0979886134,contact56@example.com,https://exemple-images.test/AN-K82CUMBA/1.jpg; https://exemple-images.test/AN-K82CUMBA/2.jpg; https://exemple-images.test/AN-K82CUMBA/3.jpg,False,,,,,123 allée des Platanes,47.284573,5.056952,,,,
11a0e23b-1f42-4e6f-a79f-700f65d9ac3c,AN-R62CT24X,REC-Y4HU00HU,Appartement,Appartement au calme à Dijon,Dijon,21000,2025-05-29,367445,,2,4,False,F,"Appartement au calme de 115 m² situé à Dijon. Proche de toutes commodités, transports et écoles. À visiter sans tarder.",,,,0850119000,,,,Nid Doré,,115,2021,190 boulevard Gambetta,47.32576,5.050963,RDC,,,
0befc6ba-428e-439b-b78b-03843e6b508e,AN-WCHO7T9L,REC-Y4HU00HU,Appartement,Appartement en excellent état à Dijon,Dijon,21000,2025-04-01,318448 €,192,2,4,,,,,,Ahmed Martin,0225288376,ahmed.martin41@example.com,,True,Toit & Vous,,,,42 impasse des Lilas,,,4,,,
17b4164e-e6d0-4943-9e4b-98f19b53a055,AN-1HMZLQ34,REC-Y4HU00HU,Appartement,Appartement avec vue dégagée à Dijon,Dijon,21000,2025-12-25,219158,191,1,6,,,"Appartement charmant de 191 m² situé à Dijon. Proche de toutes commodités, transports et écoles. À visiter sans tarder.",,,,0332622728,contact70@example.com,,,Nid Doré,,,,,,,,,,
c6ed94f7-b8c4-4b6d-9e46-91bc6a8d708a,AN-XSLNVGGR,REC-Y4HU00HU,Appartement,Appartement en excellent état à Dijon,Dijon,21000,04-15-2025,337934,,2,5,,,,,,Luc Lefevre,0854553949,luc.lefevre13@example.com,,,Provence Immobilier,,84,,48 quai de la Loire,,,,,,
940c6807-c237-473a-82ed-e72aa61aa6ac,AN-HAGNWBO0,REC-Y4HU00HU,Appartement,Appartement atypique à Dijon,Dijon,21000,2025-02-13T03:06:45,377519,182,5,6,,F,"Appartement spacieux de 182 m² situé à Dijon. Proche de toutes commodités, transports et écoles. À visiter sans tarder. Travaux à prévoir.",,,Luc Martin,0375432934,,,,,True,,1910,11 allée des Platanes,47.330542,5.052938,,,,
9d958136-034b-4afa-aafc-d92b41cccced,AN-B1DAHAKE,REC-Y4HU00HU,Appartement,Appartement au calme à Dijon,Dijon,21000,06-08-2026,295553,100,2,6,,D,"Appartement de standing de 100 m² situé à Dijon. Proche de toutes commodités, transports et écoles. À visiter sans tarder. Travaux à prévoir.",,,,0541619358,,,,,,,1893,182 place de la Mairie,,,,,,
f1307af9-0925-4ebc-9349-beeb8d84671d,AN-4NM88PHE,REC-Y4HU00HU,Appartement,Appartement à rafraîchir à Dijon,Dijon,21000,2024-12-14T22:43:45,262268,129,3,5,False,,"Appartement de standing de 129 m² situé à Dijon. Cave et parking inclus. Proche de toutes commodités, transports et écoles. À visiter sans tarder. Travaux à prévoir.",,,,0479301634,contact36@example.com,,,ImmoPlus,,,,145 chemin des Vignes,,,5,,,
81dfe61b-b224-4112-9fc9-68049456440b,AN-UDOH9J1U,REC-Y4HU00HU,Appartement,Appartement atypique à Dijon,Dijon,21000,1784003385,221770,130,5,5,True,F,"Appartement atypique de 130 m² situé à Dijon. Proche de toutes commodités, transports et écoles. À visiter sans tarder.",,,,0909131264,contact36@example.com,,,Toit & Vous,True,,,,47.276875,5.078678,5,,,
27676e83-8371-4088-af17-5896c9fcc92d,AN-SVPULDZG,REC-Y4HU00HU,Appartement,Appartement au calme à Dijon,Dijon,21000,14/06/2026,244881,,3,4,,,,,,Marc Girard,0274319992,marc.girard94@example.com,,,,,101,,128 rue Victor Hugo,,,3,375.52,,
2416ecd3-a388-4175-ba3e-be05c4770ab2,AN-Z2XRQ3FE,REC-Y4HU00HU,Appartement,Appartement avec vue dégagée à Dijon,Dijon,21000,2026-01-27T14:57:45,386851,198,4,5,False,,"Appartement spacieux de 198 m² situé à Dijon. Proche de toutes commodités, transports et écoles. À visiter sans tarder.",,,Karim Dubois,0634616194,,,False,ImmoPlus,,,,,47.304204,5.02507,,,,
3fe0b8a3-2132-4bbf-b3b1-70e6247ae954,AN-9GB9I3QO,REC-Y4HU00HU,Appartement,Appartement avec vue dégagée à Dijon,Dijon,21000,09-28-2025,377114,104,5,7,,G,"Appartement à rafraîchir de 104 m² situé à Dijon. Proche de toutes commodités, transports et écoles. À visiter sans tarder.",,,,0445460546,,,,,,,1920,186 chemin des Vignes,,,0,,,
322b6e1d-432e-4629-b6f4-a8172c477ecb,AN-U1N5QR3O,REC-Y4HU00HU,Appartement,Appartement avec vue dégagée à Dijon,Dijon,21000,2025-05-04,361746,106,2,4,,,"Appartement charmant de 106 m² situé à Dijon. Proche de toutes commodités, transports et écoles. À visiter sans tarder. Travaux à prévoir.",,,Ahmed Faure,0777516940,ahmed.faure16@example.com,https://exemple-images.test/AN-U1N5QR3O/1.jpg; https://exemple-images.test/AN-U1N5QR3O/2.jpg; https://exemple-images.test/AN-U1N5QR3O/3.jpg,False,Toit & Vous,,,,37 quai de la Loire,47.353056,5.035773,,,,
8a83035d-9d07-4a07-b018-205b90ed12f4,AN-6J1DYMBU,REC-Y4HU00HU,Appartement,Appartement de standing à Dijon,Dijon,21000,06-22-2026,324367,100,5,5,False,,"Appartement rénové de 100 m² situé à Dijon. Proche de toutes commodités, transports et écoles. À visiter sans tarder.",,,Karim Girard,0723415731,,,True,Clé en Main Immo,,,,112 rue Pasteur,47.345895,5.0611,,,,
8f26aca2-a104-4ccb-8c9d-9b24f10d7429,AN-GVIH9BO3,REC-Y4HU00HU,Appartement,Appartement avec vue dégagée à Dijon,Dijon,21000,10-28-2025,201221 €,,2,7,,,"Appartement avec vue dégagée de 215 m² situé à Dijon. Proche de toutes commodités, transports et écoles. À visiter sans tarder.",,,Sophie Moreau,,,https://exemple-images.test/AN-GVIH9BO3/1.jpg; https://exemple-images.test/AN-GVIH9BO3/2.jpg,,Century Habitat,True,215,,,,,,,,
0cf76c81-35f4-400a-9923-1376a9837238,AN-PUNO3AU5,REC-Y4HU00HU,Appartement,Appartement en excellent état à Dijon,Dijon,21000,21 juillet 2026,301112 €,181,5,7,,G,"Appartement avec vue dégagée de 181 m² situé à Dijon. Proche de toutes commodités, transports et écoles. À visiter sans tarder.",,,Ahmed Bernard,0743458840,,,,Clé en Main Immo,,,,179 impasse des Lilas,47.352297,5.054727,2,,,
130f7912-6e22-4971-8d30-1fb2dd508979,AN-80TFQIS3,REC-Y4HU00HU,Appartement,Appartement de standing à Dijon,Dijon,21000,12/01/2026,352514,125,2,4,,,"Appartement de standing de 125 m² situé à Dijon. Proche de toutes commodités, transports et écoles. À visiter sans tarder.",,,Jean Moreau,,jean.moreau93@example.com,,True,,,,1945,75 boulevard Gambetta,47.296815,5.066033,1,,,
44d4cf93-bd08-4e80-a56e-5374063206f4,AN-6IS1MU9M,REC-Y4HU00HU,Appartement,Appartement en excellent état à Dijon,Dijon,21000,2024-09-06,330195,137,3,7,,,"Appartement en excellent état de 137 m² situé à Dijon. Cave et parking inclus. Proche de toutes commodités, transports et écoles. À visiter sans tarder.",,,Ahmed Martin,0428972023,ahmed.martin24@example.com,,,ImmoPlus,,,,174 avenue des Champs,47.351578,5.075381,,,,
3f5486d2-9f64-4b58-aa9a-bc98fbc6de8c,AN-POI310QZ,REC-Y4HU00HU,Appartement,Appartement en excellent état à Dijon,Dijon,21000,18 octobre 2025,326616,116,4,5,,C,"Appartement atypique de 116 m² situé à Dijon. Proche de toutes commodités, transports et écoles. À visiter sans tarder.",,,Karim Moreau,,karim.moreau38@example.com,,True,Clé en Main Immo,,,1913,39 rue Pasteur,47.365612,5.071296,,303.49,,
bf99d896-ff4c-42bf-b80e-4fb34075aa5c,AN-08QES1UR,REC-Y4HU00HU,Appartement,Appartement atypique à Dijon,Dijon,21000,1727962365,258506,67,2,7,,C,"Appartement atypique de 67 m² situé à Dijon. Proche de toutes commodités, transports et écoles. À visiter sans tarder.",,,Sophie Fontaine,0043987235,sophie.fontaine48@example.com,,,,,,1875,69 chemin des Vignes,,,5,,,
39fef9fe-7c2c-4568-9ea5-7ae3832d3cc4,AN-PT33GZLB,REC-Y4HU00HU,Appartement,Appartement au calme à Dijon,Dijon,21000,1743229245,329243,,2,6,,,"Appartement atypique de 161 m² situé à Dijon. Cave et parking inclus. Proche de toutes commodités, transports et écoles. À visiter sans tarder. Travaux à prévoir.",,,,0971802482,,,False,Century Habitat,,161,,,47.290467,5.048234,,,,
1f1c7226-9b49-4fa9-be59-23fd3629db96,AN-U8KXZHU6,REC-Y4HU00HU,Appartement,Appartement avec vue dégagée à Dijon,Dijon,21000,02-27-2025,352901,199,1,6,,,"Appartement à rafraîchir de 199 m² situé à Dijon. Proche de toutes commodités, transports et écoles. À visiter sans tarder.",,,,0651900231,contact23@example.com,,False,,,,,39 rue de la République,47.327419,5.091079,,,,
d5536cb4-01a1-4d62-8dab-2d71abc362d9,AN-B6XDNQQI,REC-Y4HU00HU,Appartement,Appartement lumineux à Dijon,Dijon,21000,1753175445,328135 €,80,4,6,True,,"Appartement atypique de 80 m² situé à Dijon. Cave et parking inclus. Proche de toutes commodités, transports et écoles. À visiter sans tarder.",,,,0314037896,,https://exemple-images.test/AN-B6XDNQQI/1.jpg; https://exemple-images.test/AN-B6XDNQQI/2.jpg,,Clé en Main Immo,True,,,48 avenue des Champs,47.279166,5.080083,,,,
9d41d21a-9497-4c64-89b2-6521d1db3a60,AN-C4FBIUU3,REC-Y4HU00HU,Appartement,Appartement au calme à Dijon,Dijon,21000,2025-11-27T14:04:45,286323,143,1,5,,,"Appartement en excellent état de 143 m² situé à Dijon. Cave et parking inclus. Proche de toutes commodités, transports et écoles. À visiter sans tarder.",,,Ahmed Fontaine,0007922498,,,True,Nid Doré,,,,,47.317332,5.005389,,,,
7fc85d13-7b53-46ff-9e83-42bc515b7f9f,AN-PG0NDBWX,REC-Y4HU00HU,Appartement,Appartement charmant à Dijon,Dijon,21000,27/02/2026,345864 €,110,1,4,,,"Appartement de standing de 110 m² situé à Dijon. Proche de toutes commodités, transports et écoles. À visiter sans tarder. Travaux à prévoir.",,,,0842154661,,,False,,,,2007,,47.322747,5.012234,,,,
bcece2aa-9177-4962-85fb-ec2db71dfb6c,AN-96BQH03P,REC-Y4HU00HU,Appartement,Appartement charmant à Dijon,Dijon,21000,2026-02-27,362828,190,1,6,,,,,,Claire Dubois,0768677791,claire.dubois91@example.com,,False,,,,,,47.311691,5.054604,1,368.54,,
a0ed5655-52c1-4540-aa63-052a84fc84ca,AN-OQV8F3N5,REC-Y4HU00HU,Appartement,Appartement en excellent état à Dijon,Dijon,21000,11 octobre 2025,215523,76,3,5,,,,,,Julie Dubois,,,https://exemple-images.test/AN-OQV8F3N5/1.jpg,,,True,,2019,149 place de la Mairie,,,,,,
0667aba9-1150-40d0-a51c-3c14ae98ac33,AN-F4B1F6D8,REC-Y4HU00HU,Appartement,Appartement au calme à Dijon,Dijon,21000,2024-12-07,264524,211,5,4,False,,"Appartement au calme de 211 m² situé à Dijon. Proche de toutes commodités, transports et écoles. À visiter sans tarder.",,,Karim Perrin,,karim.perrin91@example.com,,False,Century Habitat,,,,,47.370656,5.050301,,,,
c8603a6f-bbf4-403a-a1cc-530d94b4184b,AN-X05KV7KG,REC-Y4HU00HU,Appartement,Appartement avec vue dégagée à Dijon,Dijon,21000,17 octobre 2025,299284,111,5,4,False,,"Appartement à rafraîchir de 111 m² situé à Dijon. Cave et parking inclus. Proche de toutes commodités, transports et écoles. À visiter sans tarder.",,,Ahmed Bernard,0302403391,ahmed.bernard19@example.com,,False,Provence Immobilier,,,,,,,3,126.92,,
56095af7-f3cc-4cd2-8263-86fdbffbffbb,AN-ZH9YKNER,REC-Y4HU00HU,Appartement,Appartement au calme à Dijon,Dijon,21000,01/07/2025,239460,149,4,5,False,,"Appartement spacieux de 149 m² situé à Dijon. Proche de toutes commodités, transports et écoles. À visiter sans tarder. Travaux à prévoir.",,,,0566865573,,,False,Clé en Main Immo,,,,,,,,,,
4bfbe3f8-b939-4211-b752-e7064d4e350b,AN-VXJ8PFYK,REC-Y4HU00HU,Appartement,Appartement spacieux à Dijon,Dijon,21000,05/12/2024,292441,69,1,4,,B,,,,,0338814965,contact63@example.com,https://exemple-images.test/AN-VXJ8PFYK/1.jpg; https://exemple-images.test/AN-VXJ8PFYK/2.jpg; https://exemple-images.test/AN-VXJ8PFYK/3.jpg; https://exemple-images.test/AN-VXJ8PFYK/4.jpg,,,,,,12 chemin des Vignes,47.325214,5.024435,5,,,
49a13533-04d6-441d-8001-3a36dffaaee5,AN-EAM475Z0,REC-Y4HU00HU,Appartement,Appartement au calme à Dijon,Dijon,21000,2025-06-07,251200 €,137,4,6,,,,,,,0955312704,,,,,True,,,117 boulevard Gambetta,,,,,,
dd2d5df0-a05f-4213-826a-12948f92d8da,AN-A0L14FTD,REC-WRRG42NP,Terrain,Terrain à rafraîchir à Nice,Nice,06000,2025-01-20,1533752,140,,,,,"Terrain spacieux de 140 m² situé à Nice. Cave et parking inclus. Proche de toutes commodités, transports et écoles. À visiter sans tarder.",,True,Julie Bernard,0173651666,julie.bernard71@example.com,,,,,,,44 chemin des Vignes,,,,,True,
5cd104e8-4cc6-490b-bbeb-cd71af98fe19,AN-F6BZ8NA6,REC-WRRG42NP,Terrain,Terrain spacieux à Nice,Nice,06000,2025-03-12,951656,129,,,,,,,,Claire Faure,0073708926,,https://exemple-images.test/AN-F6BZ8NA6/1.jpg,,Clé en Main Immo,,,,,43.73916,7.300878,,278.16,True,
62e82c11-cd26-4a3d-9077-f916b2f6ff5a,AN-6WT83FDB,REC-WRRG42NP,Terrain,Terrain au calme à Nice,Nice,06000,30/09/2025,1220775 €,135,,,,,"Terrain spacieux de 135 m² situé à Nice. Proche de toutes commodités, transports et écoles. À visiter sans tarder.",,True,Jean Girard,0966510762,,,,,,,,,,,,,True,
51553c9a-3f29-4f01-941b-c18398c5998d,AN-2ISXVIAA,REC-WRRG42NP,Terrain,Terrain lumineux à Nice,Nice,06000,2026-05-27,1059990,174,,,,,"Terrain rénové de 174 m² situé à Nice. Proche de toutes commodités, transports et écoles. À visiter sans tarder.",,True,Jean Dubois,0687805002,jean.dubois24@example.com,,,,True,,,,43.733869,7.253447,,,True,
d159ef54-a1d6-4db5-9e8e-2946d1ee7765,AN-EGU1GRQQ,REC-WRRG42NP,Terrain,Terrain spacieux à Nice,Nice,06000,1747093185,1114136 €,166,,,,,"Terrain à rafraîchir de 166 m² situé à Nice. Cave et parking inclus. Proche de toutes commodités, transports et écoles. À visiter sans tarder.",,True,Marie Moreau,,marie.moreau4@example.com,,,Clé en Main Immo,,,,15 rue Jean Jaurès,43.699795,7.310485,,290.34,True,
36531cec-9886-464a-b2f4-373aa83e3b49,AN-2RB68QY6,REC-WRRG42NP,Terrain,Terrain de standing à Nice,Nice,06000,1774910625,1225448,127,,,,,"Terrain avec vue dégagée de 127 m² situé à Nice. Proche de toutes commodités, transports et écoles. À visiter sans tarder.",,True,,,,,,Nid Doré,,,,,,,,,True,
cb4df3f8-77be-4cac-af50-de37d00d6f89,AN-96FTP8WJ,REC-WRRG42NP,Terrain,Terrain atypique à Nice,Nice,06000,18 novembre 2025,1712020,207,,,,,,,,Ahmed Lefevre,0962240039,ahmed.lefevre54@example.com,,False,,,,,,,,,,True,
d659ee15-c880-474d-afbf-0e82e74f4e2c,AN-IQUY8MJC,REC-WRRG42NP,Terrain,Terrain à rafraîchir à Nice,Nice,06000,13 juin 2026,1741006,206,,,,,"Terrain lumineux de 206 m² situé à Nice. Proche de toutes commodités, transports et écoles. À visiter sans tarder. Travaux à prévoir.",,True,Nadia Faure,0728430040,,,,ImmoPlus,,,,171 rue du Commerce,,,,,True,
f416bc47-c494-4ad5-be24-c36127c15e2a,AN-ZTJ9Y588,REC-WRRG42NP,Terrain,Terrain atypique à Nice,Nice,06000,1762866705,1231687,208,,,,,"Terrain spacieux de 208 m² situé à Nice. Proche de toutes commodités, transports et écoles. À visiter sans tarder.",,True,,,contact83@example.com,,,,,,,,43.666795,7.268004,,,True,
10406123-7eb6-4f22-a247-008379296ab2,AN-6N2PCZ1Q,REC-WRRG42NP,Terrain,Terrain spacieux à Nice,Nice,06000,04/12/2024,1711022,244,,,,,"Terrain au calme de 244 m² situé à Nice. Proche de toutes commodités, transports et écoles. À visiter sans tarder.",,,Karim Dubois,,karim.dubois9@example.com,https://exemple-images.test/AN-6N2PCZ1Q/1.jpg; https://exemple-images.test/AN-6N2PCZ1Q/2.jpg; https://exemple-images.test/AN-6N2PCZ1Q/3.jpg; https://exemple-images.test/AN-6N2PCZ1Q/4.jpg; https://exemple-images.test/AN-6N2PCZ1Q/5.jpg,,,True,,,138 rue Victor Hugo,,,,,True,
cfa07958-972f-4065-a581-8ae9959f837a,AN-Z5APX9WM,REC-WRRG42NP,Terrain,Terrain charmant à Nice,Nice,06000,7 mars 2025,1763144,128,,,,,,,,Marie Faure,0313602569,,https://exemple-images.test/AN-Z5APX9WM/1.jpg; https://exemple-images.test/AN-Z5APX9WM/2.jpg; https://exemple-images.test/AN-Z5APX9WM/3.jpg; https://exemple-images.test/AN-Z5APX9WM/4.jpg; https://exemple-images.test/AN-Z5APX9WM/5.jpg,False,,,,,,43.668529,7.270796,,,True,
d76a0c22-ff06-4a35-a848-7a5193dc764a,AN-FEUCNMGN,REC-WRRG42NP,Terrain,Terrain de standing à Nice,Nice,06000,2024-08-23T05:12:45,1687612,251,,,,,,,True,,0627569141,,https://exemple-images.test/AN-FEUCNMGN/1.jpg; https://exemple-images.test/AN-FEUCNMGN/2.jpg; https://exemple-images.test/AN-FEUCNMGN/3.jpg; https://exemple-images.test/AN-FEUCNMGN/4.jpg,,,,,,55 allée des Platanes,,,,,,
78b02d25-647a-4a0c-94f7-6128e6cf3701,AN-8YT741YF,REC-WRRG42NP,Terrain,Terrain à rafraîchir à Nice,Nice,06000,2025-12-20,1439776,170,,,,,"Terrain en excellent état de 170 m² situé à Nice. Proche de toutes commodités, transports et écoles. À visiter sans tarder.",,True,,0946481448,,https://exemple-images.test/AN-8YT741YF/1.jpg,,ImmoPlus,,,,182 place de la Mairie,,,,,True,
6a7e60d3-057d-41ad-ac6a-02cda5d23b6f,AN-SZK55ACO,REC-WRRG42NP,Terrain,Terrain de standing à Nice,Nice,06000,1770472905,1216603 €,220,,,,,"Terrain de standing de 220 m² situé à Nice. Proche de toutes commodités, transports et écoles. À visiter sans tarder.",,True,,0543345736,contact86@example.com,,True,Century Habitat,,,,,43.752711,7.2753,,,,
436dac60-c5c1-42d3-a2bc-5c1ca09d3d54,AN-8UWTEN2W,REC-WRRG42NP,Terrain,Terrain à rafraîchir à Nice,Nice,06000,2025-11-09,1563824,137,,,,,"Terrain charmant de 137 m² situé à Nice. Proche de toutes commodités, transports et écoles. À visiter sans tarder.",,True,Ahmed Fontaine,,,,,,,,,,,,,,True,
7bf1a6a2-423a-409e-b232-5f53e8edf145,AN-J8YIBTNG,REC-WRRG42NP,Terrain,Terrain au calme à Nice,Nice,06000,2024-11-05T00:51:45,1043245,,,,,,,,True,,0132291701,contact2@example.com,,True,Provence Immobilier,,146,,,,,,,,
9ed55722-b303-499c-81fc-1b20867089c0,AN-PIHUGWPO,REC-WRRG42NP,Terrain,Terrain de standing à Nice,Nice,06000,2024-12-23T02:31:45,1229962,154,,,,,"Terrain au calme de 154 m² situé à Nice. Cave et parking inclus. Proche de toutes commodités, transports et écoles. À visiter sans tarder. Travaux à prévoir.",,True,Ahmed Dubois,0104299073,ahmed.dubois24@example.com,,True,,,,,158 allée des Platanes,,,,,True,
03b25b62-1756-4366-b1a6-290a248ebb12,AN-DJV5GK7F,REC-WRRG42NP,Terrain,Terrain atypique à Nice,Nice,06000,2026-03-15T01:46:45,1079136,127,,,,,"Terrain avec vue dégagée de 127 m² situé à Nice. Cave et parking inclus. Proche de toutes commodités, transports et écoles. À visiter sans tarder.",,True,,,,https://exemple-images.test/AN-DJV5GK7F/1.jpg; https://exemple-images.test/AN-DJV5GK7F/2.jpg; https://exemple-images.test/AN-DJV5GK7F/3.jpg; https://exemple-images.test/AN-DJV5GK7F/4.jpg; https://exemple-images.test/AN-DJV5GK7F/5.jpg,,,True,,,,,,,284.58,True,
e410879b-50d7-43fe-bc9c-a9dea8f95a7f,AN-1DWKBPPA,REC-WRRG42NP,Terrain,Terrain lumineux à Nice,Nice,06000,1737163185,1653264,192,,,,,,,,Sophie Bernard,,sophie.bernard3@example.com,https://exemple-images.test/AN-1DWKBPPA/1.jpg,,Clé en Main Immo,,,,103 rue de la République,43.702325,7.218366,,,True,
1898d5b0-8980-4c59-bc9d-1cf22b3ab4f4,AN-ESRBOORM,REC-WRRG42NP,Terrain,Terrain en excellent état à Nice,Nice,06000,1760985585,921687,160,,,,,"Terrain lumineux de 160 m² situé à Nice. Cave et parking inclus. Proche de toutes commodités, transports et écoles. À visiter sans tarder. Travaux à prévoir.",,True,,,contact4@example.com,,,,,,,190 rue du Commerce,43.674541,7.22015,,,True,
81c84409-6471-4486-a722-c8dd4b2c12af,AN-M4SS64C4,REC-WRRG42NP,Terrain,Terrain atypique à Nice,Nice,06000,1742162865,1474774,202,,,,,"Terrain charmant de 202 m² situé à Nice. Proche de toutes commodités, transports et écoles. À visiter sans tarder.",,True,,0740728623,,,True,,,,,,43.735383,7.249049,,189.29,,
f44d4f87-64bc-4c3d-868d-a1c9e11d00e9,AN-3C7L2JRL,REC-WRRG42NP,Terrain,Terrain en excellent état à Nice,Nice,06000,1769799465,1201524,246,,,,,"Terrain avec vue dégagée de 246 m² situé à Nice. Cave et parking inclus. Proche de toutes commodités, transports et écoles. À visiter sans tarder.",,True,Marie Faure,,,,True,ImmoPlus,,,,80 rue Pasteur,,,,,True,
c57a1f85-f8e0-44cd-9b00-e45061041ebf,AN-MMAM80JC,REC-WRRG42NP,Terrain,Terrain au calme à Nice,Nice,06000,23 février 2026,1112464,174,,,,,"Terrain spacieux de 174 m² situé à Nice. Cave et parking inclus. Proche de toutes commodités, transports et écoles. À visiter sans tarder.",,True,Julie Dubois,0579426043,,,True,,,,,,,,,,True,
d6eaeaa0-e27d-490a-8460-0285f6454df4,AN-U610C15D,REC-WRRG42NP,Terrain,Terrain au calme à Nice,Nice,06000,03-04-2025,1222789,135,,,,,"Terrain spacieux de 135 m² situé à Nice. Proche de toutes commodités, transports et écoles. À visiter sans tarder. Travaux à prévoir.",,True,,0286434743,contact35@example.com,,,,,,,,,,,,True,
e0075990-8ab7-4088-bce7-91e8a6e96dde,AN-83HVMVE9,REC-WRRG42NP,Terrain,Terrain avec vue dégagée à Nice,Nice,06000,2025-10-01T15:52:45,1774362,257,,,,,"Terrain rénové de 257 m² situé à Nice. Cave et parking inclus. Proche de toutes commodités, transports et écoles. À visiter sans tarder.",,True,Marie Roche,0285665723,,https://exemple-images.test/AN-83HVMVE9/1.jpg; https://exemple-images.test/AN-83HVMVE9/2.jpg,,,True,,,,,,,,True,
8b70ebb3-91a0-4fa3-8f0b-22dd00ea92c0,AN-ZMHVHGFY,REC-WRRG42NP,Terrain,Terrain à rafraîchir à Nice,Nice,06000,1784961825,922949 €,206,,,,,"Terrain avec vue dégagée de 206 m² situé à Nice. Cave et parking inclus. Proche de toutes commodités, transports et écoles. À visiter sans tarder.",,True,Claire Roche,0121392984,claire.roche82@example.com,,,Nid Doré,True,,,,,,,,,
01a55831-c5ca-4820-9842-3be0d8517234,AN-3ACF6JV3,REC-WRRG42NP,Terrain,Terrain avec vue dégagée à Nice,Nice,06000,08-27-2025,1297069,254,,,,,,,True,Marc Fontaine,,,,True,,,,,,43.698746,7.26767,,,,
ffba87cd-48ae-4da0-ab94-dda6fc718e5a,AN-Z6RF4Y0M,REC-WRRG42NP,Terrain,Terrain charmant à Nice,Nice,06000,2025-06-16,1376815,262,,,,,"Terrain en excellent état de 262 m² situé à Nice. Cave et parking inclus. Proche de toutes commodités, transports et écoles. À visiter sans tarder.",,,Karim Fontaine,0994747366,karim.fontaine24@example.com,,,,True,,,106 place de la Mairie,43.755127,7.217332,,,True,
55344170-b816-4a65-9027-06c2ef065693,AN-3XO3CU4W,REC-WRRG42NP,Terrain,Terrain de standing à Nice,Nice,06000,12/02/2025,1696425,256,,,,,,,,Luc Perrin,,luc.perrin71@example.com,,True,Clé en Main Immo,,,,,,,,,True,
c02acab7-7730-4ab3-a834-c99d1d054759,AN-C899W8XF,REC-WRRG42NP,Terrain,Terrain atypique à Nice,Nice,06000,26 novembre 2024,1190806,175,,,,,"Terrain rénové de 175 m² situé à Nice. Proche de toutes commodités, transports et écoles. À visiter sans tarder.",,,,,contact58@example.com,,True,,,,,88 chemin des Vignes,43.71652,7.234935,,239.91,True,
88a3deed-7986-44d6-a16a-a53e5425a0a4,AN-P6Y5RR30,REC-WRRG42NP,Terrain,Terrain lumineux à Nice,Nice,06000,19/02/2025,1332637 €,137,,,,,"Terrain atypique de 137 m² situé à Nice. Proche de toutes commodités, transports et écoles. À visiter sans tarder.",,True,Jean Girard,0196592000,jean.girard13@example.com,,,,,,,33 place de la Mairie,,,,,True,
fc5de103-ba3b-4158-a34f-e8ac6af0fd02,AN-BBMPXTMS,REC-WRRG42NP,Terrain,Terrain rénové à Nice,Nice,06000,02-08-2025,1521950 €,206,,,,,"Terrain rénové de 206 m² situé à Nice. Cave et parking inclus. Proche de toutes commodités, transports et écoles. À visiter sans tarder. Travaux à prévoir.",,True,Marie Martin,0618684381,,,False,,,,,168 rue Victor Hugo,,,,,True,
d867db39-5399-4907-86be-03820ba765e9,AN-5X09BOBS,REC-WRRG42NP,Terrain,Terrain au calme à Nice,Nice,06000,1775951265,1750478,228,,,,,"Terrain rénové de 228 m² situé à Nice. Proche de toutes commodités, transports et écoles. À visiter sans tarder.",,True,Marc Girard,,marc.girard60@example.com,,,Provence Immobilier,,,,,43.681066,7.304649,,,True,
24deec74-9b2c-43bd-9b07-d586635e3a77,AN-C5LXIBS7,REC-WRRG42NP,Terrain,Terrain lumineux à Nice,Nice,06000,1748532105,1116953,267,,,,,"Terrain de standing de 267 m² situé à Nice. Proche de toutes commodités, transports et écoles. À visiter sans tarder.",,True,Sophie Perrin,0011755162,sophie.perrin6@example.com,,,,,,,,,,,,True,
2c39c2a1-efc3-4ec0-aaf5-b21fdc2ccf36,AN-F9NNQJ47,REC-WRRG42NP,Terrain,Terrain au calme à Nice,Nice,06000,2025-06-07T12:24:45,1434615,148,,,,,"Terrain spacieux de 148 m² situé à Nice. Proche de toutes commodités, transports et écoles. À visiter sans tarder. Travaux à prévoir.",,True,Jean Roche,0057188681,,,True,Clé en Main Immo,,,,,,,,331.86,True,
e51338b7-ae66-4fc0-b220-cc62899f2fa1,AN-M4DXD0WC,REC-WRRG42NP,Terrain,Terrain charmant à Nice,Nice,06000,3 juillet 2025,1158294,215,,,,,,,True,Julie Roche,0024102334,,,,Provence Immobilier,,,,,43.732472,7.246935,,,True,
2096168a-e6f6-42fb-a8c2-57efd0687d0d,AN-SXRT4RFW,REC-WRRG42NP,Terrain,Terrain spacieux à Nice,Nice,06000,9 juillet 2026,1777062,252,,,,,,,True,Marc Bernard,,marc.bernard19@example.com,https://exemple-images.test/AN-SXRT4RFW/1.jpg; https://exemple-images.test/AN-SXRT4RFW/2.jpg; https://exemple-images.test/AN-SXRT4RFW/3.jpg,,,,,,,43.725183,7.286322,,,,
3e99fc67-3a43-41de-9146-f2f7cf01759e,AN-7ZQPCO0S,REC-WRRG42NP,Terrain,Terrain de standing à Nice,Nice,06000,2025-06-20T11:54:45,1137773,,,,,,"Terrain charmant de 165 m² situé à Nice. Proche de toutes commodités, transports et écoles. À visiter sans tarder.",,True,Ahmed Bernard,0437294348,ahmed.bernard35@example.com,,False,Clé en Main Immo,,165,,101 rue Jean Jaurès,,,,,True,
718bff87-da6b-4f32-87e3-94302adf0e66,AN-A1B6R2AU,REC-WRRG42NP,Terrain,Terrain spacieux à Nice,Nice,06000,05-23-2026,929691,267,,,,,,,True,,0751578679,,,,Century Habitat,True,,,,,,,,True,
833bbeec-c435-4200-8d29-915d7f18b795,AN-Z6LFUT47,REC-WRRG42NP,Terrain,Terrain lumineux à Nice,Nice,06000,04/09/2025,913829,236,,,,,,,,Nadia Martin,0859114719,,,,,,,,90 rue Pasteur,43.732386,7.310148,,,True,
f5185076-195b-4802-a19f-0cf98eb01033,AN-UVMMU7PK,REC-WRRG42NP,Terrain,Terrain spacieux à Nice,Nice,06000,2025-09-16T16:50:45,1249839,209,,,,,"Terrain charmant de 209 m² situé à Nice. Cave et parking inclus. Proche de toutes commodités, transports et écoles. À visiter sans tarder.",,True,Marie Moreau,0827644833,,,,,True,,,,43.660993,7.268405,,,True,
abe9968e-ab1b-4cbf-b5b7-4e4d47ab33bd,AN-0DGONRKG,REC-WRRG42NP,Terrain,Terrain à rafraîchir à Nice,Nice,06000,11 janvier 2025,1619570,158,,,,,,,True,Luc Moreau,0376127233,,,,,True,,,,43.740045,7.288423,,382.01,True,
4f7bd3dd-88cb-4fe4-aba4-cc19ae7a82f6,AN-6J4RFF3F,REC-WRRG42NP,Terrain,Terrain atypique à Nice,Nice,06000,04-19-2025,1041049,,,,,,"Terrain rénové de 145 m² situé à Nice. Proche de toutes commodités, transports et écoles. À visiter sans tarder.",,True,,0744673083,contact1@example.com,,False,Provence Immobilier,,145,,,43.688554,7.262527,,,True,
d004243d-0442-46fc-b94c-d698bf27ebe6,AN-4W2O5OUO,REC-WRRG42NP,Terrain,Terrain spacieux à Nice,Nice,06000,1786972305,1102083,127,,,,,"Terrain atypique de 127 m² situé à Nice. Proche de toutes commodités, transports et écoles. À visiter sans tarder.",,True,Nadia Lefevre,0661116529,,,True,Provence Immobilier,,,,,43.684484,7.289743,,,True,
96eee312-c671-4826-8575-73f66a68c507,AN-NNWM1RCI,REC-WRRG42NP,Terrain,Terrain charmant à Nice,Nice,06000,18 août 2025,963787 €,170,,,,,"Terrain spacieux de 170 m² situé à Nice. Proche de toutes commodités, transports et écoles. À visiter sans tarder. Travaux à prévoir.",,True,Marc Roche,0902736732,,,,Century Habitat,,,,66 rue Victor Hugo,43.66034,7.243113,,,True,
fbddd0a0-fac5-4f2b-8a36-8883b6013a82,AN-86S9JT0A,REC-WRRG42NP,Terrain,Terrain lumineux à Nice,Nice,06000,2025-05-12,1313228,207,,,,,"Terrain au calme de 207 m² situé à Nice. Cave et parking inclus. Proche de toutes commodités, transports et écoles. À visiter sans tarder.",,True,Sophie Faure,0282054090,,https://exemple-images.test/AN-86S9JT0A/1.jpg; https://exemple-images.test/AN-86S9JT0A/2.jpg; https://exemple-images.test/AN-86S9JT0A/3.jpg,True,ImmoPlus,,,,31 rue de la République,43.687961,7.271623,,,True,
20c03f66-70cd-45a2-8e85-fecb4f6754fe,AN-RS7XDNFB,REC-WRRG42NP,Terrain,Terrain à rafraîchir à Nice,Nice,06000,11/04/2026,1173486,155,,,,,"Terrain au calme de 155 m² situé à Nice. Cave et parking inclus. Proche de toutes commodités, transports et écoles. À visiter sans tarder.",,True,Marie Martin,,,https://exemple-images.test/AN-RS7XDNFB/1.jpg; https://exemple-images.test/AN-RS7XDNFB/2.jpg,,,,,,70 impasse des Lilas,,,,,True,
998a43bc-beec-4c5d-b4b8-20d5aef96cba,AN-K1J9V12W,REC-WRRG42NP,Terrain,Terrain atypique à Nice,Nice,06000,2025-10-08,1306703,258,,,,,"Terrain atypique de 258 m² situé à Nice. Proche de toutes commodités, transports et écoles. À visiter sans tarder.",,True,,0221933881,,,True,,,,,,,,,,True,
e09d5380-b2fa-45b9-8fc9-c4b27a99093c,AN-MXV4JLBR,REC-WRRG42NP,Terrain,Terrain au calme à Nice,Nice,06000,01-18-2025,1450133,192,,,,,"Terrain à rafraîchir de 192 m² situé à Nice. Proche de toutes commodités, transports et écoles. À visiter sans tarder.",,True,,,,https://exemple-images.test/AN-MXV4JLBR/1.jpg; https://exemple-images.test/AN-MXV4JLBR/2.jpg; https://exemple-images.test/AN-MXV4JLBR/3.jpg; https://exemple-images.test/AN-MXV4JLBR/4.jpg; https://exemple-images.test/AN-MXV4JLBR/5.jpg,,,True,,,,43.71119,7.254811,,278.45,True,
f7f5ab2c-dc44-4093-9e5d-95124593b83e,AN-Q0DNCJ9T,REC-WRRG42NP,Terrain,Terrain en excellent état à Nice,Nice,06000,2025-06-09T10:21:45,1329923,247,,,,,"Terrain au calme de 247 m² situé à Nice. Cave et parking inclus. Proche de toutes commodités, transports et écoles. À visiter sans tarder.",,True,Luc Moreau,0287998161,luc.moreau19@example.com,,,Toit & Vous,,,,124 rue de la République,43.741286,7.302834,,,True,
c9139c66-5fa3-490d-93da-2ae0d384212d,AN-ZRDLYASB,REC-WRRG42NP,Terrain,Terrain de standing à Nice,Nice,06000,2025-08-06T13:31:45,1140401,244,,,,,"Terrain à rafraîchir de 244 m² situé à Nice. Proche de toutes commodités, transports et écoles. À visiter sans tarder.",,True,,0692772784,contact54@example.com,,,,,,,,,,,,True,
ff91581d-36bd-457e-b16a-a692a37a9a6d,AN-E8RRF1OX,REC-WRRG42NP,Terrain,Terrain lumineux à Nice,Nice,06000,8 mars 2025,1434862,265,,,,,"Terrain en excellent état de 265 m² situé à Nice. Proche de toutes commodités, transports et écoles. À visiter sans tarder. Travaux à prévoir.",,,Sophie Fontaine,,,,False,,,,,,,,,,True,
66fcbf48-3236-4d5d-bcec-42ed61727ce0,AN-JDVM687U,REC-WRRG42NP,Terrain,Terrain de standing à Nice,Nice,06000,06/12/2024,931122,234,,,,,"Terrain de standing de 234 m² situé à Nice. Cave et parking inclus. Proche de toutes commodités, transports et écoles. À visiter sans tarder.",,,,0104591474,contact15@example.com,,,,True,,,134 avenue des Champs,,,,,,
085898b4-5dd5-4c16-86b5-0ac5de43abde,AN-CMM3HLW9,REC-WRRG42NP,Terrain,Terrain de standing à Nice,Nice,06000,1786726845,1630395,148,,,,,"Terrain avec vue dégagée de 148 m² situé à Nice. Proche de toutes commodités, transports et écoles. À visiter sans tarder. Travaux à prévoir.",,True,Nadia Roche,0975227150,nadia.roche89@example.com,,,,,,,,,,,,True,
d55f6b70-256c-407f-80fd-d8f2293c5b86,AN-SOQFOV9S,REC-WRRG42NP,Terrain,Terrain spacieux à Nice,Nice,06000,1748586885,1457207,120,,,,,"Terrain de standing de 120 m² situé à Nice. Cave et parking inclus. Proche de toutes commodités, transports et écoles. À visiter sans tarder.",,True,Marie Girard,0861758953,,,,Nid Doré,True,,,,43.708584,7.305488,,224.53,True,
7eeba1d2-9584-41ea-a4aa-612e607c6c8a,AN-H2218BA4,REC-WRRG42NP,Terrain,Terrain atypique à Nice,Nice,06000,21 avril 2025,978913,198,,,,,"Terrain en excellent état de 198 m² situé à Nice. Proche de toutes commodités, transports et écoles. À visiter sans tarder.",,True,Nadia Perrin,0160313098,nadia.perrin81@example.com,,,Nid Doré,True,,,69 rue Pasteur,43.707644,7.286833,,,True,
d2395c9e-66c1-49bc-9732-a4f2f5e0647c,AN-4MT9LS1G,REC-WRRG42NP,Terrain,Terrain en excellent état à Nice,Nice,06000,20/05/2026,1221545,223,,,,,,,True,Julie Dubois,,,https://exemple-images.test/AN-4MT9LS1G/1.jpg; https://exemple-images.test/AN-4MT9LS1G/2.jpg,False,Provence Immobilier,,,,,,,,,True,
5faf9c77-25f6-4c2f-beff-28b6693f7bef,AN-UFTUNPDR,REC-WRRG42NP,Terrain,Terrain au calme à Nice,Nice,06000,26 juillet 2025,1594839,225,,,,,"Terrain rénové de 225 m² situé à Nice. Proche de toutes commodités, transports et écoles. À visiter sans tarder.",,True,Marie Girard,0564878292,marie.girard19@example.com,,,Nid Doré,True,,,186 impasse des Lilas,,,,,,
e2e364b4-0a27-4d09-86af-a1221db3406b,AN-I0AT0QAO,REC-WRRG42NP,Terrain,Terrain rénové à Nice,Nice,06000,2026-04-15,1217254,164,,,,,,,True,Ahmed Dubois,0903675150,,,False,Clé en Main Immo,,,,,,,,,True,
789f68db-391c-4d69-8740-bb0f737da473,AN-41VRUKTT,REC-WRRG42NP,Terrain,Terrain atypique à Nice,Nice,06000,2025-05-01,1110787,183,,,,,"Terrain spacieux de 183 m² situé à Nice. Cave et parking inclus. Proche de toutes commodités, transports et écoles. À visiter sans tarder.",,True,Sophie Dubois,,sophie.dubois94@example.com,,False,,,,,,,,,,True,
26bacfa6-4f50-4c36-b3ca-1e9243a1997d,AN-380R2KWC,REC-WRRG42NP,Terrain,Terrain atypique à Nice,Nice,06000,1764315405,1691177,252,,,,,"Terrain avec vue dégagée de 252 m² situé à Nice. Cave et parking inclus. Proche de toutes commodités, transports et écoles. À visiter sans tarder.",,True,Karim Moreau,,karim.moreau40@example.com,,False,Toit & Vous,,,,,,,,,True,
06fd8b7c-e7f0-4ebe-b5a7-d5dab63dba6a,AN-R0HUQL17,REC-WRRG42NP,Terrain,Terrain au calme à Nice,Nice,06000,25 juin 2025,1216500,136,,,,,"Terrain rénové de 136 m² situé à Nice. Cave et parking inclus. Proche de toutes commodités, transports et écoles. À visiter sans tarder.",,True,Marc Moreau,,,,,,,,,,,,,,True,
2a2b4bfe-a798-4176-9306-2e891a614dc1,AN-2WQN2GIS,REC-WRRG42NP,Terrain,Terrain à rafraîchir à Nice,Nice,06000,2026-03-30,1018285 €,267,,,,,"Terrain en excellent état de 267 m² situé à Nice. Proche de toutes commodités, transports et écoles. À visiter sans tarder.",,True,,0622319953,contact77@example.com,,False,Toit & Vous,,,,84 rue Victor Hugo,43.715636,7.22402,,,True,
ae327107-d4a2-41b8-ad84-ef00846d68a7,AN-E1HTLO3X,REC-WRRG42NP,Terrain,Terrain atypique à Nice,Nice,06000,06-16-2025,921463,,,,,,"Terrain rénové de 251 m² situé à Nice. Proche de toutes commodités, transports et écoles. À visiter sans tarder.",,True,Julie Bernard,,,,False,Century Habitat,,251,,137 boulevard Gambetta,43.740451,7.283983,,,,
1ae4c6a2-6899-4fd1-9eca-a9ab7a3ee23d,AN-PVMEYCO5,REC-WRRG42NP,Terrain,Terrain lumineux à Nice,Nice,06000,2025-11-29T18:57:45,1119348,154,,,,,"Terrain de standing de 154 m² situé à Nice. Cave et parking inclus. Proche de toutes commodités, transports et écoles. À visiter sans tarder.",,True,Marie Dubois,0645629349,marie.dubois72@example.com,https://exemple-images.test/AN-PVMEYCO5/1.jpg; https://exemple-images.test/AN-PVMEYCO5/2.jpg; https://exemple-images.test/AN-PVMEYCO5/3.jpg; https://exemple-images.test/AN-PVMEYCO5/4.jpg; https://exemple-images.test/AN-PVMEYCO5/5.jpg,,,,,,,43.694737,7.267767,,,True,
6f3b35b6-1cb5-4116-89b3-347f872ad8d5,AN-8KRID8M6,REC-WRRG42NP,Terrain,Terrain spacieux à Nice,Nice,06000,2025-08-24,1697677,,,,,,,,True,Marie Roche,0894513036,marie.roche88@example.com,,,,True,162,,131 quai de la Loire,43.673572,7.243472,,,,
0732068c-693e-4dac-ad5d-d86691ed770d,AN-2QJ5ONIJ,REC-WRRG42NP,Terrain,Terrain avec vue dégagée à Nice,Nice,06000,2026-04-06,1631234,173,,,,,,,True,Nadia Fontaine,,nadia.fontaine38@example.com,https://exemple-images.test/AN-2QJ5ONIJ/1.jpg; https://exemple-images.test/AN-2QJ5ONIJ/2.jpg; https://exemple-images.test/AN-2QJ5ONIJ/3.jpg,,,True,,,141 impasse des Lilas,43.669221,7.273016,,275.41,True,
4890b814-5c00-4483-9dce-c17f044928e7,AN-B9POSWUE,REC-WRRG42NP,Terrain,Terrain en excellent état à Nice,Nice,06000,10/11/2025,1160751,162,,,,,"Terrain rénové de 162 m² situé à Nice. Proche de toutes commodités, transports et écoles. À visiter sans tarder. Travaux à prévoir.",,True,,0905156972,,https://exemple-images.test/AN-B9POSWUE/1.jpg; https://exemple-images.test/AN-B9POSWUE/2.jpg; https://exemple-images.test/AN-B9POSWUE/3.jpg; https://exemple-images.test/AN-B9POSWUE/4.jpg,,,True,,,,43.690987,7.215462,,,True,
8a53481d-efa2-4952-8bfa-d124feb5ea81,AN-HDH45C0X,REC-WRRG42NP,Terrain,Terrain avec vue dégagée à Nice,Nice,06000,2025-09-08T18:19:45,1569715,255,,,,,"Terrain atypique de 255 m² situé à Nice. Proche de toutes commodités, transports et écoles. À visiter sans tarder.",,True,Nadia Martin,0090562692,,,,,,,,,,,,,True,
499ee030-ced2-44ba-b6de-34dbec124730,AN-5K26Y7Z7,REC-WRRG42NP,Terrain,Terrain rénové à Nice,Nice,06000,02-17-2026,1252676,126,,,,,"Terrain spacieux de 126 m² situé à Nice. Proche de toutes commodités, transports et écoles. À visiter sans tarder.",,True,,0225038312,contact41@example.com,,False,Century Habitat,,,,,,,,,True,
ae81a3a0-f3c6-4967-8d44-2eac2f845d94,AN-N7B9FTN0,REC-WRRG42NP,Terrain,Terrain spacieux à Nice,Nice,06000,08-27-2025,1621490,162,,,,,"Terrain au calme de 162 m² situé à Nice. Cave et parking inclus. Proche de toutes commodités, transports et écoles. À visiter sans tarder.",,True,Ahmed Dubois,0926362997,,,True,,,,,12 chemin des Vignes,,,,316.38,True,
e4d41dac-5026-4a1a-9162-ceecafc02ab5,AN-QO63XWTC,REC-WRRG42NP,Terrain,Terrain de standing à Nice,Nice,06000,12-25-2024,1501846,,,,,,,,True,,0284665828,,https://exemple-images.test/AN-QO63XWTC/1.jpg; https://exemple-images.test/AN-QO63XWTC/2.jpg,True,,,155,,109 allée des Platanes,43.70796,7.26572,,,True,
bd1d6376-2212-4c72-9449-5019b5981412,AN-FYNXDASZ,REC-WRRG42NP,Terrain,Terrain lumineux à Nice,Nice,06000,1731692265,1423251,147,,,,,"Terrain lumineux de 147 m² situé à Nice. Proche de toutes commodités, transports et écoles. À visiter sans tarder.",,True,,0570481243,contact53@example.com,,,,,,,,43.740178,7.237994,,,True,
0ac5c1c3-5679-484c-944e-4e8df4f81beb,AN-2405OJJP,REC-WRRG42NP,Terrain,Terrain atypique à Nice,Nice,06000,1768243545,1104196,121,,,,,"Terrain avec vue dégagée de 121 m² situé à Nice. Proche de toutes commodités, transports et écoles. À visiter sans tarder.",,True,,,,,,,,,,,43.740604,7.277315,,,True,
90a7ebf9-5255-420d-9055-c7218aa2a84e,AN-VYUC7UJF,REC-WRRG42NP,Terrain,Terrain de standing à Nice,Nice,06000,2026-05-27,1303860,226,,,,,"Terrain avec vue dégagée de 226 m² situé à Nice. Proche de toutes commodités, transports et écoles. À visiter sans tarder.",,True,Claire Bernard,0375095777,claire.bernard54@example.com,,True,Toit & Vous,,,,,43.693453,7.230863,,,,
ece41219-fac3-4624-a66d-7a2c07689ae8,AN-5K0KYP3A,REC-WRRG42NP,Terrain,Terrain de standing à Nice,Nice,06000,1766934105,1345410,214,,,,,"Terrain au calme de 214 m² situé à Nice. Proche de toutes commodités, transports et écoles. À visiter sans tarder.",,True,Julie Faure,,,,,,,,,,43.682856,7.296066,,,True,
cc097c9e-4ef3-4950-a415-2ef735b6f218,AN-F7OG5C9P,REC-WRRG42NP,Terrain,Terrain lumineux à Nice,Nice,06000,1749795345,1612710,141,,,,,"Terrain en excellent état de 141 m² situé à Nice. Proche de toutes commodités, transports et écoles. À visiter sans tarder.",,True,Jean Faure,,jean.faure53@example.com,,,,,,,,43.735252,7.308975,,,True,
4bda965e-664f-4bed-9b10-3f6f9a8222c7,AN-5HNY67J1,REC-WRRG42NP,Terrain,Terrain charmant à Nice,Nice,06000,1740765645,1806013,139,,,,,"Terrain lumineux de 139 m² situé à Nice. Cave et parking inclus. Proche de toutes commodités, transports et écoles. À visiter sans tarder.",,,,,contact46@example.com,,False,,,,,,,,,,True,
56f1a2dd-9700-426f-8017-8a75feb3fbb8,AN-TH6NL30F,REC-WRRG42NP,Terrain,Terrain à rafraîchir à Nice,Nice,06000,1762229745,1445860,146,,,,,"Terrain charmant de 146 m² situé à Nice. Proche de toutes commodités, transports et écoles. À visiter sans tarder.",,True,Sophie Lefevre,0269792518,,,True,,,,,,43.738137,7.30857,,,True,
de7d9361-b42b-4350-bd0b-f53dff824617,AN-RDHECSS3,REC-WRRG42NP,Terrain,Terrain rénové à Nice,Nice,06000,18 février 2026,1557659,172,,,,,"Terrain atypique de 172 m² situé à Nice. Proche de toutes commodités, transports et écoles. À visiter sans tarder. Travaux à prévoir.",,True,Sophie Moreau,0208400663,,,,Toit & Vous,,,,108 boulevard Gambetta,,,,,True,
9860b321-2d03-4e9d-82dc-f7d7d5d3d95c,AN-AC063S4N,REC-WRRG42NP,Terrain,Terrain atypique à Nice,Nice,06000,2026-04-09,1436332,195,,,,,"Terrain atypique de 195 m² situé à Nice. Cave et parking inclus. Proche de toutes commodités, transports et écoles. À visiter sans tarder.",,True,,0260845986,,,,,,,,155 rue Pasteur,,,,,,
f449b798-9213-4fe4-9f6f-15b7fcc9cf1f,AN-I4Z7YV8P,REC-WRRG42NP,Terrain,Terrain au calme à Nice,Nice,06000,1764134145,1551028,193,,,,,"Terrain lumineux de 193 m² situé à Nice. Cave et parking inclus. Proche de toutes commodités, transports et écoles. À visiter sans tarder.",,True,Julie Moreau,,julie.moreau4@example.com,https://exemple-images.test/AN-I4Z7YV8P/1.jpg; https://exemple-images.test/AN-I4Z7YV8P/2.jpg; https://exemple-images.test/AN-I4Z7YV8P/3.jpg; https://exemple-images.test/AN-I4Z7YV8P/4.jpg; https://exemple-images.test/AN-I4Z7YV8P/5.jpg,False,,,,,,,,,,True,
27c48f6b-76f4-499e-be1d-06264b3253dd,AN-SSVLT5OD,REC-WRRG42NP,Terrain,Terrain rénové à Nice,Nice,06000,2024-10-11,1585036,215,,,,,,,True,Karim Faure,0413065016,karim.faure88@example.com,https://exemple-images.test/AN-SSVLT5OD/1.jpg; https://exemple-images.test/AN-SSVLT5OD/2.jpg; https://exemple-images.test/AN-SSVLT5OD/3.jpg,False,,,,,67 allée des Platanes,,,,,True,
43666cde-0177-4e30-84a0-c082dc98356d,AN-PW22YJSU,REC-WRRG42NP,Terrain,Terrain lumineux à Nice,Nice,06000,5 novembre 2025,1346082,,,,,,"Terrain à rafraîchir de 167 m² situé à Nice. Cave et parking inclus. Proche de toutes commodités, transports et écoles. À visiter sans tarder.",,True,Ahmed Faure,0097437199,ahmed.faure70@example.com,,,,True,167,,,,,,,True,
b96ff38e-8f11-4ef3-9acc-daba32eacba8,AN-Y0QAHPL8,REC-WRRG42NP,Terrain,Terrain lumineux à Nice,Nice,06000,2024-12-15,1683485,146,,,,,"Terrain de standing de 146 m² situé à Nice. Proche de toutes commodités, transports et écoles. À visiter sans tarder.",,True,Luc Dubois,,luc.dubois64@example.com,,,ImmoPlus,,,,,43.751548,7.280847,,,True,
ab14161b-80eb-4a42-9022-9ec5cb5e4e06,AN-T654HMN4,REC-WRRG42NP,Terrain,Terrain atypique à Nice,Nice,06000,01-16-2025,1181611,124,,,,,"Terrain rénové de 124 m² situé à Nice. Cave et parking inclus. Proche de toutes commodités, transports et écoles. À visiter sans tarder.",,True,Marc Roche,0921734089,,,,,,,,,,,,,True,
9220c274-ad28-4b5e-bda3-3eed31011cff,AN-FAU9OWQD,REC-WRRG42NP,Terrain,Terrain rénové à Nice,Nice,06000,3 mars 2025,1320323,251,,,,,"Terrain de standing de 251 m² situé à Nice. Proche de toutes commodités, transports et écoles. À visiter sans tarder.",,True,Claire Fontaine,,,,True,,,,,27 boulevard Gambetta,43.704722,7.293724,,,True,
54218b95-0c1e-495c-9a4f-310e58067bb9,AN-7C2KB2YE,REC-WRRG42NP,Terrain,Terrain spacieux à Nice,Nice,06000,2025-01-30,1580568,169,,,,,,,True,,0331113046,,https://exemple-images.test/AN-7C2KB2YE/1.jpg,,,,,,,43.759017,7.294944,,,True,
78e2c06c-79f9-4cf1-aace-94346fec0711,AN-QRQRIUHM,REC-WRRG42NP,Terrain,Terrain atypique à Nice,Nice,06000,2026-03-06,1577338,192,,,,,"Terrain au calme de 192 m² situé à Nice. Proche de toutes commodités, transports et écoles. À visiter sans tarder.",,True,Marie Perrin,0808620026,marie.perrin51@example.com,,False,Toit & Vous,,,,146 rue Victor Hugo,43.662,7.294773,,,True,
680c2452-0474-46c3-b3e5-128aaf19f6be,AN-RXLM4K3Y,REC-WRRG42NP,Terrain,Terrain à rafraîchir à Nice,Nice,06000,2024-09-14T09:20:45,1163902,165,,,,,,,True,Sophie Moreau,,sophie.moreau58@example.com,,,Century Habitat,,,,19 boulevard Gambetta,,,,192.38,True,
8899d52f-5ab5-42d7-a1a5-f4fec577e241,AN-ASKT5KAX,REC-WRRG42NP,Terrain,Terrain avec vue dégagée à Nice,Nice,06000,2024-08-26,1185058,167,,,,,"Terrain à rafraîchir de 167 m² situé à Nice. Proche de toutes commodités, transports et écoles. À visiter sans tarder. Travaux à prévoir.",,,Luc Perrin,,luc.perrin16@example.com,,,Century Habitat,,,,,43.734717,7.217271,,,True,
faaae250-11c2-4bee-af1f-bea6b26e424c,AN-YGM25E9G,REC-WRRG42NP,Terrain,Terrain atypique à Nice,Nice,06000,29 janvier 2025,1039991,139,,,,,"Terrain à rafraîchir de 139 m² situé à Nice. Proche de toutes commodités, transports et écoles. À visiter sans tarder. Travaux à prévoir.",,True,Claire Girard,0450127680,,,,Toit & Vous,,,,,,,,,,
a972912b-c369-4dc6-a91e-41ee8406f7ed,AN-G5QUZDA7,REC-WRRG42NP,Terrain,Terrain de standing à Nice,Nice,06000,2026-08-04,1737854,192,,,,,,,True,Marie Fontaine,0134114105,,,,,,,,,43.698557,7.257015,,,True,
41d37878-4206-4da2-868b-c5e4c7de095f,AN-KP4VCPHU,REC-WRRG42NP,Terrain,Terrain au calme à Nice,Nice,06000,2025-11-19,945962 €,206,,,,,"Terrain atypique de 206 m² situé à Nice. Proche de toutes commodités, transports et écoles. À visiter sans tarder. Travaux à prévoir.",,True,Marc Girard,0096645428,marc.girard27@example.com,https://exemple-images.test/AN-KP4VCPHU/1.jpg; https://exemple-images.test/AN-KP4VCPHU/2.jpg; https://exemple-images.test/AN-KP4VCPHU/3.jpg; https://exemple-images.test/AN-KP4VCPHU/4.jpg,,,,,,91 place de la Mairie,,,,,True,
4617945f-8ae5-4d20-aaec-1e34296f70a0,AN-EYK2B31F,REC-WRRG42NP,Terrain,Terrain en excellent état à Nice,Nice,06000,2025-04-14T06:52:45,1386302,215,,,,,,,,Luc Bernard,0908372451,,,False,,,,,133 rue Pasteur,43.718208,7.218363,,,True,
e52e40c7-ea66-429b-b2f7-38ca6aa1501e,AN-9090B25D,REC-WRRG42NP,Terrain,Terrain en excellent état à Nice,Nice,06000,25/05/2025,1554484,198,,,,,"Terrain atypique de 198 m² situé à Nice. Proche de toutes commodités, transports et écoles. À visiter sans tarder.",,,Sophie Lefevre,0966147195,sophie.lefevre98@example.com,,,,,,,76 rue de la République,,,,275.04,True,
9d82863e-d05f-4b33-aa95-6d0de8a22274,AN-GO80H69D,REC-WRRG42NP,Terrain,Terrain charmant à Nice,Nice,06000,20 janvier 2026,1120482,152,,,,,"Terrain à rafraîchir de 152 m² situé à Nice. Cave et parking inclus. Proche de toutes commodités, transports et écoles. À visiter sans tarder.",,True,Claire Moreau,0252096765,claire.moreau90@example.com,,True,,,,,116 avenue des Champs,,,,,True,
dbf59a14-f667-4413-8aa9-7b8838031b54,AN-26QXP9OU,REC-WRRG42NP,Terrain,Terrain avec vue dégagée à Nice,Nice,06000,15/08/2025,1297884 €,,,,,,"Terrain au calme de 144 m² situé à Nice. Cave et parking inclus. Proche de toutes commodités, transports et écoles. À visiter sans tarder. Travaux à prévoir.",,True,,,,,,Toit & Vous,,144,,155 rue Victor Hugo,43.72829,7.244099,,,True,
7219b92c-4b50-472f-af9c-bf7db520b8aa,AN-RFJVDR5A,REC-WRRG42NP,Terrain,Terrain avec vue dégagée à Nice,Nice,06000,12-02-2024,1591868,158,,,,,"Terrain spacieux de 158 m² situé à Nice. Proche de toutes commodités, transports et écoles. À visiter sans tarder. Travaux à prévoir.",,True,Nadia Dubois,0503617000,nadia.dubois56@example.com,https://exemple-images.test/AN-RFJVDR5A/1.jpg; https://exemple-images.test/AN-RFJVDR5A/2.jpg; https://exemple-images.test/AN-RFJVDR5A/3.jpg; https://exemple-images.test/AN-RFJVDR5A/4.jpg,,,,,,18 rue Victor Hugo,,,,355.69,True,
c68f35a9-661f-4d97-adfd-fc53deb569c2,AN-UUOYDYPS,REC-WRRG42NP,Terrain,Terrain à rafraîchir à Nice,Nice,06000,2025-07-09T06:06:45,1384497,264,,,,,"Terrain spacieux de 264 m² situé à Nice. Proche de toutes commodités, transports et écoles. À visiter sans tarder.",,True,,0126748524,,,,Toit & Vous,,,,,,,,,True,
9422390f-af2d-478e-a85e-ada42cc85696,AN-QRBQUHBI,REC-WRRG42NP,Terrain,Terrain de standing à Nice,Nice,06000,2025-08-03T17:36:45,1001469,165,,,,,"Terrain avec vue dégagée de 165 m² situé à Nice. Proche de toutes commodités, transports et écoles. À visiter sans tarder. Travaux à prévoir.",,True,Karim Moreau,0968500178,karim.moreau22@example.com,https://exemple-images.test/AN-QRBQUHBI/1.jpg; https://exemple-images.test/AN-QRBQUHBI/2.jpg; https://exemple-images.test/AN-QRBQUHBI/3.jpg; https://exemple-images.test/AN-QRBQUHBI/4.jpg,,Nid Doré,True,,,,,,,,True,
a6482b96-7155-454a-b740-3bdb42ad9bcb,AN-AULKCEQJ,REC-WRRG42NP,Terrain,Terrain en excellent état à Nice,Nice,06000,1752176865,1405356,,,,,,"Terrain en excellent état de 217 m² situé à Nice. Cave et parking inclus. Proche de toutes commodités, transports et écoles. À visiter sans tarder. Travaux à prévoir.",,True,Marc Dubois,0200980500,marc.dubois74@example.com,https://exemple-images.test/AN-AULKCEQJ/1.jpg,,,,217,,37 rue Jean Jaurès,,,,,True,
76b5e951-3cd8-4fcd-a186-739247a54836,AN-B58KNE90,REC-WRRG42NP,Terrain,Terrain à rafraîchir à Nice,Nice,06000,1736784525,1527975 €,238,,,,,,,True,,0057804038,,,True,,,,,,,,,,True,
f9b1bd1e-4b0c-4275-9055-1b2e60e8cdc0,AN-9T3IGG10,REC-WRRG42NP,Terrain,Terrain spacieux à Nice,Nice,06000,1784148525,1197733,205,,,,,"Terrain charmant de 205 m² situé à Nice. Proche de toutes commodités, transports et écoles. À visiter sans tarder.",,True,Luc Fontaine,0113920049,luc.fontaine32@example.com,https://exemple-images.test/AN-9T3IGG10/1.jpg; https://exemple-images.test/AN-9T3IGG10/2.jpg,True,,,,,,,,,,True,
99d0698d-bcf6-4699-b116-fbf407cc2d2c,AN-PZPQ1LRP,REC-WRRG42NP,Terrain,Terrain atypique à Nice,Nice,06000,7 septembre 2025,1195666,145,,,,,"Terrain à rafraîchir de 145 m² situé à Nice. Cave et parking inclus. Proche de toutes commodités, transports et écoles. À visiter sans tarder.",,True,,0198859429,,,,,,,,,,,,,True,
e5477332-2716-4b6b-a85d-7c2acfbe9a9f,AN-2RUWRGWX,REC-WRRG42NP,Terrain,Terrain lumineux à Nice,Nice,06000,03/11/2024,1150496,,,,,,"Terrain de standing de 168 m² situé à Nice. Cave et parking inclus. Proche de toutes commodités, transports et écoles. À visiter sans tarder.",,True,Karim Roche,0548884256,,https://exemple-images.test/AN-2RUWRGWX/1.jpg; https://exemple-images.test/AN-2RUWRGWX/2.jpg; https://exemple-images.test/AN-2RUWRGWX/3.jpg; https://exemple-images.test/AN-2RUWRGWX/4.jpg,,Toit & Vous,,168,,,43.739896,7.306062,,,True,
457c93b7-a8e8-4cc3-985d-a206ebdb90e7,AN-V0KCPVXL,REC-WRRG42NP,Terrain,Terrain charmant à Nice,Nice,06000,2026-04-04T21:30:45,1606123,136,,,,,"Terrain à rafraîchir de 136 m² situé à Nice. Cave et parking inclus. Proche de toutes commodités, transports et écoles. À visiter sans tarder.",,True,Sophie Lefevre,,,,,,,,,,,,,,True,
75d530ea-e897-441b-9bc8-46b730ebeaed,AN-E75Y6TAU,REC-WRRG42NP,Terrain,Terrain au calme à Nice,Nice,06000,10-30-2024,973828,175,,,,,"Terrain de standing de 175 m² situé à Nice. Cave et parking inclus. Proche de toutes commodités, transports et écoles. À visiter sans tarder.",,True,Karim Lefevre,0480645384,karim.lefevre56@example.com,,True,Clé en Main Immo,,,,131 rue Pasteur,43.679907,7.30191,,,True,
6535df93-10a3-48c6-bc8f-f726d6be4aa1,AN-JQKA7FEX,REC-WRRG42NP,Terrain,Terrain en excellent état à Nice,Nice,06000,04-03-2025,1296647,201,,,,,"Terrain en excellent état de 201 m² situé à Nice. Cave et parking inclus. Proche de toutes commodités, transports et écoles. À visiter sans tarder.",,True,Ahmed Fontaine,0521699592,,,True,Nid Doré,,,,67 rue Pasteur,43.692459,7.277078,,,True,
6abcb8ce-c4f1-4278-b23d-6e8998f9e2d3,AN-GJLCZ480,REC-WRRG42NP,Terrain,Terrain spacieux à Nice,Nice,06000,1744743945,937248,159,,,,,"Terrain spacieux de 159 m² situé à Nice. Proche de toutes commodités, transports et écoles. À visiter sans tarder.",,True,,0455623936,contact25@example.com,,False,Toit & Vous,,,,,43.675487,7.254246,,,True,
cc8606c7-868d-46a5-9b68-4f853624170e,AN-ZTQR3SG8,REC-WRRG42NP,Terrain,Terrain spacieux à Nice,Nice,06000,1741172625,1557501,172,,,,,"Terrain charmant de 172 m² situé à Nice. Cave et parking inclus. Proche de toutes commodités, transports et écoles. À visiter sans tarder.",,True,,0174040620,contact43@example.com,,,,True,,,,,,,,True,
1a07649d-91f0-4aa8-8e8c-fc550e379b43,AN-A14FE82F,REC-WRRG42NP,Terrain,Terrain en excellent état à Nice,Nice,06000,07-29-2025,1710004 €,192,,,,,,,True,Sophie Roche,0295825698,sophie.roche93@example.com,,,Toit & Vous,True,,,,,,,,True,
fd939fd6-49f0-4b52-8273-b67c84093a30,AN-CC6AJC8F,REC-WRRG42NP,Terrain,Terrain au calme à Nice,Nice,06000,1761024705,1406581,122,,,,,"Terrain avec vue dégagée de 122 m² situé à Nice. Cave et parking inclus. Proche de toutes commodités, transports et écoles. À visiter sans tarder. Travaux à prévoir.",,True,,0480786600,contact54@example.com,,,Century Habitat,True,,,,43.709553,7.234705,,65.56,,
bcf436b0-951a-4818-9eaa-93879ab33abc,AN-YGHSGI9N,REC-WRRG42NP,Terrain,Terrain atypique à Nice,Nice,06000,1750459905,1348786 €,237,,,,,"Terrain charmant de 237 m² situé à Nice. Cave et parking inclus. Proche de toutes commodités, transports et écoles. À visiter sans tarder.",,,,,contact27@example.com,,,,,,,,,,,,True,
cec70631-8f38-4d9e-b790-56b15233fa38,AN-XZU3S7S1,REC-WRRG42NP,Terrain,Terrain lumineux à Nice,Nice,06000,2025-06-18T07:03:45,1393915 €,126,,,,,"Terrain en excellent état de 126 m² situé à Nice. Proche de toutes commodités, transports et écoles. À visiter sans tarder.",,True,,0156217859,contact43@example.com,,False,,,,,,43.668287,7.254529,,,True,
48d27cb0-2657-4f05-925b-d75562f55f11,AN-NCFCEBG7,REC-WRRG42NP,Terrain,Terrain atypique à Nice,Nice,06000,1741681005,1623257 €,207,,,,,"Terrain en excellent état de 207 m² situé à Nice. Proche de toutes commodités, transports et écoles. À visiter sans tarder.",,True,Nadia Faure,0146059537,nadia.faure17@example.com,,,,,,,,43.664944,7.280091,,,True,
f3d32f15-660f-4bfa-aa88-215fd1bff8df,AN-TWN22SX8,REC-WRRG42NP,Terrain,Terrain rénové à Nice,Nice,06000,10-03-2025,1067442 €,244,,,,,"Terrain rénové de 244 m² situé à Nice. Cave et parking inclus. Proche de toutes commodités, transports et écoles. À visiter sans tarder. Travaux à prévoir.",,True,Luc Girard,0607007416,,,False,,,,,39 chemin des Vignes,,,,,,
ac82a824-261b-48e0-907d-d797e593ca33,AN-NR8UB9JJ,REC-WRRG42NP,Terrain,Terrain en excellent état à Nice,Nice,06000,1754794005,1741909,147,,,,,"Terrain charmant de 147 m² situé à Nice. Proche de toutes commodités, transports et écoles. À visiter sans tarder.",,True,Claire Lefevre,0994682553,,https://exemple-images.test/AN-NR8UB9JJ/1.jpg; https://exemple-images.test/AN-NR8UB9JJ/2.jpg; https://exemple-images.test/AN-NR8UB9JJ/3.jpg; https://exemple-images.test/AN-NR8UB9JJ/4.jpg; https://exemple-images.test/AN-NR8UB9JJ/5.jpg,,ImmoPlus,,,,98 rue Victor Hugo,43.729466,7.275995,,,,
a9e8a5d8-d08e-405c-9876-aa6e531730e5,AN-A0RPZ6J3,REC-WRRG42NP,Terrain,Terrain en excellent état à Nice,Nice,06000,07-13-2025,1420668,259,,,,,"Terrain rénové de 259 m² situé à Nice. Proche de toutes commodités, transports et écoles. À visiter sans tarder.",,True,Sophie Roche,,,,False,Toit & Vous,,,,,43.664372,7.248535,,,True,
9c739e2e-a6ac-4bb5-af8e-73500afc35c1,AN-FZ75PASM,REC-WRRG42NP,Terrain,Terrain spacieux à Nice,Nice,06000,2025-09-29,917884,257,,,,,,,True,Karim Dubois,0972542902,karim.dubois77@example.com,,False,,,,,118 rue Pasteur,43.712854,7.258237,,246.36,True,
e1b3ce0f-1161-47d0-a8fb-8a95ab4d14b2,AN-EDEXREVE,REC-WRRG42NP,Terrain,Terrain à rafraîchir à Nice,Nice,06000,11/02/2025,1022914,246,,,,,"Terrain au calme de 246 m² situé à Nice. Cave et parking inclus. Proche de toutes commodités, transports et écoles. À visiter sans tarder.",,True,Sophie Lefevre,0704204654,sophie.lefevre29@example.com,https://exemple-images.test/AN-EDEXREVE/1.jpg; https://exemple-images.test/AN-EDEXREVE/2.jpg,True,Clé en Main Immo,,,,145 avenue des Champs,,,,,,
b163fac8-4d88-4a32-b582-bb2f75b87ba6,AN-FGFANYG1,REC-WRRG42NP,Terrain,Terrain au calme à Nice,Nice,06000,1739754285,1090799,215,,,,,"Terrain spacieux de 215 m² situé à Nice. Proche de toutes commodités, transports et écoles. À visiter sans tarder.",,True,Luc Moreau,0181281560,luc.moreau49@example.com,https://exemple-images.test/AN-FGFANYG1/1.jpg; https://exemple-images.test/AN-FGFANYG1/2.jpg; https://exemple-images.test/AN-FGFANYG1/3.jpg; https://exemple-images.test/AN-FGFANYG1/4.jpg; https://exemple-images.test/AN-FGFANYG1/5.jpg,,,,,,17 avenue des Champs,43.687065,7.238873,,,True,
445ee84b-9839-47df-af34-e1fe823d30a5,AN-YU6L3CTE,REC-WRRG42NP,Terrain,Terrain rénové à Nice,Nice,06000,2026-07-22T16:12:45,997466,262,,,,,"Terrain rénové de 262 m² situé à Nice. Cave et parking inclus. Proche de toutes commodités, transports et écoles. À visiter sans tarder.",,True,Sophie Lefevre,,sophie.lefevre73@example.com,,False,,,,,,,,,,,
c527e9a2-ddda-41c8-997a-ad5e93ff47ef,AN-PTEU27KW,REC-WRRG42NP,Terrain,Terrain lumineux à Nice,Nice,06000,2025-04-21T04:31:45,1381101 €,123,,,,,,,True,Nadia Perrin,0506748004,nadia.perrin37@example.com,,True,Provence Immobilier,,,,159 place de la Mairie,43.736259,7.229629,,,,
67a3504d-9ad5-475a-b836-02e3539fbece,AN-377YWDY9,REC-WRRG42NP,Terrain,Terrain charmant à Nice,Nice,06000,06/11/2025,1182384,206,,,,,"Terrain à rafraîchir de 206 m² situé à Nice. Proche de toutes commodités, transports et écoles. À visiter sans tarder.",,True,Luc Perrin,,luc.perrin27@example.com,,False,,,,,7 avenue des Champs,43.727184,7.216663,,,True,
0723b1dd-97f5-4b59-8ef2-4f6af0bcd98b,AN-55GQ8VBJ,REC-WRRG42NP,Terrain,Terrain de standing à Nice,Nice,06000,03-08-2025,1716129,223,,,,,,,True,Marc Bernard,0800631914,marc.bernard14@example.com,https://exemple-images.test/AN-55GQ8VBJ/1.jpg,True,ImmoPlus,,,,85 quai de la Loire,43.660808,7.264723,,,True,
605024ff-f2de-4594-95c5-04b1f21cce9d,AN-PC03XLTV,REC-WRRG42NP,Terrain,Terrain avec vue dégagée à Nice,Nice,06000,27 août 2025,1176068,148,,,,,,,True,Nadia Martin,0692379432,nadia.martin95@example.com,,,,,,,,43.759581,7.239943,,,True,
9d2baece-d4e0-4a9d-ad94-880d8a818fa5,AN-WYOQ27JA,REC-WRRG42NP,Terrain,Terrain avec vue dégagée à Nice,Nice,06000,21 avril 2026,1694644,,,,,,,,True,Karim Roche,,karim.roche95@example.com,,,Century Habitat,True,239,,198 quai de la Loire,,,,,True,
853502ae-e060-4ce5-8704-b3280f5a0bd9,AN-4CDOR3GV,REC-WRRG42NP,Terrain,Terrain à rafraîchir à Nice,Nice,06000,03/01/2025,1407877 €,228,,,,,"Terrain charmant de 228 m² situé à Nice. Proche de toutes commodités, transports et écoles. À visiter sans tarder.",,True,Claire Moreau,,claire.moreau27@example.com,https://exemple-images.test/AN-4CDOR3GV/1.jpg,False,Toit & Vous,,,,135 rue Victor Hugo,43.746492,7.234971,,,True,
4828f2f8-07c6-4c2a-9282-705dc3b30aba,AN-OWZPEHAV,REC-WRRG42NP,Terrain,Terrain charmant à Nice,Nice,06000,12 juin 2026,1289056,121,,,,,"Terrain lumineux de 121 m² situé à Nice. Cave et parking inclus. Proche de toutes commodités, transports et écoles. À visiter sans tarder.",,True,,0221582390,,,,,True,,,127 rue Pasteur,43.684844,7.294381,,,True,
97ff8db3-98bd-4023-a946-47b4493fe083,AN-LN5BH6GU,REC-WRRG42NP,Terrain,Terrain à rafraîchir à Nice,Nice,06000,18 avril 2026,915525,136,,,,,"Terrain atypique de 136 m² situé à Nice. Proche de toutes commodités, transports et écoles. À visiter sans tarder.",,True,,0330494342,,,False,,,,,,,,,,True,
a60418b9-02a9-4972-b3eb-a4d2d0350a81,AN-86NFNJO2,REC-WRRG42NP,Terrain,Terrain de standing à Nice,Nice,06000,10-31-2024,1741885,229,,,,,"Terrain charmant de 229 m² situé à Nice. Proche de toutes commodités, transports et écoles. À visiter sans tarder.",,True,,,,,,,,,,,,,,,True,
eda176bc-b057-448e-8a13-e24d088e2869,AN-G7FBVII0,REC-WRRG42NP,Terrain,Terrain en excellent état à Nice,Nice,06000,21/04/2025,1584934,,,,,,"Terrain en excellent état de 187 m² situé à Nice. Proche de toutes commodités, transports et écoles. À visiter sans tarder.",,True,Sophie Perrin,0003085911,,,,,,187,,,,,,312.22,,
0f313d74-a6f5-4bd3-916f-73e5a698569c,AN-XF7AMB2M,REC-WRRG42NP,Terrain,Terrain atypique à Nice,Nice,06000,2026-01-30T11:04:45,1035721,175,,,,,"Terrain atypique de 175 m² situé à Nice. Proche de toutes commodités, transports et écoles. À visiter sans tarder.",,True,Luc Martin,0914904963,luc.martin4@example.com,https://exemple-images.test/AN-XF7AMB2M/1.jpg; https://exemple-images.test/AN-XF7AMB2M/2.jpg,,,,,,136 place de la Mairie,,,,,True,
8bcefe29-00aa-4fc6-8a9c-07c0b118e16b,AN-5IN25L2A,REC-WRRG42NP,Terrain,Terrain avec vue dégagée à Nice,Nice,06000,1754854425,1324961,,,,,,"Terrain à rafraîchir de 208 m² situé à Nice. Proche de toutes commodités, transports et écoles. À visiter sans tarder.",,True,,0208579469,,,,,,208,,16 rue de la République,,,,,True,
6a8a4ee4-a717-47ed-87d4-07af5d192731,AN-6JRJXTRU,REC-WRRG42NP,Terrain,Terrain rénové à Nice,Nice,06000,01-01-2026,1118736,135,,,,,"Terrain spacieux de 135 m² situé à Nice. Cave et parking inclus. Proche de toutes commodités, transports et écoles. À visiter sans tarder.",,True,,,,,False,,,,,160 boulevard Gambetta,,,,,True,
b4aaf663-3f8f-4489-9852-2db33dd85043,AN-91S4LIE5,REC-WRRG42NP,Terrain,Terrain lumineux à Nice,Nice,06000,12-09-2024,1274471,142,,,,,"Terrain à rafraîchir de 142 m² situé à Nice. Proche de toutes commodités, transports et écoles. À visiter sans tarder.",,True,Luc Moreau,,,,,Clé en Main Immo,,,,,43.729533,7.218316,,78.56,True,
e02b1086-8cd6-4046-974e-292e06b0a618,AN-VZKVAQ77,REC-WRRG42NP,Terrain,Terrain en excellent état à Nice,Nice,06000,2025-06-29T22:58:45,1545809,176,,,,,,,True,Julie Fontaine,0242534519,julie.fontaine72@example.com,,,,,,,100 rue Pasteur,,,,,True,
df222c60-03fa-4745-8bdb-cb4329322007,AN-NQC4SS9S,REC-WRRG42NP,Terrain,Terrain de standing à Nice,Nice,06000,2025-04-15T14:40:45,1540090,243,,,,,,,True,Luc Faure,0287039538,,,,Clé en Main Immo,,,,111 rue Victor Hugo,,,,,True,
87daf1a4-87e0-41a8-bc14-0999b1efbbfd,AN-1BH57VRL,REC-WRRG42NP,Terrain,Terrain en excellent état à Nice,Nice,06000,1786482885,998359,167,,,,,"Terrain en excellent état de 167 m² situé à Nice. Cave et parking inclus. Proche de toutes commodités, transports et écoles. À visiter sans tarder.",,,Luc Girard,0796363849,luc.girard16@example.com,https://exemple-images.test/AN-1BH57VRL/1.jpg; https://exemple-images.test/AN-1BH57VRL/2.jpg,,Toit & Vous,,,,,43.686729,7.298303,,,True,
24c22102-9f33-48c2-96ab-1a74920dc8db,AN-XZYPS5VW,REC-WRRG42NP,Terrain,Terrain spacieux à Nice,Nice,06000,2026-08-21,1503153,228,,,,,,,,,,contact59@example.com,https://exemple-images.test/AN-XZYPS5VW/1.jpg,,,,,,,43.688427,7.309247,,,True,
b8c5fe36-483d-4086-a102-f55560a3aa8e,AN-3604IR88,REC-WRRG42NP,Terrain,Terrain spacieux à Nice,Nice,06000,1761210705,1725874,189,,,,,"Terrain en excellent état de 189 m² situé à Nice. Proche de toutes commodités, transports et écoles. À visiter sans tarder.",,True,Jean Lefevre,0560101699,jean.lefevre73@example.com,,,,,,,199 rue Jean Jaurès,43.752304,7.282472,,,True,
98c99c5c-e3e1-430a-8856-36b4adcc935e,AN-P7C36WAS,REC-WRRG42NP,Terrain,Terrain lumineux à Nice,Nice,06000,04-01-2026,1121512,212,,,,,"Terrain de standing de 212 m² situé à Nice. Proche de toutes commodités, transports et écoles. À visiter sans tarder.",,,Julie Fontaine,,julie.fontaine98@example.com,,True,,,,,15 rue de la République,43.720705,7.242834,,,True,
908b1268-f256-443c-be7c-d9c265c24de7,AN-RHSLOUGO,REC-WRRG42NP,Terrain,Terrain à rafraîchir à Nice,Nice,06000,2026-07-28T18:03:45,1368320,218,,,,,"Terrain rénové de 218 m² situé à Nice. Proche de toutes commodités, transports et écoles. À visiter sans tarder.",,True,Nadia Roche,,,,,Provence Immobilier,,,,,,,,,True,
32c86657-ad81-4fc2-9e39-0c025d924dca,AN-4G81WAAV,REC-WRRG42NP,Terrain,Terrain lumineux à Nice,Nice,06000,06-21-2025,1751379,190,,,,,"Terrain au calme de 190 m² situé à Nice. Proche de toutes commodités, transports et écoles. À visiter sans tarder.",,True,Jean Moreau,0289569479,,,True,,,,,117 place de la Mairie,,,,,True,
41f2d12e-7ac8-4127-8d59-4ae8973bdbc5,AN-GKECI3YZ,REC-WRRG42NP,Terrain,Terrain au calme à Nice,Nice,06000,08-21-2026,1423127,248,,,,,"Terrain charmant de 248 m² situé à Nice. Proche de toutes commodités, transports et écoles. À visiter sans tarder. Travaux à prévoir.",,True,Nadia Roche,0355606394,,,,Nid Doré,,,,,43.747912,7.233209,,,True,
e0cbcb59-af6c-4260-9c01-fa3aea33ba3b,AN-2XIP24QV,REC-WRRG42NP,Terrain,Terrain atypique à Nice,Nice,06000,25/07/2026,1414042,175,,,,,,,True,Julie Faure,0220595256,,,,Clé en Main Immo,,,,132 place de la Mairie,,,,,True,
955d5c18-184b-447d-a11d-109d130aa6b6,AN-SLE7Q7CP,REC-WRRG42NP,Terrain,Terrain à rafraîchir à Nice,Nice,06000,6 septembre 2025,1578063,219,,,,,"Terrain spacieux de 219 m² situé à Nice. Cave et parking inclus. Proche de toutes commodités, transports et écoles. À visiter sans tarder.",,,,0229195588,contact81@example.com,https://exemple-images.test/AN-SLE7Q7CP/1.jpg; https://exemple-images.test/AN-SLE7Q7CP/2.jpg; https://exemple-images.test/AN-SLE7Q7CP/3.jpg,True,ImmoPlus,,,,,43.73044,7.247875,,,True,
340e44aa-a660-4231-9420-b6d9d0d267b2,AN-LCA8H7LB,REC-WRRG42NP,Terrain,Terrain spacieux à Nice,Nice,06000,2025-10-19,1587603,202,,,,,"Terrain charmant de 202 m² situé à Nice. Proche de toutes commodités, transports et écoles. À visiter sans tarder.",,,Claire Faure,0128827038,,,True,,,,,,,,,,True,
af764164-dcca-4521-b8ae-0f03876d8ff9,AN-ZZRH33UD,REC-WRRG42NP,Terrain,Terrain charmant à Nice,Nice,06000,2025-01-05T11:03:45,964686,219,,,,,,,True,Ahmed Roche,,,,,,,,,139 rue Victor Hugo,43.683738,7.223958,,,True,
29899493-185b-45d9-a71b-96fea84a38dc,AN-1TFP41K9,REC-WRRG42NP,Terrain,Terrain atypique à Nice,Nice,06000,13 novembre 2025,1220517,142,,,,,,,True,,0371229338,contact74@example.com,,False,,,,,,,,,,True,
f1bfd47e-ba00-4886-9163-0c7047ab0d8f,AN-F9GYGCJB,REC-WRRG42NP,Terrain,Terrain charmant à Nice,Nice,06000,2024-11-18T06:22:45,1801669,168,,,,,"Terrain à rafraîchir de 168 m² situé à Nice. Proche de toutes commodités, transports et écoles. À visiter sans tarder.",,True,Nadia Dubois,0064091446,nadia.dubois4@example.com,,,ImmoPlus,True,,,134 boulevard Gambetta,43.706015,7.251677,,156.8,True,
cf0a073a-8767-4939-89eb-431d999536b4,AN-X5YBQTVZ,REC-WRRG42NP,Terrain,Terrain à rafraîchir à Nice,Nice,06000,11 juillet 2025,1796784,132,,,,,"Terrain spacieux de 132 m² situé à Nice. Proche de toutes commodités, transports et écoles. À visiter sans tarder.",,,,0176070085,,,,,True,,,,,,,,,
70d3b5d4-ede8-490b-ab77-5c2f9c74d860,AN-C4R1REHB,REC-WRRG42NP,Terrain,Terrain au calme à Nice,Nice,06000,3 janvier 2026,1025563,141,,,,,"Terrain atypique de 141 m² situé à Nice. Proche de toutes commodités, transports et écoles. À visiter sans tarder.",,,Nadia Fontaine,0316482401,,,,,True,,,,43.67431,7.276169,,,True,
d26214ae-8965-4dbc-8a0f-c5915bbdeb44,AN-GLV0Y70C,REC-WRRG42NP,Terrain,Terrain rénové à Nice,Nice,06000,1 avril 2026,1616201,180,,,,,"Terrain au calme de 180 m² situé à Nice. Proche de toutes commodités, transports et écoles. À visiter sans tarder.",,True,Marie Lefevre,,,,,,True,,,,43.754099,7.244962,,,,
d581b5e3-286a-4e2e-a189-62842b0727b5,AN-6EQCWIMS,REC-WRRG42NP,Terrain,Terrain charmant à Nice,Nice,06000,23 janvier 2026,1234099,121,,,,,"Terrain atypique de 121 m² situé à Nice. Proche de toutes commodités, transports et écoles. À visiter sans tarder.",,True,,0581308473,,https://exemple-images.test/AN-6EQCWIMS/1.jpg; https://exemple-images.test/AN-6EQCWIMS/2.jpg,,,,,,138 rue du Commerce,43.743243,7.298591,,,True,
e07c21cc-0460-462b-ada9-2a9d093b74eb,AN-5GKUOJK3,REC-WRRG42NP,Terrain,Terrain au calme à Nice,Nice,06000,2025-11-23T14:51:45,1434024,151,,,,,,,True,Jean Fontaine,0859947306,,https://exemple-images.test/AN-5GKUOJK3/1.jpg; https://exemple-images.test/AN-5GKUOJK3/2.jpg; https://exemple-images.test/AN-5GKUOJK3/3.jpg; https://exemple-images.test/AN-5GKUOJK3/4.jpg; https://exemple-images.test/AN-5GKUOJK3/5.jpg,,,,,,,,,,,True,
90de018d-d852-45c4-be4f-ca195b5a7ae6,AN-79ZXHHV7,REC-WRRG42NP,Terrain,Terrain rénové à Nice,Nice,06000,15 janvier 2025,1772326,242,,,,,"Terrain rénové de 242 m² situé à Nice. Proche de toutes commodités, transports et écoles. À visiter sans tarder.",,True,,0066334255,,,True,,,,,,,,,,True,
6c9915fd-3311-421b-a7ab-4ba8b39620a9,AN-DE7EH3KX,REC-WRRG42NP,Terrain,Terrain spacieux à Nice,Nice,06000,2025-03-25,1256289,212,,,,,,,,Marc Lefevre,0804789788,marc.lefevre85@example.com,,,Nid Doré,,,,,43.740253,7.277268,,377.18,True,
d777ebf4-3b32-47eb-84f6-32c7fc3fb507,AN-7G39DU60,REC-WRRG42NP,Terrain,Terrain de standing à Nice,Nice,06000,1769069985,1572461,240,,,,,"Terrain spacieux de 240 m² situé à Nice. Cave et parking inclus. Proche de toutes commodités, transports et écoles. À visiter sans tarder.",,True,Karim Roche,0897384586,,,,Clé en Main Immo,,,,71 boulevard Gambetta,,,,211.31,True,
26412600-5c8d-46c0-b704-9e96f29249b2,AN-NO298T0D,REC-WRRG42NP,Terrain,Terrain charmant à Nice,Nice,06000,1753890165,1368684,221,,,,,,,True,Karim Girard,0380078695,karim.girard80@example.com,,,,,,,,,,,159.06,True,
84ae9631-24f7-4229-b431-eafb3953accf,AN-1EBGGKH9,REC-WRRG42NP,Terrain,Terrain spacieux à Nice,Nice,06000,14 janvier 2026,1631911,,,,,,"Terrain de standing de 260 m² situé à Nice. Proche de toutes commodités, transports et écoles. À visiter sans tarder.",,True,,0533526600,contact20@example.com,,,Toit & Vous,,260,,,,,,,True,
81f95f96-a3e4-42b1-b3ea-453eee9adecd,AN-BQ39P8NX,REC-WRRG42NP,Terrain,Terrain au calme à Nice,Nice,06000,5 avril 2025,1427969 €,266,,,,,,,,,,,,,,True,,,45 allée des Platanes,,,,183.12,True,
2c3bef35-a72a-4b3a-962a-da6cc6785e33,AN-J90MMDHK,REC-WRRG42NP,Terrain,Terrain de standing à Nice,Nice,06000,1765898745,1745842,219,,,,,,,True,,,contact9@example.com,https://exemple-images.test/AN-J90MMDHK/1.jpg; https://exemple-images.test/AN-J90MMDHK/2.jpg,,Nid Doré,,,,,43.754819,7.23354,,,True,
76af4324-ed82-4875-8134-6c7bde0ef890,AN-3KZS8394,REC-WRRG42NP,Terrain,Terrain au calme à Nice,Nice,06000,2025-10-16T16:05:45,1515445,182,,,,,"Terrain au calme de 182 m² situé à Nice. Proche de toutes commodités, transports et écoles. À visiter sans tarder. Travaux à prévoir.",,True,,0140312616,contact26@example.com,,,,True,,,76 boulevard Gambetta,,,,,True,
53e08d97-88fa-4374-8934-5a34f5412b2d,AN-BDUDEAZA,REC-WRRG42NP,Terrain,Terrain à rafraîchir à Nice,Nice,06000,23 mai 2025,967456 €,238,,,,,"Terrain spacieux de 238 m² situé à Nice. Cave et parking inclus. Proche de toutes commodités, transports et écoles. À visiter sans tarder.",,True,Marc Roche,0644603334,marc.roche50@example.com,,False,,,,,,43.703369,7.225888,,,True,
38566058-ad4a-4b1d-aa27-d0075bd5a5b7,AN-FSUSFC96,REC-WRRG42NP,Terrain,Terrain atypique à Nice,Nice,06000,6 novembre 2024,1075189,211,,,,,"Terrain au calme de 211 m² situé à Nice. Proche de toutes commodités, transports et écoles. À visiter sans tarder.",,True,,0389407940,,,True,Nid Doré,,,,,,,,326.57,True,
2facd280-b2f2-470b-a644-9e646df2ea93,AN-T2VIQBFH,REC-WRRG42NP,Terrain,Terrain en excellent état à Nice,Nice,06000,22 novembre 2025,1129567,,,,,,,,True,Jean Moreau,,jean.moreau28@example.com,,,,,156,,,,,,,,
3b41ec95-6e85-4a23-919a-7685b91d4fc7,AN-I9QTC8BS,REC-WRRG42NP,Terrain,Terrain charmant à Nice,Nice,06000,01-18-2026,1336294,255,,,,,"Terrain rénové de 255 m² situé à Nice. Proche de toutes commodités, transports et écoles. À visiter sans tarder. Travaux à prévoir.",,True,Julie Bernard,,,,False,,,,,58 avenue des Champs,,,,,True,
ade2ae4a-fb2f-4b01-8676-4b8356540a25,AN-2ZWSPTU0,REC-WRRG42NP,Terrain,Terrain au calme à Nice,Nice,06000,1727261205,1438178,,,,,,"Terrain lumineux de 174 m² situé à Nice. Cave et parking inclus. Proche de toutes commodités, transports et écoles. À visiter sans tarder.",,True,,0382883676,contact3@example.com,,,Provence Immobilier,,174,,190 rue du Commerce,,,,,True,
992bed5f-b439-4c4e-baf6-af7dd31a8dac,AN-KKWC6UZ2,REC-WRRG42NP,Terrain,Terrain au calme à Nice,Nice,06000,6 mars 2026,1159458,185,,,,,"Terrain lumineux de 185 m² situé à Nice. Proche de toutes commodités, transports et écoles. À visiter sans tarder.",,True,,0067238535,,https://exemple-images.test/AN-KKWC6UZ2/1.jpg; https://exemple-images.test/AN-KKWC6UZ2/2.jpg,,,True,,,,43.68452,7.249975,,119.85,True,
bc1725da-ec38-4f45-b099-0bda8c452728,AN-56372JQU,REC-WRRG42NP,Terrain,Terrain à rafraîchir à Nice,Nice,06000,1735032765,1412181,252,,,,,"Terrain de standing de 252 m² situé à Nice. Proche de toutes commodités, transports et écoles. À visiter sans tarder.",,True,,,contact60@example.com,https://exemple-images.test/AN-56372JQU/1.jpg; https://exemple-images.test/AN-56372JQU/2.jpg,,Nid Doré,,,,,,,,,True,
ee9f40f7-4c43-4523-8247-f00603ded47e,AN-QMQ697OU,REC-WRRG42NP,Terrain,Terrain à rafraîchir à Nice,Nice,06000,20 janvier 2026,1522432,142,,,,,"Terrain en excellent état de 142 m² situé à Nice. Cave et parking inclus. Proche de toutes commodités, transports et écoles. À visiter sans tarder.",,True,Luc Lefevre,0992848442,luc.lefevre21@example.com,,True,,,,,4 place de la Mairie,43.754492,7.304961,,,True,
7fd47e31-79e1-4a2d-b9ae-9684b5087499,AN-PLFNX6ZJ,REC-WRRG42NP,Terrain,Terrain au calme à Nice,Nice,06000,02-02-2025,1647187,155,,,,,"Terrain de standing de 155 m² situé à Nice. Proche de toutes commodités, transports et écoles. À visiter sans tarder.",,True,Marie Martin,,,,,Toit & Vous,True,,,34 boulevard Gambetta,43.691515,7.247182,,,,
248e85bd-c9bc-4bbc-9765-784751f04c5e,AN-623SQFKO,REC-WRRG42NP,Terrain,Terrain à rafraîchir à Nice,Nice,06000,14/10/2025,1698378,,,,,,"Terrain lumineux de 251 m² situé à Nice. Cave et parking inclus. Proche de toutes commodités, transports et écoles. À visiter sans tarder.",,True,,0103673294,contact88@example.com,https://exemple-images.test/AN-623SQFKO/1.jpg; https://exemple-images.test/AN-623SQFKO/2.jpg; https://exemple-images.test/AN-623SQFKO/3.jpg,,Century Habitat,,251,,30 quai de la Loire,,,,,True,
a0d52df4-55f6-4fc7-ac37-8ba19588cd2c,AN-W4BCVY6T,REC-WRRG42NP,Terrain,Terrain avec vue dégagée à Nice,Nice,06000,01-25-2026,1381176,159,,,,,"Terrain à rafraîchir de 159 m² situé à Nice. Proche de toutes commodités, transports et écoles. À visiter sans tarder.",,True,,,,https://exemple-images.test/AN-W4BCVY6T/1.jpg,,Provence Immobilier,,,,,,,,372.66,True,
0e48c684-dce2-4aa5-a90c-c1d7a8e79ebc,AN-UJ2Q8KON,REC-WRRG42NP,Terrain,Terrain rénové à Nice,Nice,06000,25/11/2025,1397119,,,,,,"Terrain avec vue dégagée de 152 m² situé à Nice. Proche de toutes commodités, transports et écoles. À visiter sans tarder.",,,,,,,True,Century Habitat,,152,,,43.726454,7.311102,,,True,
4f65b39e-6145-4d4d-821b-5d2cbd9eeb93,AN-9LKL2H89,REC-WRRG42NP,Terrain,Terrain rénové à Nice,Nice,06000,2026-04-04,1739946,136,,,,,"Terrain rénové de 136 m² situé à Nice. Proche de toutes commodités, transports et écoles. À visiter sans tarder.",,True,Karim Lefevre,,karim.lefevre21@example.com,,True,Clé en Main Immo,,,,127 impasse des Lilas,,,,,True,
9804b5ae-ad9b-4a58-9a9b-4ae72ba0526f,AN-4C3ANHYC,REC-WRRG42NP,Terrain,Terrain rénové à Nice,Nice,06000,1742884545,1518797,177,,,,,"Terrain charmant de 177 m² situé à Nice. Proche de toutes commodités, transports et écoles. À visiter sans tarder.",,True,,,,,True,Toit & Vous,,,,,,,,,True,
a1a682c6-cb8f-4827-b810-197335bfdc61,AN-0BF0BCTO,REC-WRRG42NP,Terrain,Terrain de standing à Nice,Nice,06000,02/07/2026,1506751,180,,,,,,,,Luc Dubois,0489068167,,,,Provence Immobilier,,,,33 boulevard Gambetta,43.694567,7.308942,,,True,
f37ead4c-fea2-4d12-905b-6d3e69e1740f,AN-F494TU2W,REC-WRRG42NP,Terrain,Terrain en excellent état à Nice,Nice,06000,2025-06-13T19:15:45,1343875,225,,,,,,,True,Nadia Roche,,nadia.roche67@example.com,,,Clé en Main Immo,,,,,,,,,True,
c0399ea9-27a4-4a27-a9a5-d0ee649638c1,AN-8U8FSWWM,REC-WRRG42NP,Terrain,Terrain lumineux à Nice,Nice,06000,1776617805,1165700,156,,,,,"Terrain lumineux de 156 m² situé à Nice. Proche de toutes commodités, transports et écoles. À visiter sans tarder. Travaux à prévoir.",,True,,,,,,Century Habitat,,,,,43.672697,7.263232,,162.92,True,
e4d9669f-851c-42e8-8eb6-60d952477614,AN-BGG91RPP,REC-WRRG42NP,Terrain,Terrain atypique à Nice,Nice,06000,01/10/2024,1387719,117,,,,,"Terrain lumineux de 117 m² situé à Nice. Proche de toutes commodités, transports et écoles. À visiter sans tarder.",,True,,0165101781,contact16@example.com,,,,,,,,,,,,True,
929bd906-20c2-4624-9a9c-2c9dbb6e681a,AN-F8A80J8N,REC-WRRG42NP,Terrain,Terrain charmant à Nice,Nice,06000,01-31-2026,1298254,246,,,,,"Terrain de standing de 246 m² situé à Nice. Proche de toutes commodités, transports et écoles. À visiter sans tarder. Travaux à prévoir.",,True,,0012330096,contact64@example.com,,,,,,,2 rue Victor Hugo,,,,,,
219edcc1-77fa-4ca3-bdec-397bd5d914e5,AN-W2VVDLUH,REC-WRRG42NP,Terrain,Terrain charmant à Nice,Nice,06000,1 septembre 2024,1254091,,,,,,"Terrain spacieux de 155 m² situé à Nice. Proche de toutes commodités, transports et écoles. À visiter sans tarder. Travaux à prévoir.",,True,Sophie Lefevre,,sophie.lefevre8@example.com,https://exemple-images.test/AN-W2VVDLUH/1.jpg; https://exemple-images.test/AN-W2VVDLUH/2.jpg,True,,,155,,,,,,,True,
3263a34a-7363-4e66-aca3-09d9b6c1a12c,AN-VS2Z31WI,REC-WRRG42NP,Terrain,Terrain en excellent état à Nice,Nice,06000,21 juillet 2026,1562433,160,,,,,"Terrain charmant de 160 m² situé à Nice. Cave et parking inclus. Proche de toutes commodités, transports et écoles. À visiter sans tarder.",,True,,0637903184,,,True,,,,,183 quai de la Loire,,,,,True,
e324f9f8-60ea-49e5-81e8-b88256bd2ec2,AN-HU9HV6RU,REC-WRRG42NP,Terrain,Terrain de standing à Nice,Nice,06000,2025-05-18,1377470,170,,,,,,,True,,,contact7@example.com,,,Nid Doré,True,,,155 rue Pasteur,,,,,True,
ae8499ff-118d-4669-b4b3-974205ce2be7,AN-KUMQ0N8A,REC-WRRG42NP,Terrain,Terrain atypique à Nice,Nice,06000,08-09-2025,1655659,259,,,,,,,True,,0126755064,contact1@example.com,,,Provence Immobilier,,,,147 boulevard Gambetta,,,,208.7,True,
d44fd060-b759-420b-bf2d-a934ef726869,AN-DX0WHJMT,REC-WRRG42NP,Terrain,Terrain spacieux à Nice,Nice,06000,2025-12-28T22:21:45,1270636 €,229,,,,,,,True,Sophie Girard,0518915350,,,True,Clé en Main Immo,,,,112 rue Pasteur,,,,,True,
1f4aa7a5-7fbf-4659-a457-773792bf1901,AN-UC0PZCFN,REC-WRRG42NP,Terrain,Terrain en excellent état à Nice,Nice,06000,10-08-2024,1395874,227,,,,,"Terrain en excellent état de 227 m² situé à Nice. Cave et parking inclus. Proche de toutes commodités, transports et écoles. À visiter sans tarder.",,True,Marie Dubois,0694985762,,https://exemple-images.test/AN-UC0PZCFN/1.jpg; https://exemple-images.test/AN-UC0PZCFN/2.jpg; https://exemple-images.test/AN-UC0PZCFN/3.jpg,,,,,,,43.668778,7.237644,,,True,
20e7aa17-6636-4f07-8067-95e8af737c5f,AN-32AKMJK0,REC-WRRG42NP,Terrain,Terrain avec vue dégagée à Nice,Nice,06000,10-14-2025,1359075,145,,,,,"Terrain au calme de 145 m² situé à Nice. Proche de toutes commodités, transports et écoles. À visiter sans tarder.",,True,Marc Faure,0485104357,marc.faure65@example.com,,False,Toit & Vous,,,,,43.672778,7.309571,,,True,
1151b999-570c-4ed1-8ed4-5e2beafaa13b,AN-DF28VLD1,REC-WRRG42NP,Terrain,Terrain charmant à Nice,Nice,06000,05-07-2025,1253956,200,,,,,"Terrain avec vue dégagée de 200 m² situé à Nice. Proche de toutes commodités, transports et écoles. À visiter sans tarder.",,,Jean Moreau,0013766903,,,False,Provence Immobilier,,,,126 rue du Commerce,43.74172,7.213502,,,True,
621775a2-5571-4402-9481-de1fed894135,AN-39DSXW8J,REC-WRRG42NP,Terrain,Terrain lumineux à Nice,Nice,06000,2025-08-25T16:46:45,1260363,208,,,,,"Terrain spacieux de 208 m² situé à Nice. Proche de toutes commodités, transports et écoles. À visiter sans tarder. Travaux à prévoir.",,True,Claire Moreau,0207884336,claire.moreau92@example.com,https://exemple-images.test/AN-39DSXW8J/1.jpg; https://exemple-images.test/AN-39DSXW8J/2.jpg; https://exemple-images.test/AN-39DSXW8J/3.jpg; https://exemple-images.test/AN-39DSXW8J/4.jpg,False,,,,,,,,,,True,
53d0eab6-c651-48fc-be21-1b88c37ff9b1,AN-FVEN9NCN,REC-WRRG42NP,Terrain,Terrain spacieux à Nice,Nice,06000,1753871445,1444134,250,,,,,"Terrain lumineux de 250 m² situé à Nice. Proche de toutes commodités, transports et écoles. À visiter sans tarder.",,True,Marie Fontaine,,,,,,True,,,,43.674443,7.309573,,,True,
a6268092-9de7-49a0-89d8-045afbc064b3,AN-E1DZLO8T,REC-WRRG42NP,Terrain,Terrain en excellent état à Nice,Nice,06000,29/11/2025,1174072,197,,,,,"Terrain de standing de 197 m² situé à Nice. Cave et parking inclus. Proche de toutes commodités, transports et écoles. À visiter sans tarder.",,True,,0333938315,contact71@example.com,,False,,,,,,43.729025,7.24337,,,True,
304bfdb9-b830-41eb-b9c9-7599afe4b513,AN-YGSGZAKI,REC-WRRG42NP,Terrain,Terrain charmant à Nice,Nice,06000,2025-03-14,1222430,218,,,,,"Terrain spacieux de 218 m² situé à Nice. Cave et parking inclus. Proche de toutes commodités, transports et écoles. À visiter sans tarder.",,True,Ahmed Fontaine,,ahmed.fontaine89@example.com,,,Provence Immobilier,,,,,43.708204,7.234691,,,True,
056345c5-6cd9-47a1-870b-a8c3dfd208ea,AN-LIU98UQC,REC-WRRG42NP,Terrain,Terrain de standing à Nice,Nice,06000,04-15-2026,1796437,160,,,,,"Terrain rénové de 160 m² situé à Nice. Cave et parking inclus. Proche de toutes commodités, transports et écoles. À visiter sans tarder. Travaux à prévoir.",,True,Jean Roche,0925401124,jean.roche27@example.com,,False,Toit & Vous,,,,,,,,,True,
1d7a8284-e74c-4737-b5ef-689c7de2c5db,AN-HFFDHLE8,REC-WRRG42NP,Terrain,Terrain charmant à Nice,Nice,06000,19 août 2026,1397629,232,,,,,"Terrain avec vue dégagée de 232 m² situé à Nice. Proche de toutes commodités, transports et écoles. À visiter sans tarder.",,True,Jean Roche,0737485619,,https://exemple-images.test/AN-HFFDHLE8/1.jpg; https://exemple-images.test/AN-HFFDHLE8/2.jpg; https://exemple-images.test/AN-HFFDHLE8/3.jpg; https://exemple-images.test/AN-HFFDHLE8/4.jpg; https://exemple-images.test/AN-HFFDHLE8/5.jpg,,,,,,12 rue de la République,,,,,True,
7e9b4ab0-7a72-40d8-b5c0-f299a8651fac,AN-2QF92LVR,REC-WRRG42NP,Terrain,Terrain charmant à Nice,Nice,06000,23 décembre 2024,1684718 €,182,,,,,"Terrain spacieux de 182 m² situé à Nice. Cave et parking inclus. Proche de toutes commodités, transports et écoles. À visiter sans tarder.",,True,Jean Faure,0372409306,,,True,,,,,145 avenue des Champs,43.734729,7.215288,,,True,
afea6bd1-7454-4599-a416-8ca99e3f1510,AN-EWYEK6QJ,REC-WRRG42NP,Terrain,Terrain avec vue dégagée à Nice,Nice,06000,7 décembre 2024,1085324,230,,,,,"Terrain à rafraîchir de 230 m² situé à Nice. Proche de toutes commodités, transports et écoles. À visiter sans tarder. Travaux à prévoir.",,True,,0504787464,contact10@example.com,,False,,,,,,43.662103,7.237954,,59.9,True,
852af93d-0115-4b77-afd7-cfeef80240df,AN-7RHSJU93,REC-Q8F6L9KY,Local commercial,Local commercial en excellent état à Paris,Paris,75000,2 juin 2025,344779,179,5,,,C,"Local commercial à rafraîchir de 179 m² situé à Paris. Proche de toutes commodités, transports et écoles. À visiter sans tarder. Travaux à prévoir.",,,Claire Perrin,0628717731,,,False,,,,,,,,4,,,
ed281082-872f-4650-a86c-d749fbc79cc4,AN-2ET3Z2AC,REC-Q8F6L9KY,Local commercial,Local commercial lumineux à Paris,Paris,75000,2025-08-15,356763,217,3,,,F,"Local commercial atypique de 217 m² situé à Paris. Cave et parking inclus. Proche de toutes commodités, transports et écoles. À visiter sans tarder.",,,Sophie Moreau,0126139857,,,True,,,,2012,61 rue Victor Hugo,,,1,,,
8f4accd6-8982-47f0-bd7a-327ba41b8034,AN-TTAIC12N,REC-Q8F6L9KY,Local commercial,Local commercial avec vue dégagée à Paris,Paris,75000,02-05-2026,237150,257,4,,,E,"Local commercial rénové de 257 m² situé à Paris. Cave et parking inclus. Proche de toutes commodités, transports et écoles. À visiter sans tarder.",,,Luc Faure,,,https://exemple-images.test/AN-TTAIC12N/1.jpg; https://exemple-images.test/AN-TTAIC12N/2.jpg,,Nid Doré,,,,17 rue Pasteur,,,,,,
c924c6c7-3a11-4dde-b2d9-c48dc0865e3f,AN-T8GKUE68,REC-Q8F6L9KY,Local commercial,Local commercial en excellent état à Paris,Paris,75000,10/12/2024,371245,244,2,5,False,,"Local commercial de standing de 244 m² situé à Paris. Proche de toutes commodités, transports et écoles. À visiter sans tarder.",,,Sophie Moreau,0454832625,,,,,,,,,48.835909,2.330382,3,,,
769c579d-db19-4277-a95a-9f13a1cc5fbb,AN-IY6FHUOG,REC-Q8F6L9KY,Local commercial,Local commercial de standing à Paris,Paris,75000,23 juin 2026,313679,208,5,4,False,,"Local commercial atypique de 208 m² situé à Paris. Proche de toutes commodités, transports et écoles. À visiter sans tarder. Travaux à prévoir.",,,Claire Dubois,,,,False,,,,,93 allée des Platanes,48.896882,2.358648,,292.21,,
2871cae8-87c0-4b93-a055-ed8e2b3a483c,AN-Q258FN8A,REC-Q8F6L9KY,Local commercial,Local commercial rénové à Paris,Paris,75000,2025-11-07T07:58:45,249862,190,6,0,,D,"Local commercial avec vue dégagée de 190 m² situé à Paris. Proche de toutes commodités, transports et écoles. À visiter sans tarder.",,,Nadia Girard,,,,,,,,1887,84 chemin des Vignes,,,5,,,
48b9077f-6d1f-497d-8369-60fd1b48cc34,AN-OGK7ZI3I,REC-Q8F6L9KY,Local commercial,Local commercial avec vue dégagée à Paris,Paris,75000,05-15-2025,233563,,3,,,,"Local commercial au calme de 204 m² situé à Paris. Proche de toutes commodités, transports et écoles. À visiter sans tarder.",,,Marc Perrin,0535845894,marc.perrin97@example.com,,False,,,204,,,48.888275,2.323288,5,,,
efad97ec-f1ea-4adf-a33b-0676795a6e9f,AN-078IKF65,REC-Q8F6L9KY,Local commercial,Local commercial lumineux à Paris,Paris,75000,2026-08-18,232350,,6,,,,"Local commercial à rafraîchir de 206 m² situé à Paris. Proche de toutes commodités, transports et écoles. À visiter sans tarder.",,,Karim Perrin,0496643311,,,False,Clé en Main Immo,,206,,38 rue de la République,,,1,,,
4e4b1120-412f-4af3-9ad9-cfffde2f892e,AN-749DC5BH,REC-Q8F6L9KY,Local commercial,Local commercial à rafraîchir à Paris,Paris,75000,27 avril 2026,404985,190,4,5,True,G,"Local commercial atypique de 190 m² situé à Paris. Cave et parking inclus. Proche de toutes commodités, transports et écoles. À visiter sans tarder.",,,Julie Martin,,julie.martin20@example.com,https://exemple-images.test/AN-749DC5BH/1.jpg; https://exemple-images.test/AN-749DC5BH/2.jpg,,Toit & Vous,True,,,,48.835974,2.369721,,81.3,,
7c667a1e-e6e1-4f92-a142-d63163955c7f,AN-0FE5IIHP,REC-Q8F6L9KY,Local commercial,Local commercial à rafraîchir à Paris,Paris,75000,10/12/2025,413670,225,5,,,,,,,Julie Fontaine,0583645933,julie.fontaine26@example.com,,True,,,,,18 rue du Commerce,,,,,,
2682dbb4-60c5-422c-b0f4-48be66bb580f,AN-3U1D43CG,REC-Q8F6L9KY,Local commercial,Local commercial rénové à Paris,Paris,75000,13 juin 2026,227560,276,5,4,,G,"Local commercial atypique de 276 m² situé à Paris. Cave et parking inclus. Proche de toutes commodités, transports et écoles. À visiter sans tarder.",,,Julie Lefevre,,,,True,,,,,,48.866755,2.351598,,390.55,,
635d3325-8042-47f1-a938-f644a4652c93,AN-K1HN2NN6,REC-Q8F6L9KY,Local commercial,Local commercial atypique à Paris,Paris,75000,06/01/2025,262577,150,6,,False,D,"Local commercial avec vue dégagée de 150 m² situé à Paris. Cave et parking inclus. Proche de toutes commodités, transports et écoles. À visiter sans tarder.",,,Karim Lefevre,0515264083,,https://exemple-images.test/AN-K1HN2NN6/1.jpg; https://exemple-images.test/AN-K1HN2NN6/2.jpg; https://exemple-images.test/AN-K1HN2NN6/3.jpg; https://exemple-images.test/AN-K1HN2NN6/4.jpg; https://exemple-images.test/AN-K1HN2NN6/5.jpg,,,True,,1972,121 allée des Platanes,,,,,,
fd77181c-1162-471d-9bdf-4b5100e1e3dd,AN-47K8SXQ8,REC-Q8F6L9KY,Local commercial,Local commercial rénové à Paris,Paris,75000,22 mai 2026,379720 €,159,3,3,,,"Local commercial charmant de 159 m² situé à Paris. Proche de toutes commodités, transports et écoles. À visiter sans tarder.",,,Karim Perrin,,karim.perrin35@example.com,,True,,,,,96 allée des Platanes,,,5,,,
ff5fef49-4b4c-45a3-9971-a93b9d060e16,AN-G8SR06O7,REC-Q8F6L9KY,Local commercial,Local commercial lumineux à Paris,Paris,75000,09-11-2025,409218 €,,5,0,,,"Local commercial lumineux de 182 m² situé à Paris. Cave et parking inclus. Proche de toutes commodités, transports et écoles. À visiter sans tarder.",,,Karim Lefevre,0591248290,,,True,,,182,,,48.845702,2.372227,0,,,
caf7e38c-4603-4bc2-8552-ecb42ff4f816,AN-HJ6F11EQ,REC-Q8F6L9KY,Local commercial,Local commercial charmant à Paris,Paris,75000,24 mai 2026,349492,156,6,5,False,,"Local commercial avec vue dégagée de 156 m² situé à Paris. Proche de toutes commodités, transports et écoles. À visiter sans tarder.",,,,0353564550,,,,Century Habitat,True,,1940,188 avenue des Champs,48.896285,2.314439,5,,,
c1596ae3-713f-4b32-aaa5-d79d8626a2db,AN-I35HEFVT,REC-Q8F6L9KY,Local commercial,Local commercial spacieux à Paris,Paris,75000,28 novembre 2024,349521,238,4,3,False,,,,,,,,,,ImmoPlus,True,,,,,,3,,,
2f21d7f1-a1f1-4ae9-a8f5-a2fb94088eff,AN-JIDO1SK8,REC-Q8F6L9KY,Local commercial,Local commercial à rafraîchir à Paris,Paris,75000,2026-04-04,371011,143,3,,False,,"Local commercial avec vue dégagée de 143 m² situé à Paris. Proche de toutes commodités, transports et écoles. À visiter sans tarder.",,,Luc Perrin,0962773149,,,True,,,,,,,,,370.96,,
98b00e76-84bf-4c87-a35f-56105169eb95,AN-I6MG1AII,REC-Q8F6L9KY,Local commercial,Local commercial avec vue dégagée à Paris,Paris,75000,19 juillet 2025,398649,212,5,5,,,"Local commercial de standing de 212 m² situé à Paris. Proche de toutes commodités, transports et écoles. À visiter sans tarder.",,,Julie Moreau,0487565810,,,True,,,,,,,,,283.84,,
101a539d-50a6-4c7e-bd3f-38ffc57a9b18,AN-XYIWCUTK,REC-Q8F6L9KY,Local commercial,Local commercial atypique à Paris,Paris,75000,1726094985,283239,202,3,4,True,F,,,,,,contact77@example.com,,,,,,,,48.861388,2.303724,,,,
4334faf5-49d0-4e5e-b2de-bf01e4283aaa,AN-TCXQRKR1,REC-Q8F6L9KY,Local commercial,Local commercial au calme à Paris,Paris,75000,2025-01-18,254891,181,6,3,,A,"Local commercial à rafraîchir de 181 m² situé à Paris. Cave et parking inclus. Proche de toutes commodités, transports et écoles. À visiter sans tarder.",,,Luc Lefevre,0932697589,luc.lefevre81@example.com,,,,,,,,48.866075,2.359065,0,,,
e1abd952-fee3-45ed-9c64-15945410f41a,AN-0ZT4N4US,REC-Q8F6L9KY,Local commercial,Local commercial avec vue dégagée à Paris,Paris,75000,16 mai 2026,334311,271,3,,False,,"Local commercial au calme de 271 m² situé à Paris. Cave et parking inclus. Proche de toutes commodités, transports et écoles. À visiter sans tarder.",,,Sophie Moreau,,,https://exemple-images.test/AN-0ZT4N4US/1.jpg,,Provence Immobilier,,,,118 rue du Commerce,,,4,,,
1297142b-f787-4881-94bc-ef2ff03b634b,AN-9XRZU7OS,REC-Q8F6L9KY,Local commercial,Local commercial lumineux à Paris,Paris,75000,1740579045,325413,246,6,0,,,,,,Claire Perrin,0995764966,,,False,ImmoPlus,,,,123 rue Jean Jaurès,48.849583,2.35333,4,,,
13db4abd-dd1e-4ce2-9204-d18cc0b6733e,AN-J3WDP47W,REC-Q8F6L9KY,Local commercial,Local commercial à rafraîchir à Paris,Paris,75000,1764261465,380646,255,6,5,,,,,,Luc Faure,,,,,,True,,,16 quai de la Loire,48.807742,2.398367,,,,
12e845ae-9df9-4650-ab30-edbdf60b2e13,AN-4E9BZRKM,REC-Q8F6L9KY,Local commercial,Local commercial en excellent état à Paris,Paris,75000,2026-05-11,343982,247,3,,,,"Local commercial charmant de 247 m² situé à Paris. Cave et parking inclus. Proche de toutes commodités, transports et écoles. À visiter sans tarder. Travaux à prévoir.",,,,,,,,,,,,,48.843091,2.367971,2,,,
3e687e4e-c20b-41a5-9d93-4ad64c31ad9d,AN-RF50FZ4V,REC-Q8F6L9KY,Local commercial,Local commercial de standing à Paris,Paris,75000,8 septembre 2025,243377,161,4,,,D,,,,Ahmed Moreau,0512736192,ahmed.moreau52@example.com,,True,Nid Doré,,,,,,,,300.49,,
94053dfc-d1e9-4ad8-8e05-abadb7731632,AN-UI3K7BTM,REC-Q8F6L9KY,Local commercial,Local commercial charmant à Paris,Paris,75000,1730925345,355245,155,6,4,,,"Local commercial charmant de 155 m² situé à Paris. Cave et parking inclus. Proche de toutes commodités, transports et écoles. À visiter sans tarder. Travaux à prévoir.",,,,0284653877,,,True,,,,,41 rue Victor Hugo,48.893593,2.320837,,,,
49045f54-1e2c-44e7-ab6a-bf15948a6648,AN-2J667F6J,REC-Q8F6L9KY,Local commercial,Local commercial atypique à Paris,Paris,75000,2025-10-31,272458,161,5,3,,B,"Local commercial atypique de 161 m² situé à Paris. Proche de toutes commodités, transports et écoles. À visiter sans tarder.",,,Luc Lefevre,0050184224,luc.lefevre7@example.com,,,Nid Doré,,,,86 allée des Platanes,,,,205.45,,
6c64f0d7-317f-4166-9be8-89cbded0bc42,AN-88X1GEDG,REC-Q8F6L9KY,Local commercial,Local commercial au calme à Paris,Paris,75000,1741117785,281125,143,3,,,F,"Local commercial atypique de 143 m² situé à Paris. Proche de toutes commodités, transports et écoles. À visiter sans tarder. Travaux à prévoir.",,,Karim Martin,0445620609,karim.martin94@example.com,,False,,,,,114 rue de la République,48.862197,2.383202,,,,
404b6e0a-47fa-4d56-82c7-0891105992db,AN-5D15JIZF,REC-Q8F6L9KY,Local commercial,Local commercial avec vue dégagée à Paris,Paris,75000,2026-01-15,224474,227,4,,,,"Local commercial lumineux de 227 m² situé à Paris. Cave et parking inclus. Proche de toutes commodités, transports et écoles. À visiter sans tarder. Travaux à prévoir.",,,,0234800084,,,True,,,,,,48.849778,2.367087,,308.88,,
bd1ac8ac-5185-4fd0-b279-5ff53471dd69,AN-SES3NHV2,REC-Q8F6L9KY,Local commercial,Local commercial rénové à Paris,Paris,75000,2024-11-11,397744,268,4,4,False,,,,,Karim Fontaine,0751263043,,,,,,,1879,19 quai de la Loire,,,,,,
e8409572-5669-49ad-a039-dab31ccea22c,AN-2PT6A8SF,REC-Q8F6L9KY,Local commercial,Local commercial spacieux à Paris,Paris,75000,2024-11-05T04:39:45,270182,257,5,,False,G,,,,Luc Faure,,luc.faure3@example.com,,True,,,,,,48.865819,2.368493,,,,
e8f63346-f55a-4f4a-8dbb-7ced46572901,AN-WAPOF5E8,REC-Q8F6L9KY,Local commercial,Local commercial avec vue dégagée à Paris,Paris,75000,06-25-2025,310716,255,3,5,False,,"Local commercial en excellent état de 255 m² situé à Paris. Cave et parking inclus. Proche de toutes commodités, transports et écoles. À visiter sans tarder.",,,Karim Dubois,0071064378,karim.dubois19@example.com,https://exemple-images.test/AN-WAPOF5E8/1.jpg; https://exemple-images.test/AN-WAPOF5E8/2.jpg; https://exemple-images.test/AN-WAPOF5E8/3.jpg,,,,,,181 boulevard Gambetta,48.84766,2.321665,5,,,
d1d6ae3f-d452-4736-b09d-2336b9dac188,AN-DQB76J6V,REC-Q8F6L9KY,Local commercial,Local commercial spacieux à Paris,Paris,75000,1748556765,267388,,5,,,D,"Local commercial rénové de 201 m² situé à Paris. Proche de toutes commodités, transports et écoles. À visiter sans tarder.",,,Nadia Lefevre,,nadia.lefevre86@example.com,https://exemple-images.test/AN-DQB76J6V/1.jpg,,,,201,1860,182 chemin des Vignes,,,dernier étage,,,
8fd1a869-b376-4b77-8376-7c33ac1be160,AN-V0EB8GZL,REC-Q8F6L9KY,Local commercial,Local commercial rénové à Paris,Paris,75000,20/12/2024,422146,205,2,,False,C,"Local commercial charmant de 205 m² situé à Paris. Proche de toutes commodités, transports et écoles. À visiter sans tarder.",,,,0568863947,,,,,True,,2015,77 rue Pasteur,,,,,,
60d5ebfe-8426-42be-9ead-ca63355e356f,AN-GGRDANQ0,REC-Q8F6L9KY,Local commercial,Local commercial lumineux à Paris,Paris,75000,2024-10-20T10:51:45,372729 €,163,4,5,,A,"Local commercial avec vue dégagée de 163 m² situé à Paris. Proche de toutes commodités, transports et écoles. À visiter sans tarder.",,,Sophie Faure,0274308949,sophie.faure96@example.com,https://exemple-images.test/AN-GGRDANQ0/1.jpg; https://exemple-images.test/AN-GGRDANQ0/2.jpg; https://exemple-images.test/AN-GGRDANQ0/3.jpg,False,,,,,100 quai de la Loire,,,,,,
817b571e-24ed-451d-b325-2d869fa745ed,AN-WNH4TZKB,REC-Q8F6L9KY,Local commercial,Local commercial avec vue dégagée à Paris,Paris,75000,1773498345,249196 €,225,4,,,,"Local commercial au calme de 225 m² situé à Paris. Proche de toutes commodités, transports et écoles. À visiter sans tarder.",,,Julie Dubois,0535988745,julie.dubois64@example.com,,False,ImmoPlus,,,,,48.825765,2.344869,,,,
7eb45e04-108a-41a6-9935-85c229d7b6e8,AN-3QNVC2VU,REC-Q8F6L9KY,Local commercial,Local commercial de standing à Paris,Paris,75000,29 mars 2026,323553,,6,0,False,,"Local commercial rénové de 266 m² situé à Paris. Proche de toutes commodités, transports et écoles. À visiter sans tarder.",,,Claire Roche,0075960375,,https://exemple-images.test/AN-3QNVC2VU/1.jpg; https://exemple-images.test/AN-3QNVC2VU/2.jpg; https://exemple-images.test/AN-3QNVC2VU/3.jpg,True,,,266,,,48.864853,2.331403,,,,
fd18170d-e712-4614-89f0-ebf35634837b,AN-961ARBZ4,REC-Q8F6L9KY,Local commercial,Local commercial à rafraîchir à Paris,Paris,75000,2026-03-27T11:29:45,249321,261,2,4,,,"Local commercial atypique de 261 m² situé à Paris. Proche de toutes commodités, transports et écoles. À visiter sans tarder.",,,Marc Fontaine,0244678385,marc.fontaine95@example.com,,False,Nid Doré,,,1929,91 place de la Mairie,,,,,,
44e74b4d-4ddb-4791-97ec-1b7228ca2f97,AN-JL0UK5K1,REC-Q8F6L9KY,Local commercial,Local commercial rénové à Paris,Paris,75000,12-07-2025,277800,,2,1,,B,"Local commercial atypique de 145 m² situé à Paris. Cave et parking inclus. Proche de toutes commodités, transports et écoles. À visiter sans tarder.",,,Sophie Martin,0554842840,sophie.martin13@example.com,,True,,,145,2000,,,,,,,
a801cd87-50da-46c2-b186-855ab7d06d21,AN-36IH1GRU,REC-Q8F6L9KY,Local commercial,Local commercial au calme à Paris,Paris,75000,2025-01-31T15:44:45,360473,258,5,,,,,,,,0021069807,contact75@example.com,,,,True,,,22 rue du Commerce,48.835888,2.328023,5,,,
6df589c7-992e-492e-8ea4-6d571d85550f,AN-YLWME3WN,REC-Q8F6L9KY,Local commercial,Local commercial rénové à Paris,Paris,75000,09-02-2024,339311,239,6,3,,,,,,Nadia Perrin,0497562401,,,False,Nid Doré,,,,,,,4,,,
ba22aef1-101f-43d5-846b-8de227d9a6a5,AN-MXDC2PTX,REC-Q8F6L9KY,Local commercial,Local commercial avec vue dégagée à Paris,Paris,75000,02-13-2025,306655,171,4,4,,,"Local commercial à rafraîchir de 171 m² situé à Paris. Cave et parking inclus. Proche de toutes commodités, transports et écoles. À visiter sans tarder.",,,Karim Fontaine,0135521510,,,True,Provence Immobilier,,,1987,,,,2,,,
18d41b61-efb5-47b8-aef4-c2bb60e1b086,AN-L7M5ZV1M,REC-Q8F6L9KY,Local commercial,Local commercial rénové à Paris,Paris,75000,1758138705,240360,218,6,,,G,,,,,0040016796,contact72@example.com,,True,,,,,,,,,,,
9d40aa37-de5a-4582-8589-142d6e3ffeb3,AN-USWNLHVG,REC-Q8F6L9KY,Local commercial,Local commercial de standing à Paris,Paris,75000,2026-08-23,270265,275,6,2,True,,,,,Marie Martin,0904316813,marie.martin83@example.com,https://exemple-images.test/AN-USWNLHVG/1.jpg; https://exemple-images.test/AN-USWNLHVG/2.jpg; https://exemple-images.test/AN-USWNLHVG/3.jpg,True,Century Habitat,,,,,48.883241,2.331071,,,,
70841227-0eb2-4ac2-8dbc-38706b2f1795,AN-0CO92UVY,REC-Q8F6L9KY,Local commercial,Local commercial de standing à Paris,Paris,75000,2025-03-31T20:07:45,384557,258,5,4,,A,"Local commercial en excellent état de 258 m² situé à Paris. Cave et parking inclus. Proche de toutes commodités, transports et écoles. À visiter sans tarder.",,,Nadia Girard,0577700016,,https://exemple-images.test/AN-0CO92UVY/1.jpg; https://exemple-images.test/AN-0CO92UVY/2.jpg; https://exemple-images.test/AN-0CO92UVY/3.jpg,,,,,1906,171 rue Jean Jaurès,48.888439,2.318263,5,,,
e9b2a235-221c-4aa0-b06c-65219a3f3006,AN-JWEH1D5I,REC-Q8F6L9KY,Local commercial,Local commercial lumineux à Paris,Paris,75000,28 décembre 2025,384952,128,4,5,,,,,,Julie Roche,,julie.roche29@example.com,,,,,,,192 place de la Mairie,,,,,,
03c83386-6f93-4259-9a12-5f5f450aa574,AN-EQ27AZDI,REC-Q8F6L9KY,Local commercial,Local commercial spacieux à Paris,Paris,75000,1783923225,401477,234,2,,,F,,,,Marc Perrin,0801789686,marc.perrin93@example.com,https://exemple-images.test/AN-EQ27AZDI/1.jpg,,,,,1875,,,,,,,
2cd6689c-eab7-4983-9cf2-e606be829581,AN-CA608T83,REC-Q8F6L9KY,Local commercial,Local commercial à rafraîchir à Paris,Paris,75000,2025-02-10T21:00:45,320413,271,4,,False,,"Local commercial à rafraîchir de 271 m² situé à Paris. Proche de toutes commodités, transports et écoles. À visiter sans tarder.",,,,0767662896,,,,Clé en Main Immo,,,,,48.889901,2.330268,5,,,
a6b06fc2-b27e-4c0a-83b4-7e8f79a80661,AN-I2GK80EZ,REC-Q8F6L9KY,Local commercial,Local commercial à rafraîchir à Paris,Paris,75000,2024-12-23,267128,214,2,,,,"Local commercial charmant de 214 m² situé à Paris. Proche de toutes commodités, transports et écoles. À visiter sans tarder.",,,Nadia Roche,0968860041,nadia.roche69@example.com,,,,,,,153 place de la Mairie,48.896732,2.357323,,,,
7f2e1c12-8c63-4d6a-9de4-806a690ce163,AN-6KD2P2ON,REC-Q8F6L9KY,Local commercial,Local commercial avec vue dégagée à Paris,Paris,75000,1770971865,325650,227,6,,,,"Local commercial atypique de 227 m² situé à Paris. Proche de toutes commodités, transports et écoles. À visiter sans tarder.",,,Jean Perrin,,jean.perrin64@example.com,,False,,,,,,48.829169,2.347984,5,,,
4c69d906-9d67-4334-b1fa-132d777d6007,AN-4QKD9O5Q,REC-Q8F6L9KY,Local commercial,Local commercial avec vue dégagée à Paris,Paris,75000,1750699545,254852 €,150,2,,True,,"Local commercial atypique de 150 m² situé à Paris. Cave et parking inclus. Proche de toutes commodités, transports et écoles. À visiter sans tarder. Travaux à prévoir.",,,Jean Roche,0594245655,jean.roche55@example.com,,True,,,,,,48.850751,2.316737,0,,,
ea59a766-d51d-468b-acc2-f6f65978ff61,AN-2G5IMBAT,REC-Q8F6L9KY,Local commercial,Local commercial avec vue dégagée à Paris,Paris,75000,1749160365,222162,265,3,3,,D,"Local commercial atypique de 265 m² situé à Paris. Proche de toutes commodités, transports et écoles. À visiter sans tarder. Travaux à prévoir.",,,Karim Moreau,0872553688,karim.moreau6@example.com,,,,True,,,162 rue Victor Hugo,,,1,,,
df62c84b-8f29-457f-bcda-f7e38e7fd066,AN-LEOM3DVO,REC-Q8F6L9KY,Local commercial,Local commercial au calme à Paris,Paris,75000,2026-01-26T22:09:45,281656,267,4,,False,F,"Local commercial charmant de 267 m² situé à Paris. Proche de toutes commodités, transports et écoles. À visiter sans tarder.",,,Karim Fontaine,,karim.fontaine16@example.com,,True,,,,,,48.827214,2.327419,,335.91,,
01fd63a3-77b9-42a1-90c9-abf82d9c90d0,AN-0K4Z0XUV,REC-Q8F6L9KY,Local commercial,Local commercial atypique à Paris,Paris,75000,18 novembre 2025,260058,185,3,,True,A,"Local commercial au calme de 185 m² situé à Paris. Proche de toutes commodités, transports et écoles. À visiter sans tarder.",,,Marc Perrin,0081555232,,,False,,,,,23 impasse des Lilas,48.81715,2.378512,5,,,
850fc651-a757-4ca4-b05f-1709d7e1d884,AN-MWPFFUEX,REC-Q8F6L9KY,Local commercial,Local commercial spacieux à Paris,Paris,75000,21 décembre 2025,294986,135,4,,,G,"Local commercial avec vue dégagée de 135 m² situé à Paris. Proche de toutes commodités, transports et écoles. À visiter sans tarder.",,,,0706935981,contact78@example.com,,,Provence Immobilier,,,,,,,,,,
90bc0ca9-3807-4dd2-b707-e9137e66f3b6,AN-M4NR385A,REC-Q8F6L9KY,Local commercial,Local commercial lumineux à Paris,Paris,75000,03-08-2025,307531,229,5,,,E,,,,Sophie Martin,,,https://exemple-images.test/AN-M4NR385A/1.jpg; https://exemple-images.test/AN-M4NR385A/2.jpg; https://exemple-images.test/AN-M4NR385A/3.jpg; https://exemple-images.test/AN-M4NR385A/4.jpg,,ImmoPlus,,,,128 rue du Commerce,48.828748,2.311087,,,,
2e089a35-c7fa-4dbb-bf63-a93dbbc7881e,AN-VQNJYTVL,REC-Q8F6L9KY,Local commercial,Local commercial atypique à Paris,Paris,75000,15/10/2025,341843,131,3,,True,E,,,,,,contact77@example.com,,True,Toit & Vous,,,,,48.89396,2.341304,3,,,
bc45133b-0bf5-47a0-aa5e-906c21b1d251,AN-RVSB76W9,REC-Q8F6L9KY,Local commercial,Local commercial au calme à Paris,Paris,75000,07/05/2026,380125,158,2,4,False,,"Local commercial spacieux de 158 m² situé à Paris. Cave et parking inclus. Proche de toutes commodités, transports et écoles. À visiter sans tarder. Travaux à prévoir.",,,Jean Bernard,0309379247,jean.bernard60@example.com,,,Toit & Vous,,,,192 impasse des Lilas,,,,,,
65815905-ea0c-4902-b848-a14d4defeed7,AN-X5QRFVU6,REC-Q8F6L9KY,Local commercial,Local commercial avec vue dégagée à Paris,Paris,75000,1739053905,363596,,6,,,,"Local commercial charmant de 223 m² situé à Paris. Cave et parking inclus. Proche de toutes commodités, transports et écoles. À visiter sans tarder.",,,Ahmed Perrin,0090652110,,,True,,,223,,15 allée des Platanes,48.841965,2.371722,,,,
005b05b2-47dc-46d2-8eb9-20686ebfd537,AN-O8YQGI2Z,REC-Q8F6L9KY,Local commercial,Local commercial atypique à Paris,Paris,75000,24 décembre 2024,400008,256,4,1,,,"Local commercial de standing de 256 m² situé à Paris. Proche de toutes commodités, transports et écoles. À visiter sans tarder.",,,,0519769051,contact49@example.com,,,,,,,127 avenue des Champs,,,,315.18,,
5aeb8977-3026-4834-afb7-32b868debe52,AN-IIKQ0E68,REC-Q8F6L9KY,Local commercial,Local commercial lumineux à Paris,Paris,75000,2025-06-22,367493,264,5,2,False,,"Local commercial de standing de 264 m² situé à Paris. Cave et parking inclus. Proche de toutes commodités, transports et écoles. À visiter sans tarder.",,,,0749947041,,,,Clé en Main Immo,,,,,,,,,,
7a7f302a-f700-4d7f-9a73-92b09a2fc6f4,AN-U4D3Y3K7,REC-Q8F6L9KY,Local commercial,Local commercial à rafraîchir à Paris,Paris,75000,11-27-2024,402000,212,6,4,,,,,,,0095900699,,https://exemple-images.test/AN-U4D3Y3K7/1.jpg; https://exemple-images.test/AN-U4D3Y3K7/2.jpg; https://exemple-images.test/AN-U4D3Y3K7/3.jpg; https://exemple-images.test/AN-U4D3Y3K7/4.jpg,True,Toit & Vous,,,,104 avenue des Champs,,,4,,,
55f180ae-b561-4e6e-85c9-79ed11960817,AN-6PRLDVND,REC-Q8F6L9KY,Local commercial,Local commercial au calme à Paris,Paris,75000,2025-07-08,371579 €,,3,,,A,,,,,0735317568,,,,,,231,,14 chemin des Vignes,48.903793,2.379545,,,,
eade5ffb-0d2e-4685-972b-34486b38b7e1,AN-9B1K85ZZ,REC-Q8F6L9KY,Local commercial,Local commercial en excellent état à Paris,Paris,75000,2024-12-10,378876,150,4,2,True,A,"Local commercial atypique de 150 m² situé à Paris. Cave et parking inclus. Proche de toutes commodités, transports et écoles. À visiter sans tarder.",,,,0722398267,,,,,True,,,,48.812478,2.349281,,,,
96040183-65eb-40c9-88ad-69cd84dc91db,AN-0YNPH4UF,REC-Q8F6L9KY,Local commercial,Local commercial avec vue dégagée à Paris,Paris,75000,07-13-2025,317342,143,6,,,,,,,Sophie Bernard,0573371404,,https://exemple-images.test/AN-0YNPH4UF/1.jpg; https://exemple-images.test/AN-0YNPH4UF/2.jpg; https://exemple-images.test/AN-0YNPH4UF/3.jpg,False,,,,,194 rue Pasteur,,,,,,
bf216ebd-8928-4842-babf-2d52cedae2e8,AN-CJWMOTWN,REC-Q8F6L9KY,Local commercial,Local commercial lumineux à Paris,Paris,75000,20/11/2025,414514,183,4,2,,C,,,,,,contact27@example.com,https://exemple-images.test/AN-CJWMOTWN/1.jpg; https://exemple-images.test/AN-CJWMOTWN/2.jpg,False,,,,,112 impasse des Lilas,,,1,,,
3afa9266-7379-4417-8c75-0ad01f78c2c9,AN-U5J0I599,REC-Q8F6L9KY,Local commercial,Local commercial lumineux à Paris,Paris,75000,1745447265,274357,,4,5,,D,,,,,0295543799,,,,,True,262,,,48.840056,2.302804,,188.37,,
9cc97c9e-125b-4630-adc8-a00e3f684907,AN-C524SEY8,REC-Q8F6L9KY,Local commercial,Local commercial rénové à Paris,Paris,75000,02/02/2026,272147,259,2,,True,,,,,,0870196892,,,True,,,,2007,,,,,,,
af66095c-8c5c-4bf1-903e-15d8bc2b2621,AN-SDZC268U,REC-Q8F6L9KY,Local commercial,Local commercial de standing à Paris,Paris,75000,2025-09-28T15:58:45,406870,264,2,,,,"Local commercial de standing de 264 m² situé à Paris. Proche de toutes commodités, transports et écoles. À visiter sans tarder.",,,,0671126366,,https://exemple-images.test/AN-SDZC268U/1.jpg; https://exemple-images.test/AN-SDZC268U/2.jpg; https://exemple-images.test/AN-SDZC268U/3.jpg; https://exemple-images.test/AN-SDZC268U/4.jpg; https://exemple-images.test/AN-SDZC268U/5.jpg,,Century Habitat,True,,1967,139 place de la Mairie,48.853126,2.34101,1,,,
b63157f0-2a97-4173-97fa-4dfa6854f087,AN-6HS2R8GG,REC-Q8F6L9KY,Local commercial,Local commercial charmant à Paris,Paris,75000,2026-07-22T00:34:45,277440,169,5,,,C,"Local commercial de standing de 169 m² situé à Paris. Proche de toutes commodités, transports et écoles. À visiter sans tarder.",,,,0122701594,contact65@example.com,,,,,,1952,,48.829462,2.4012,,,,
04f0af8b-0449-459a-ac97-fc8b19510546,AN-XWNTTL45,REC-Q8F6L9KY,Local commercial,Local commercial rénové à Paris,Paris,75000,09-02-2025,275624,173,2,,,,"Local commercial rénové de 173 m² situé à Paris. Proche de toutes commodités, transports et écoles. À visiter sans tarder. Travaux à prévoir.",,,Nadia Girard,,nadia.girard26@example.com,,True,Clé en Main Immo,,,,182 quai de la Loire,,,,,,
e10cc67b-eaaf-4749-aa1e-092a10b1e24f,AN-8CGV0ML7,REC-Q8F6L9KY,Local commercial,Local commercial charmant à Paris,Paris,75000,1743516225,221585,174,5,2,,A,,,,Julie Roche,0682722168,julie.roche16@example.com,https://exemple-images.test/AN-8CGV0ML7/1.jpg; https://exemple-images.test/AN-8CGV0ML7/2.jpg; https://exemple-images.test/AN-8CGV0ML7/3.jpg,,Clé en Main Immo,,,,24 impasse des Lilas,,,,,,
f44486ab-5038-46b7-92d7-1f2b8d65cacf,AN-QF1MQ56N,REC-Q8F6L9KY,Local commercial,Local commercial lumineux à Paris,Paris,75000,2025-02-01T19:08:45,360065,176,2,,,,"Local commercial à rafraîchir de 176 m² situé à Paris. Proche de toutes commodités, transports et écoles. À visiter sans tarder.",,,,0903106835,contact15@example.com,,True,Clé en Main Immo,,,1896,64 rue Victor Hugo,48.889204,2.38611,,,,
d3b0124f-0874-4e3c-a2a1-67b3f94dc6aa,AN-MHO26WEA,REC-Q8F6L9KY,Local commercial,Local commercial en excellent état à Paris,Paris,75000,03-17-2025,305985,138,2,1,,,,,,,,contact14@example.com,,False,,,,,144 place de la Mairie,48.82303,2.327384,,,,
ce89a7ac-e7cd-4302-b3ec-8cdf4eae2afa,AN-LIM75464,REC-Q8F6L9KY,Local commercial,Local commercial atypique à Paris,Paris,75000,22/07/2025,380933,175,5,3,,E,"Local commercial avec vue dégagée de 175 m² situé à Paris. Cave et parking inclus. Proche de toutes commodités, transports et écoles. À visiter sans tarder.",,,,,contact64@example.com,,,,,,,,48.888613,2.361925,,,,
a3da1986-1c35-41a2-af5d-c6b9287ff482,AN-Y1OQ2BX5,REC-Q8F6L9KY,Local commercial,Local commercial de standing à Paris,Paris,75000,2025-08-10,397355,219,5,,False,,,,,,0802860391,contact51@example.com,https://exemple-images.test/AN-Y1OQ2BX5/1.jpg,,Provence Immobilier,,,,,48.839221,2.376592,,325.1,,
22467ae0-bbf4-4f8d-a756-c7955a786d40,AN-V4LDTM7J,REC-Q8F6L9KY,Local commercial,Local commercial en excellent état à Paris,Paris,75000,1744588605,384038,207,5,,,,"Local commercial de standing de 207 m² situé à Paris. Proche de toutes commodités, transports et écoles. À visiter sans tarder.",,,Sophie Roche,0281453074,sophie.roche44@example.com,,,Nid Doré,,,,66 rue Jean Jaurès,,,,,,
ec1a137c-14d6-4990-8471-9143bfbfbeed,AN-PQO4QHEV,REC-Q8F6L9KY,Local commercial,Local commercial au calme à Paris,Paris,75000,1732915365,342561 €,135,6,0,,A,"Local commercial à rafraîchir de 135 m² situé à Paris. Proche de toutes commodités, transports et écoles. À visiter sans tarder.",,,Karim Girard,0051580090,,https://exemple-images.test/AN-PQO4QHEV/1.jpg; https://exemple-images.test/AN-PQO4QHEV/2.jpg; https://exemple-images.test/AN-PQO4QHEV/3.jpg,True,,,,,179 impasse des Lilas,,,1,,,
787aef48-8de0-48e6-85ef-26ad58b5e0b9,AN-FUF4REXW,REC-Q8F6L9KY,Local commercial,Local commercial atypique à Paris,Paris,75000,2026-06-02,360988,182,2,5,,,,,,,0009703557,contact27@example.com,,False,,,,1975,15 avenue des Champs,48.905236,2.348442,RDC,,,
49616f26-9d8e-4974-ae65-b7f5bc2b8404,AN-JZHEN127,REC-Q8F6L9KY,Local commercial,Local commercial rénové à Paris,Paris,75000,2025-11-14T07:23:45,350585,140,4,4,,D,,,,,0881208505,,,False,,,,,,48.856619,2.321094,3,,,
ed062e28-79f9-4a23-b4e2-a77455b07bb0,AN-TN1F4KP1,REC-Q8F6L9KY,Local commercial,Local commercial en excellent état à Paris,Paris,75000,15 août 2025,372819,163,4,,True,C,"Local commercial à rafraîchir de 163 m² situé à Paris. Cave et parking inclus. Proche de toutes commodités, transports et écoles. À visiter sans tarder.",,,,0008997680,,,,Clé en Main Immo,True,,,,,,1,,,
2b2db640-3b60-4a8b-8d7f-df949944049f,AN-28ES09FV,REC-Q8F6L9KY,Local commercial,Local commercial à rafraîchir à Paris,Paris,75000,22 mars 2026,283665 €,212,4,2,False,F,,,,Marc Perrin,,,https://exemple-images.test/AN-28ES09FV/1.jpg; https://exemple-images.test/AN-28ES09FV/2.jpg; https://exemple-images.test/AN-28ES09FV/3.jpg,True,Clé en Main Immo,,,2003,106 avenue des Champs,48.834109,2.39013,2,,,
62e3224d-30fb-4c61-a47a-aeb99cccec07,AN-M5ORNH2K,REC-Q8F6L9KY,Local commercial,Local commercial charmant à Paris,Paris,75000,30/08/2024,238793,240,5,,,,"Local commercial avec vue dégagée de 240 m² situé à Paris. Cave et parking inclus. Proche de toutes commodités, transports et écoles. À visiter sans tarder.",,,,0308906120,,,,Clé en Main Immo,,,,66 quai de la Loire,48.902637,2.372486,,,,
d4fa1c66-8058-49cb-8a5a-e7fb63a4c5d5,AN-U841QKSO,REC-Q8F6L9KY,Local commercial,Local commercial de standing à Paris,Paris,75000,03-21-2026,223257,143,2,1,,E,"Local commercial à rafraîchir de 143 m² situé à Paris. Proche de toutes commodités, transports et écoles. À visiter sans tarder.",,,Karim Bernard,,karim.bernard52@example.com,https://exemple-images.test/AN-U841QKSO/1.jpg,True,Clé en Main Immo,,,,179 rue Jean Jaurès,48.891863,2.376091,,,,
12e9e520-fc34-47b8-bc68-24f50ffa0f46,AN-6IPJO1YS,REC-Q8F6L9KY,Local commercial,Local commercial avec vue dégagée à Paris,Paris,75000,1759948365,340128,240,4,,,,"Local commercial à rafraîchir de 240 m² situé à Paris. Cave et parking inclus. Proche de toutes commodités, transports et écoles. À visiter sans tarder.",,,Jean Dubois,0090297369,,https://exemple-images.test/AN-6IPJO1YS/1.jpg; https://exemple-images.test/AN-6IPJO1YS/2.jpg; https://exemple-images.test/AN-6IPJO1YS/3.jpg,False,,,,1896,,48.884475,2.371282,,,,
2d98c027-e7be-4382-aedc-d438dc94edfb,AN-VL7NY6KD,REC-Q8F6L9KY,Local commercial,Local commercial rénové à Paris,Paris,75000,2025-04-19,249886,255,2,,,E,,,,,0052419820,contact84@example.com,,True,,,,,,48.874921,2.343295,dernier étage,,,
3c46cbc7-5f2b-4604-8319-e149477594c0,AN-WO326V76,REC-Q8F6L9KY,Local commercial,Local commercial spacieux à Paris,Paris,75000,16 mai 2025,357419,148,5,1,,,"Local commercial à rafraîchir de 148 m² situé à Paris. Cave et parking inclus. Proche de toutes commodités, transports et écoles. À visiter sans tarder. Travaux à prévoir.",,,Karim Moreau,0963671852,karim.moreau33@example.com,,False,,,,,135 avenue des Champs,48.90053,2.310883,,,,
988fc1be-5033-468c-bc14-6fcf19a7f554,AN-X8YKAD12,REC-Q8F6L9KY,Local commercial,Local commercial spacieux à Paris,Paris,75000,03-14-2026,363521,154,2,1,,F,"Local commercial avec vue dégagée de 154 m² situé à Paris. Cave et parking inclus. Proche de toutes commodités, transports et écoles. À visiter sans tarder.",,,,0600035141,contact12@example.com,https://exemple-images.test/AN-X8YKAD12/1.jpg; https://exemple-images.test/AN-X8YKAD12/2.jpg; https://exemple-images.test/AN-X8YKAD12/3.jpg; https://exemple-images.test/AN-X8YKAD12/4.jpg,False,Clé en Main Immo,,,,94 place de la Mairie,48.857253,2.306939,4,339.58,,
135a85c9-0b29-4164-990f-de95cc7560f7,AN-Y7TUZPWN,REC-Q8F6L9KY,Local commercial,Local commercial au calme à Paris,Paris,75000,08/04/2025,302250 €,178,2,3,False,C,"Local commercial au calme de 178 m² situé à Paris. Cave et parking inclus. Proche de toutes commodités, transports et écoles. À visiter sans tarder.",,,Luc Lefevre,0071541135,,,,,,,,198 place de la Mairie,48.80695,2.377788,,,,
534fd7a7-77d3-401b-bfa4-0d9e2c7ba7ba,AN-4OL4VFMK,REC-Q8F6L9KY,Local commercial,Local commercial spacieux à Paris,Paris,75000,08-14-2025,366447,218,2,,,,"Local commercial avec vue dégagée de 218 m² situé à Paris. Cave et parking inclus. Proche de toutes commodités, transports et écoles. À visiter sans tarder.",,,,0715640324,,,True,ImmoPlus,,,2010,,,,1,58.05,,
71d47ed0-566f-49d1-9a7a-6da3c06545ca,AN-64RPSKYH,REC-Q8F6L9KY,Local commercial,Local commercial de standing à Paris,Paris,75000,2025-05-19T11:41:45,369092,164,2,2,,,"Local commercial au calme de 164 m² situé à Paris. Proche de toutes commodités, transports et écoles. À visiter sans tarder.",,,Claire Bernard,0199606806,claire.bernard20@example.com,,True,,,,,140 avenue des Champs,,,RDC,,,
f7cf15fe-e09b-4d3f-bb0a-96f0cac1d7d9,AN-H5YUEQ6Z,REC-Q8F6L9KY,Local commercial,Local commercial à rafraîchir à Paris,Paris,75000,2024-10-12T14:16:45,351304,203,2,1,True,,"Local commercial spacieux de 203 m² situé à Paris. Cave et parking inclus. Proche de toutes commodités, transports et écoles. À visiter sans tarder.",,,,0660384047,contact27@example.com,,True,,,,,103 rue Victor Hugo,48.835469,2.360691,,,,
0eeaebe2-e491-4e19-9198-6467bd9ca5b9,AN-1EK6CBGW,REC-Q8F6L9KY,Local commercial,Local commercial rénové à Paris,Paris,75000,2025-07-08,418857,130,6,0,,,"Local commercial avec vue dégagée de 130 m² situé à Paris. Proche de toutes commodités, transports et écoles. À visiter sans tarder.",,,Marie Faure,,marie.faure77@example.com,https://exemple-images.test/AN-1EK6CBGW/1.jpg; https://exemple-images.test/AN-1EK6CBGW/2.jpg; https://exemple-images.test/AN-1EK6CBGW/3.jpg; https://exemple-images.test/AN-1EK6CBGW/4.jpg,,,True,,,,48.900103,2.360752,,,,
d235a2e9-c243-4d51-b8f6-67c1ac784b9d,AN-L5VJ5DH6,REC-Q8F6L9KY,Local commercial,Local commercial au calme à Paris,Paris,75000,03-12-2025,403626,236,4,3,,,"Local commercial charmant de 236 m² situé à Paris. Cave et parking inclus. Proche de toutes commodités, transports et écoles. À visiter sans tarder.",,,Marie Martin,0576511407,marie.martin87@example.com,,,,,,1856,60 impasse des Lilas,,,dernier étage,,,
5e11c9d6-f96f-4608-afad-a41bccada90b,AN-ZEGRI2A7,REC-Q8F6L9KY,Local commercial,Local commercial spacieux à Paris,Paris,75000,7 novembre 2024,242049,195,5,0,,,"Local commercial en excellent état de 195 m² situé à Paris. Proche de toutes commodités, transports et écoles. À visiter sans tarder.",,,,,contact42@example.com,https://exemple-images.test/AN-ZEGRI2A7/1.jpg; https://exemple-images.test/AN-ZEGRI2A7/2.jpg; https://exemple-images.test/AN-ZEGRI2A7/3.jpg; https://exemple-images.test/AN-ZEGRI2A7/4.jpg; https://exemple-images.test/AN-ZEGRI2A7/5.jpg,,,,,,,48.86978,2.329938,RDC,,,
1513088d-2b9a-42fa-b567-bc7ca6b229d0,AN-IUY517H5,REC-Q8F6L9KY,Local commercial,Local commercial au calme à Paris,Paris,75000,07-05-2025,412656,180,5,,,,"Local commercial charmant de 180 m² situé à Paris. Proche de toutes commodités, transports et écoles. À visiter sans tarder.",,,Marc Fontaine,0417061020,,,False,,,,,90 place de la Mairie,48.82867,2.377408,2,,,
fec88e69-37ae-4d99-9e4b-aef1d47a87c6,AN-QHAKDXMN,REC-Q8F6L9KY,Local commercial,Local commercial avec vue dégagée à Paris,Paris,75000,1783487985,291560,156,6,,,G,"Local commercial spacieux de 156 m² situé à Paris. Cave et parking inclus. Proche de toutes commodités, transports et écoles. À visiter sans tarder.",,,Marc Bernard,0137977730,marc.bernard94@example.com,,,Provence Immobilier,True,,1960,,,,RDC,,,
6e8fe91f-83c7-49fc-9f96-808917ddeea9,AN-30FUV1OU,REC-Q8F6L9KY,Local commercial,Local commercial avec vue dégagée à Paris,Paris,75000,25/11/2025,299117,213,5,,,B,"Local commercial lumineux de 213 m² situé à Paris. Proche de toutes commodités, transports et écoles. À visiter sans tarder.",,,,,,,False,,,,,101 allée des Platanes,48.890276,2.401388,,193.04,,
16dcad8c-d94a-491d-a033-495a8cd09b49,AN-HNL3MR07,REC-Q8F6L9KY,Local commercial,Local commercial atypique à Paris,Paris,75000,2026-04-06T19:27:45,398702 €,244,2,3,,,,,,Karim Moreau,0295393462,,https://exemple-images.test/AN-HNL3MR07/1.jpg; https://exemple-images.test/AN-HNL3MR07/2.jpg; https://exemple-images.test/AN-HNL3MR07/3.jpg; https://exemple-images.test/AN-HNL3MR07/4.jpg,False,,,,,,,,,,,
48bca2ad-f3d3-4416-85d4-93dbae94c983,AN-FHH6OO5Z,REC-Q8F6L9KY,Local commercial,Local commercial avec vue dégagée à Paris,Paris,75000,1759646745,280921 €,136,5,,,,"Local commercial de standing de 136 m² situé à Paris. Proche de toutes commodités, transports et écoles. À visiter sans tarder.",,,Sophie Girard,,,https://exemple-images.test/AN-FHH6OO5Z/1.jpg; https://exemple-images.test/AN-FHH6OO5Z/2.jpg; https://exemple-images.test/AN-FHH6OO5Z/3.jpg,False,ImmoPlus,,,,107 rue de la République,48.864841,2.374766,,,,
59c2eddb-5d10-401d-82ee-c96d1c52baf1,AN-WV71350T,REC-Q8F6L9KY,Local commercial,Local commercial lumineux à Paris,Paris,75000,30 décembre 2024,348854,,5,,False,,"Local commercial à rafraîchir de 246 m² situé à Paris. Proche de toutes commodités, transports et écoles. À visiter sans tarder.",,,,,contact52@example.com,,False,,,246,,,,,RDC,,,
f0ed25c6-5bb0-4fbf-96f2-e7192c34786d,AN-0ZEFFZU4,REC-Q8F6L9KY,Local commercial,Local commercial rénové à Paris,Paris,75000,2025-08-25,213741 €,173,3,,,D,"Local commercial à rafraîchir de 173 m² situé à Paris. Cave et parking inclus. Proche de toutes commodités, transports et écoles. À visiter sans tarder.",,,Marie Martin,0135152161,marie.martin68@example.com,,False,,,,,135 rue Victor Hugo,,,5,,,
f15c5356-0b6e-468f-b76f-7fa708cbe465,AN-4FX9V9N5,REC-Q8F6L9KY,Local commercial,Local commercial au calme à Paris,Paris,75000,2024-12-24,392017,198,2,,,,,,,,0647295172,,,False,,,,1887,43 rue Pasteur,48.842005,2.352264,,353.4,,
53880bae-ab82-4061-9f7b-8b1219e2e962,AN-1L0OGHIA,REC-Q8F6L9KY,Local commercial,Local commercial de standing à Paris,Paris,75000,2025-04-15,243462,220,5,4,True,,"Local commercial au calme de 220 m² situé à Paris. Proche de toutes commodités, transports et écoles. À visiter sans tarder.",,,Luc Roche,,luc.roche90@example.com,https://exemple-images.test/AN-1L0OGHIA/1.jpg,,,,,1912,142 place de la Mairie,,,,,,
5df03802-4e87-4b9e-95dc-411d7538f808,AN-5LH21XEX,REC-Q8F6L9KY,Local commercial,Local commercial à rafraîchir à Paris,Paris,75000,2026-07-22,269479,137,5,3,False,B,"Local commercial avec vue dégagée de 137 m² situé à Paris. Cave et parking inclus. Proche de toutes commodités, transports et écoles. À visiter sans tarder. Travaux à prévoir.",,,Claire Fontaine,0545864163,claire.fontaine9@example.com,https://exemple-images.test/AN-5LH21XEX/1.jpg,True,Provence Immobilier,,,,87 boulevard Gambetta,,,,,,
03246f70-7c95-42a1-8fdb-7c0c8ef46e5c,AN-IM0Q1EDW,REC-Q8F6L9KY,Local commercial,Local commercial rénové à Paris,Paris,75000,1744421145,228016 €,144,5,4,,,"Local commercial rénové de 144 m² situé à Paris. Proche de toutes commodités, transports et écoles. À visiter sans tarder.",,,,0740917901,,,,Clé en Main Immo,,,1888,12 place de la Mairie,48.876664,2.373829,0,300.68,,
3998ec60-d80f-412a-827e-e8660f4b7c73,AN-LITH4OOI,REC-Q8F6L9KY,Local commercial,Local commercial charmant à Paris,Paris,75000,2025-09-07,414688,257,2,0,,,"Local commercial en excellent état de 257 m² situé à Paris. Proche de toutes commodités, transports et écoles. À visiter sans tarder.",,,,,,,,,,,,,,,,,,
52add511-6936-4c28-869a-66256e321710,AN-9H31XW0R,REC-Q8F6L9KY,Local commercial,Local commercial spacieux à Paris,Paris,75000,14/02/2026,393456,201,6,,True,,"Local commercial avec vue dégagée de 201 m² situé à Paris. Proche de toutes commodités, transports et écoles. À visiter sans tarder.",,,Nadia Moreau,0014895803,nadia.moreau9@example.com,,True,,,,,,,,,,,
73f083d1-2dc1-42c5-9c95-3372b762401d,AN-ZOT86Q4C,REC-Q8F6L9KY,Local commercial,Local commercial à rafraîchir à Paris,Paris,75000,1751899485,352753,164,3,,False,,"Local commercial lumineux de 164 m² situé à Paris. Cave et parking inclus. Proche de toutes commodités, transports et écoles. À visiter sans tarder. Travaux à prévoir.",,,Julie Dubois,0278923241,,,True,,,,1954,161 rue du Commerce,48.868394,2.394488,,,,
7c179913-515d-404b-aed3-0bd9d050276f,AN-J1QQO0XO,REC-Q8F6L9KY,Local commercial,Local commercial lumineux à Paris,Paris,75000,1780471185,337213,,3,1,,G,"Local commercial atypique de 171 m² situé à Paris. Proche de toutes commodités, transports et écoles. À visiter sans tarder.",,,Marc Perrin,0989854901,marc.perrin67@example.com,,,Toit & Vous,,171,,,,,,,,
60d9ef5f-a6c0-46a1-9679-a44e9163cebb,AN-8JA1SC1I,REC-Q8F6L9KY,Local commercial,Local commercial en excellent état à Paris,Paris,75000,10 octobre 2024,340767,259,5,2,False,,,,,,0485677754,,https://exemple-images.test/AN-8JA1SC1I/1.jpg; https://exemple-images.test/AN-8JA1SC1I/2.jpg; https://exemple-images.test/AN-8JA1SC1I/3.jpg; https://exemple-images.test/AN-8JA1SC1I/4.jpg; https://exemple-images.test/AN-8JA1SC1I/5.jpg,False,Toit & Vous,,,,151 place de la Mairie,48.825232,2.357537,5,,,
cdd26214-2384-4a11-abd6-1523da834eed,AN-I3V7H0DC,REC-Q8F6L9KY,Local commercial,Local commercial en excellent état à Paris,Paris,75000,26/10/2025,285992,141,4,5,,C,"Local commercial atypique de 141 m² situé à Paris. Proche de toutes commodités, transports et écoles. À visiter sans tarder.",,,Marie Roche,0369770963,marie.roche35@example.com,https://exemple-images.test/AN-I3V7H0DC/1.jpg; https://exemple-images.test/AN-I3V7H0DC/2.jpg; https://exemple-images.test/AN-I3V7H0DC/3.jpg; https://exemple-images.test/AN-I3V7H0DC/4.jpg; https://exemple-images.test/AN-I3V7H0DC/5.jpg,True,,,,,62 boulevard Gambetta,48.849242,2.389154,dernier étage,,,
8509282f-61ed-4be3-a31b-fbafe9d206ca,AN-0BWMN79K,REC-Q8F6L9KY,Local commercial,Local commercial rénové à Paris,Paris,75000,2026-03-03,241508,128,5,5,,G,"Local commercial lumineux de 128 m² situé à Paris. Proche de toutes commodités, transports et écoles. À visiter sans tarder. Travaux à prévoir.",,,,0841662774,contact19@example.com,https://exemple-images.test/AN-0BWMN79K/1.jpg; https://exemple-images.test/AN-0BWMN79K/2.jpg,,ImmoPlus,,,1986,,,,,,,
b196a1bc-2bb1-4f6f-a766-6e4264a7ee08,AN-DMX0LCBZ,REC-Q8F6L9KY,Local commercial,Local commercial atypique à Paris,Paris,75000,13 août 2026,318179,219,5,,,F,"Local commercial de standing de 219 m² situé à Paris. Proche de toutes commodités, transports et écoles. À visiter sans tarder.",,,,0643964434,contact82@example.com,https://exemple-images.test/AN-DMX0LCBZ/1.jpg; https://exemple-images.test/AN-DMX0LCBZ/2.jpg,,ImmoPlus,,,,111 allée des Platanes,48.856678,2.328623,RDC,,,
90bc3924-13f1-46e6-8b12-1fbbc71280fe,AN-ZXLEZJ5B,REC-Q8F6L9KY,Local commercial,Local commercial à rafraîchir à Paris,Paris,75000,2025-08-18T20:27:45,375049,227,3,0,True,,"Local commercial rénové de 227 m² situé à Paris. Proche de toutes commodités, transports et écoles. À visiter sans tarder.",,,,,contact59@example.com,,False,,,,2024,46 rue Pasteur,48.89181,2.398884,4,,,
f9fab3b5-f161-465e-bdc0-0a554ce83d08,AN-JV07GCM1,REC-Q8F6L9KY,Local commercial,Local commercial atypique à Paris,Paris,75000,1730384505,251917,169,5,,,,"Local commercial rénové de 169 m² situé à Paris. Cave et parking inclus. Proche de toutes commodités, transports et écoles. À visiter sans tarder.",,,,0785739946,,,,Toit & Vous,True,,,50 allée des Platanes,,,5,,,
46b8adc0-50b1-45fa-b836-72c1ecc6b06b,AN-IP0YGWKU,REC-Q8F6L9KY,Local commercial,Local commercial atypique à Paris,Paris,75000,01-20-2025,290913,232,6,1,,,"Local commercial spacieux de 232 m² situé à Paris. Cave et parking inclus. Proche de toutes commodités, transports et écoles. À visiter sans tarder.",,,Jean Faure,0951442501,,,,,,,,62 rue Victor Hugo,48.845277,2.398149,dernier étage,100.1,,
ef8a3f2c-f08e-4947-9253-f1ed9c1363ea,AN-JA92XRLI,REC-Q8F6L9KY,Local commercial,Local commercial à rafraîchir à Paris,Paris,75000,27/11/2025,241563,234,4,,,,"Local commercial charmant de 234 m² situé à Paris. Cave et parking inclus. Proche de toutes commodités, transports et écoles. À visiter sans tarder.",,,Karim Girard,,karim.girard47@example.com,,True,ImmoPlus,,,1977,81 boulevard Gambetta,,,5,,,
ca4b6480-6f4a-4acc-ae8b-e7f8d39878b3,AN-S6QW8KCZ,REC-Q8F6L9KY,Local commercial,Local commercial à rafraîchir à Paris,Paris,75000,05-21-2025,315645,215,5,4,True,,"Local commercial charmant de 215 m² situé à Paris. Proche de toutes commodités, transports et écoles. À visiter sans tarder.",,,Julie Martin,,julie.martin71@example.com,,True,,,,,,,,,,,
665b116c-aa45-4f6b-8263-493e44a34342,AN-F2AVNXBU,REC-Q8F6L9KY,Local commercial,Local commercial lumineux à Paris,Paris,75000,05-20-2025,261400,259,2,,True,E,"Local commercial rénové de 259 m² situé à Paris. Proche de toutes commodités, transports et écoles. À visiter sans tarder. Travaux à prévoir.",,,,0758424967,,,True,,,,2008,,,,,,,
fae7b8f8-d0a8-4f21-921d-da5bb413815d,AN-YAWSJAWR,REC-Q8F6L9KY,Local commercial,Local commercial à rafraîchir à Paris,Paris,75000,1783369065,260844,,5,,,,"Local commercial avec vue dégagée de 156 m² situé à Paris. Cave et parking inclus. Proche de toutes commodités, transports et écoles. À visiter sans tarder.",,,Julie Lefevre,,julie.lefevre15@example.com,,,Toit & Vous,,156,,,48.895822,2.378469,,,,
a9c9d651-5bb9-461a-9cb2-dd6197ce56fe,AN-NZHGD0LF,REC-Q8F6L9KY,Local commercial,Local commercial atypique à Paris,Paris,75000,11-19-2025,281170,234,3,2,False,,"Local commercial spacieux de 234 m² situé à Paris. Proche de toutes commodités, transports et écoles. À visiter sans tarder. Travaux à prévoir.",,,,0678093862,contact53@example.com,,,,,,,7 rue Pasteur,48.884771,2.387043,0,,,
a2583264-7ce5-4c85-a351-080727a3a371,AN-HN6IL6BH,REC-Q8F6L9KY,Local commercial,Local commercial en excellent état à Paris,Paris,75000,1743298965,421972,141,6,,,A,"Local commercial à rafraîchir de 141 m² situé à Paris. Proche de toutes commodités, transports et écoles. À visiter sans tarder. Travaux à prévoir.",,,Jean Dubois,,,,False,,,,,,48.88859,2.308498,,,,
b645a1ef-01f8-471c-929e-3b7144b1435e,AN-R5R80T1V,REC-Q8F6L9KY,Local commercial,Local commercial lumineux à Paris,Paris,75000,22/10/2025,274468,139,3,2,,,"Local commercial rénové de 139 m² situé à Paris. Cave et parking inclus. Proche de toutes commodités, transports et écoles. À visiter sans tarder. Travaux à prévoir.",,,Julie Perrin,,,,False,,,,,78 rue du Commerce,48.846393,2.328693,,375.56,,
ca214ffa-1706-450e-a241-e324936e2ec8,AN-2CVHF9F3,REC-Q8F6L9KY,Local commercial,Local commercial de standing à Paris,Paris,75000,1738297005,349059,203,5,,False,,"Local commercial atypique de 203 m² situé à Paris. Proche de toutes commodités, transports et écoles. À visiter sans tarder. Travaux à prévoir.",,,Julie Bernard,0289974047,julie.bernard52@example.com,,,,,,,89 impasse des Lilas,,,,,,
88a6e932-6c22-4246-89eb-38fe2c2948fd,AN-P85HNKUQ,REC-Q8F6L9KY,Local commercial,Local commercial à rafraîchir à Paris,Paris,75000,03-10-2025,298049,,2,5,True,,"Local commercial à rafraîchir de 221 m² situé à Paris. Proche de toutes commodités, transports et écoles. À visiter sans tarder.",,,,0048929280,contact3@example.com,https://exemple-images.test/AN-P85HNKUQ/1.jpg; https://exemple-images.test/AN-P85HNKUQ/2.jpg; https://exemple-images.test/AN-P85HNKUQ/3.jpg,True,ImmoPlus,,221,,,48.852331,2.389187,,,,
c780eb2a-7231-493b-a8c8-cf1603338783,AN-84I7D62B,REC-Q8F6L9KY,Local commercial,Local commercial atypique à Paris,Paris,75000,2026-07-23,284351,151,6,,,,,,,,,contact38@example.com,https://exemple-images.test/AN-84I7D62B/1.jpg; https://exemple-images.test/AN-84I7D62B/2.jpg,,,True,,,53 allée des Platanes,48.834887,2.373413,,,,
46102987-47d1-405c-b582-3faae898091e,AN-AX96KIY3,REC-Q8F6L9KY,Local commercial,Local commercial rénové à Paris,Paris,75000,05/02/2025,295961,175,5,5,,,"Local commercial rénové de 175 m² situé à Paris. Proche de toutes commodités, transports et écoles. À visiter sans tarder.",,,Claire Bernard,0392928225,,,,,,,,105 avenue des Champs,48.906237,2.329286,0,,,
5f3177fb-5b76-4798-812b-e6b96a704085,AN-FSBE03OQ,REC-Q8F6L9KY,Local commercial,Local commercial spacieux à Paris,Paris,75000,2025-07-05T11:07:45,376015,234,4,,True,D,"Local commercial avec vue dégagée de 234 m² situé à Paris. Proche de toutes commodités, transports et écoles. À visiter sans tarder.",,,Marc Bernard,0226365187,,,True,Clé en Main Immo,,,1877,104 place de la Mairie,48.884001,2.32182,,264.45,,
6871c3fe-cb9c-481e-958b-58189cc1805f,AN-B3S5152T,REC-Q8F6L9KY,Local commercial,Local commercial lumineux à Paris,Paris,75000,04-05-2026,314897,205,3,1,,G,"Local commercial lumineux de 205 m² situé à Paris. Proche de toutes commodités, transports et écoles. À visiter sans tarder. Travaux à prévoir.",,,Nadia Girard,0527529624,,,,,,,,41 rue Jean Jaurès,48.841497,2.395762,0,,,
cc1cb4a1-1d88-4046-8f35-576bfe9da523,AN-QLGJEBOM,REC-Q8F6L9KY,Local commercial,Local commercial lumineux à Paris,Paris,75000,2025-10-05T16:32:45,355756 €,,3,,,G,"Local commercial avec vue dégagée de 220 m² situé à Paris. Proche de toutes commodités, transports et écoles. À visiter sans tarder. Travaux à prévoir.",,,Marie Perrin,0237456163,marie.perrin44@example.com,,,,,220,,,48.891614,2.334592,,,,
dedcbffd-10ce-48a8-8f05-847a869ceea3,AN-F8U7WE2X,REC-Q8F6L9KY,Local commercial,Local commercial lumineux à Paris,Paris,75000,02-03-2025,242170 €,250,3,4,True,D,"Local commercial au calme de 250 m² situé à Paris. Proche de toutes commodités, transports et écoles. À visiter sans tarder.",,,,,,,False,,,,,,,,,,,
b3e32b80-81ac-4912-9494-d2f564e63745,AN-IKHW1ZLH,REC-Q8F6L9KY,Local commercial,Local commercial au calme à Paris,Paris,75000,1756416645,264068,168,6,,True,B,,,,Claire Bernard,0611852930,claire.bernard49@example.com,,,,,,,,,,,72.41,,
06aa05ff-4923-4a7b-a7b9-68a11cf64b56,AN-BBWOA6DY,REC-Q8F6L9KY,Local commercial,Local commercial atypique à Paris,Paris,75000,1759841805,308458,254,3,2,,,,,,Marie Lefevre,0656390714,marie.lefevre56@example.com,,,Provence Immobilier,,,,,,,,,,
72c0c3af-2521-461f-8506-0bd0cb18b9e8,AN-99J0NZ6L,REC-Q8F6L9KY,Local commercial,Local commercial avec vue dégagée à Paris,Paris,75000,26/04/2026,229392,183,4,4,,,,,,Jean Lefevre,0482574527,jean.lefevre55@example.com,https://exemple-images.test/AN-99J0NZ6L/1.jpg; https://exemple-images.test/AN-99J0NZ6L/2.jpg; https://exemple-images.test/AN-99J0NZ6L/3.jpg; https://exemple-images.test/AN-99J0NZ6L/4.jpg,True,,,,1875,,48.89496,2.306871,dernier étage,395.21,,
a34cf9d2-dea2-4686-95cb-c383eb965380,AN-TYLLAMCA,REC-Q8F6L9KY,Local commercial,Local commercial spacieux à Paris,Paris,75000,2025-10-25T01:37:45,397910,,6,,,F,"Local commercial spacieux de 218 m² situé à Paris. Proche de toutes commodités, transports et écoles. À visiter sans tarder.",,,,0664185100,contact67@example.com,https://exemple-images.test/AN-TYLLAMCA/1.jpg; https://exemple-images.test/AN-TYLLAMCA/2.jpg; https://exemple-images.test/AN-TYLLAMCA/3.jpg; https://exemple-images.test/AN-TYLLAMCA/4.jpg; https://exemple-images.test/AN-TYLLAMCA/5.jpg,True,,,218,,,,,3,,,
c7d2b988-5720-40bc-8f9c-8fe7c5389df1,AN-4C62W27Q,REC-Q8F6L9KY,Local commercial,Local commercial en excellent état à Paris,Paris,75000,02/02/2026,375612,218,2,5,,D,"Local commercial en excellent état de 218 m² situé à Paris. Proche de toutes commodités, transports et écoles. À visiter sans tarder.",,,Luc Roche,0346106273,,,True,Provence Immobilier,,,1873,152 impasse des Lilas,48.90526,2.332097,,,,
6a1875b0-bef6-41b1-bd8c-db00d873ce61,AN-JM02IPQE,REC-Q8F6L9KY,Local commercial,Local commercial à rafraîchir à Paris,Paris,75000,1762241985,268396,,4,,,,"Local commercial au calme de 178 m² situé à Paris. Proche de toutes commodités, transports et écoles. À visiter sans tarder.",,,Julie Fontaine,0824304929,julie.fontaine74@example.com,,True,,,178,1998,,,,,292.04,,
3cde4e75-d902-4a9a-88a1-a85620ebc49e,AN-0CW0IPED,REC-Q8F6L9KY,Local commercial,Local commercial charmant à Paris,Paris,75000,1739781585,391102,181,4,4,True,F,"Local commercial à rafraîchir de 181 m² situé à Paris. Proche de toutes commodités, transports et écoles. À visiter sans tarder.",,,Jean Lefevre,0285610878,,,,Toit & Vous,,,1959,93 rue Jean Jaurès,,,3,337.51,,
5b4a62b1-3b2e-4334-82aa-97138fc6c07b,AN-EZHJ9KA8,REC-Q8F6L9KY,Local commercial,Local commercial à rafraîchir à Paris,Paris,75000,17 novembre 2025,310604,146,5,,True,,"Local commercial avec vue dégagée de 146 m² situé à Paris. Proche de toutes commodités, transports et écoles. À visiter sans tarder.",,,,0458899912,contact38@example.com,,False,,,,,,48.859685,2.37951,,,,
083a9b8d-c492-4a62-b2d6-fbfaf1370f81,AN-5ISZCX7O,REC-Q8F6L9KY,Local commercial,Local commercial avec vue dégagée à Paris,Paris,75000,24 janvier 2026,320525,173,4,3,,,"Local commercial au calme de 173 m² situé à Paris. Proche de toutes commodités, transports et écoles. À visiter sans tarder. Travaux à prévoir.",,,Jean Fontaine,0273691359,jean.fontaine83@example.com,,True,,,,,9 quai de la Loire,,,,,,
28e8456b-34da-4e27-b871-505ff9e72372,AN-5AG67DSI,REC-Q8F6L9KY,Local commercial,Local commercial de standing à Paris,Paris,75000,2026-08-23,373094,132,2,3,True,,"Local commercial à rafraîchir de 132 m² situé à Paris. Cave et parking inclus. Proche de toutes commodités, transports et écoles. À visiter sans tarder. Travaux à prévoir.",,,Luc Girard,,,,,Toit & Vous,,,1957,,48.853864,2.389997,0,,,
8ac95b8c-c2e7-470f-b8ba-97952f97a32f,AN-2KR7L6P1,REC-Q8F6L9KY,Local commercial,Local commercial spacieux à Paris,Paris,75000,9 mars 2025,345923,131,5,,,,,,,Julie Fontaine,,julie.fontaine82@example.com,,,Clé en Main Immo,,,1951,188 rue Pasteur,,,,,,
5675d1fa-0cbd-4143-a439-865f85d31e91,AN-YN7TCWP6,REC-Q8F6L9KY,Local commercial,Local commercial charmant à Paris,Paris,75000,2026-03-17,409976,264,4,0,,,,,,Claire Bernard,0058405311,claire.bernard19@example.com,,False,,,,2017,189 avenue des Champs,,,,,,
09979e5f-2aff-4461-a5f2-171e2ce8ce6b,AN-91EBW5CJ,REC-Q8F6L9KY,Local commercial,Local commercial en excellent état à Paris,Paris,75000,02-23-2025,344527,188,6,3,,,"Local commercial atypique de 188 m² situé à Paris. Proche de toutes commodités, transports et écoles. À visiter sans tarder.",,,Nadia Perrin,0788717224,,https://exemple-images.test/AN-91EBW5CJ/1.jpg; https://exemple-images.test/AN-91EBW5CJ/2.jpg; https://exemple-images.test/AN-91EBW5CJ/3.jpg; https://exemple-images.test/AN-91EBW5CJ/4.jpg,,Toit & Vous,,,2017,,48.820736,2.395542,,,,
ef639950-989e-43a0-96fd-0da304e05925,AN-U3PC2AH6,REC-Q8F6L9KY,Local commercial,Local commercial à rafraîchir à Paris,Paris,75000,2026-01-31,275767,134,6,,,,"Local commercial de standing de 134 m² situé à Paris. Proche de toutes commodités, transports et écoles. À visiter sans tarder.",,,Claire Moreau,0422532610,,,,,,,2007,48 rue Victor Hugo,,,0,,,
79f16b09-ee86-4b1a-8bc6-b1c2bb00d5ab,AN-UI6EHJTH,REC-Q8F6L9KY,Local commercial,Local commercial en excellent état à Paris,Paris,75000,1785916245,317004 €,265,6,,,,"Local commercial atypique de 265 m² situé à Paris. Cave et parking inclus. Proche de toutes commodités, transports et écoles. À visiter sans tarder.",,,Marc Perrin,,,,,Provence Immobilier,,,,14 rue Jean Jaurès,,,0,86.15,,
e1a73a91-0b88-48ac-880f-5c713f2dbb29,AN-AF5IUZSG,REC-Q8F6L9KY,Local commercial,Local commercial en excellent état à Paris,Paris,75000,2026-04-26T00:56:45,324435,151,3,,False,,"Local commercial à rafraîchir de 151 m² situé à Paris. Proche de toutes commodités, transports et écoles. À visiter sans tarder.",,,Luc Fontaine,0643069771,,,False,,,,,,,,0,,,
6226a517-49be-42ce-90b2-2533ea345f44,AN-ICI6M1TP,REC-Q8F6L9KY,Local commercial,Local commercial lumineux à Paris,Paris,75000,02-21-2026,245298,175,6,,True,,"Local commercial en excellent état de 175 m² situé à Paris. Proche de toutes commodités, transports et écoles. À visiter sans tarder. Travaux à prévoir.",,,,,,,,Century Habitat,,,2010,125 chemin des Vignes,,,,190.92,,
dbedbdd6-5cc6-46f9-8095-e6ccbebf6973,AN-XVMCOSFU,REC-Q8F6L9KY,Local commercial,Local commercial charmant à Paris,Paris,75000,22/05/2026,410841,127,4,,,,,,,,0312626224,contact64@example.com,,False,,,,,177 chemin des Vignes,,,4,389.24,,
bbfe53e2-8e45-46ce-8aed-2e1f744586c5,AN-1EIGS09Y,REC-Q8F6L9KY,Local commercial,Local commercial au calme à Paris,Paris,75000,29/05/2026,302233,163,2,,,,"Local commercial charmant de 163 m² situé à Paris. Proche de toutes commodités, transports et écoles. À visiter sans tarder.",,,,0666935031,contact43@example.com,https://exemple-images.test/AN-1EIGS09Y/1.jpg; https://exemple-images.test/AN-1EIGS09Y/2.jpg; https://exemple-images.test/AN-1EIGS09Y/3.jpg; https://exemple-images.test/AN-1EIGS09Y/4.jpg; https://exemple-images.test/AN-1EIGS09Y/5.jpg,True,ImmoPlus,,,1890,177 impasse des Lilas,,,,,,
bea3250e-a914-4ca1-af2d-4328ef76850d,AN-994WOBP3,REC-Q8F6L9KY,Local commercial,Local commercial au calme à Paris,Paris,75000,4 août 2025,356088,145,3,0,True,,"Local commercial charmant de 145 m² situé à Paris. Proche de toutes commodités, transports et écoles. À visiter sans tarder.",,,,,contact64@example.com,,,,,,,,,,,,,
34025e8e-cdaa-4ab3-bbbb-ddf6c0541a35,AN-41MQYDIQ,REC-Q8F6L9KY,Local commercial,Local commercial lumineux à Paris,Paris,75000,1748203725,287655,149,4,,,,"Local commercial avec vue dégagée de 149 m² situé à Paris. Proche de toutes commodités, transports et écoles. À visiter sans tarder.",,,Claire Girard,,,,,,True,,,173 allée des Platanes,48.871466,2.338432,0,,,
e95a5ffe-7e45-488b-b94c-6a03b85615b4,AN-V46IE285,REC-Q8F6L9KY,Local commercial,Local commercial de standing à Paris,Paris,75000,11 mai 2025,231434,,4,5,,A,,,,Luc Fontaine,0537937646,luc.fontaine46@example.com,,,Century Habitat,,194,,,48.90424,2.351285,,,,
eb0263c1-5d69-4298-acb9-23eccdeec00d,AN-LVWH9IH2,REC-Q8F6L9KY,Local commercial,Local commercial atypique à Paris,Paris,75000,06/08/2025,273782,153,4,,,,"Local commercial au calme de 153 m² situé à Paris. Proche de toutes commodités, transports et écoles. À visiter sans tarder.",,,Claire Fontaine,0653519604,claire.fontaine60@example.com,https://exemple-images.test/AN-LVWH9IH2/1.jpg; https://exemple-images.test/AN-LVWH9IH2/2.jpg,False,Nid Doré,,,,,,,,276.71,,
a860b77e-3951-4d46-bc6f-ff31a7423218,AN-3CCDDY2U,REC-Q8F6L9KY,Local commercial,Local commercial rénové à Paris,Paris,75000,2026-02-06,328613,136,4,,False,,"Local commercial avec vue dégagée de 136 m² situé à Paris. Cave et parking inclus. Proche de toutes commodités, transports et écoles. À visiter sans tarder.",,,,0074263596,,,False,ImmoPlus,,,,,,,1,,,
1f240448-9c02-434f-bc4d-33afd3d20d1b,AN-RS5W0C5Y,REC-Q8F6L9KY,Local commercial,Local commercial à rafraîchir à Paris,Paris,75000,1761412485,290161,169,3,,True,,,,,Nadia Fontaine,0582167902,nadia.fontaine92@example.com,,,,,,,,48.820928,2.390536,,,,
d68be94e-9497-4fd7-81df-2d625d8f3ca6,AN-TQ70UI5A,REC-Q8F6L9KY,Local commercial,Local commercial spacieux à Paris,Paris,75000,17/04/2026,345263,159,6,1,,A,"Local commercial lumineux de 159 m² situé à Paris. Cave et parking inclus. Proche de toutes commodités, transports et écoles. À visiter sans tarder. Travaux à prévoir.",,,Claire Bernard,0190298739,claire.bernard66@example.com,,,,,,,,,,,,,
762e6cb2-0333-49dc-b892-17fba35bfdb7,AN-1SULAUR5,REC-Q8F6L9KY,Local commercial,Local commercial à rafraîchir à Paris,Paris,75000,1735537065,402682,150,3,,,G,,,,Jean Bernard,0240484328,jean.bernard8@example.com,,False,,,,,177 quai de la Loire,48.865881,2.313942,3,,,
2c549022-d75f-4f6a-95c8-162fc8aa1c7c,AN-COR08KRL,REC-Q8F6L9KY,Local commercial,Local commercial au calme à Paris,Paris,75000,1737605805,312627,258,5,5,,A,,,,Karim Martin,,,,,Toit & Vous,,,,,48.892483,2.325555,1,,,
35c4f842-c52d-481b-ab43-c78475aaafe1,AN-THF7I4GM,REC-Q8F6L9KY,Local commercial,Local commercial atypique à Paris,Paris,75000,1778431305,280479 €,244,6,1,,G,"Local commercial à rafraîchir de 244 m² situé à Paris. Proche de toutes commodités, transports et écoles. À visiter sans tarder.",,,Nadia Moreau,,nadia.moreau60@example.com,,,,,,,,,,,,,
6ba7db4a-fd69-4014-bd44-71c33a0628df,AN-LGTN8KRC,REC-Q8F6L9KY,Local commercial,Local commercial charmant à Paris,Paris,75000,2024-12-01,391714,242,5,,,G,"Local commercial rénové de 242 m² situé à Paris. Cave et parking inclus. Proche de toutes commodités, transports et écoles. À visiter sans tarder.",,,,0846599974,contact24@example.com,,False,,,,,,,,,,,
ee1f2147-b947-4133-ad0f-2bdc3aa1b9e8,AN-W49W2WAQ,REC-Q8F6L9KY,Local commercial,Local commercial au calme à Paris,Paris,75000,11-01-2025,309336,183,4,4,,,"Local commercial en excellent état de 183 m² situé à Paris. Proche de toutes commodités, transports et écoles. À visiter sans tarder.",,,Jean Martin,0453045578,jean.martin81@example.com,,False,,,,,,48.885224,2.382419,,,,
099563fc-14ab-4bb4-b16c-8265a4d3117b,AN-2QI4AKWE,REC-Q8F6L9KY,Local commercial,Local commercial spacieux à Paris,Paris,75000,29/09/2025,286566,198,4,3,,,"Local commercial à rafraîchir de 198 m² situé à Paris. Proche de toutes commodités, transports et écoles. À visiter sans tarder. Travaux à prévoir.",,,,0049030781,,,,,,,,,48.808448,2.38824,3,,,
05ff7873-3ecb-4a01-af08-f95d0e6fb4a8,AN-J1JPS98J,REC-Q8F6L9KY,Local commercial,Local commercial atypique à Paris,Paris,75000,02-07-2025,271458,149,3,5,,B,"Local commercial atypique de 149 m² situé à Paris. Cave et parking inclus. Proche de toutes commodités, transports et écoles. À visiter sans tarder.",,,Jean Dubois,0014112106,,,False,,,,,94 place de la Mairie,48.878997,2.38464,,225.7,,
c12b386f-7496-4a68-b283-abf92f38b058,AN-L2VZNTLB,REC-Q8F6L9KY,Local commercial,Local commercial de standing à Paris,Paris,75000,1744385625,366805,172,6,0,,,"Local commercial spacieux de 172 m² situé à Paris. Cave et parking inclus. Proche de toutes commodités, transports et écoles. À visiter sans tarder.",,,,0601246587,,,True,,,,,111 avenue des Champs,,,4,304.8,,
81352f89-225c-400c-aaea-1d0c3bf363fb,AN-69THEP2C,REC-Q8F6L9KY,Local commercial,Local commercial avec vue dégagée à Paris,Paris,75000,03-08-2025,312526 €,158,2,,False,G,"Local commercial à rafraîchir de 158 m² situé à Paris. Proche de toutes commodités, transports et écoles. À visiter sans tarder. Travaux à prévoir.",,,Marc Dubois,0195351089,,,False,,,,2019,30 place de la Mairie,48.867667,2.378461,4,,,
702252b3-8105-4f4e-9841-5153d2efb228,AN-G14HQPMW,REC-Q8F6L9KY,Local commercial,Local commercial au calme à Paris,Paris,75000,28/02/2026,325792,209,3,2,,A,"Local commercial en excellent état de 209 m² situé à Paris. Cave et parking inclus. Proche de toutes commodités, transports et écoles. À visiter sans tarder. Travaux à prévoir.",,,,0606658983,contact17@example.com,,,Toit & Vous,,,,,,,dernier étage,,,
69ec6ed2-a9f6-4a3d-944c-208904fb90e8,AN-G2YKQU83,REC-Q8F6L9KY,Local commercial,Local commercial au calme à Paris,Paris,75000,11-27-2024,235731,260,6,,,,"Local commercial en excellent état de 260 m² situé à Paris. Proche de toutes commodités, transports et écoles. À visiter sans tarder.",,,Ahmed Fontaine,0121254710,,,,,,,1889,3 rue Jean Jaurès,48.835126,2.374934,,,,
16992371-7faf-4815-baf5-68c18c34d4c2,AN-4NSI26RJ,REC-Q8F6L9KY,Local commercial,Local commercial à rafraîchir à Paris,Paris,75000,1785130425,227622,173,5,0,,,"Local commercial spacieux de 173 m² situé à Paris. Proche de toutes commodités, transports et écoles. À visiter sans tarder.",,,,0495645643,,,False,,,,1933,91 boulevard Gambetta,,,5,,,
57f9a4f2-8cb8-47a9-b96f-5a2490ca90ba,AN-ISSYUOBV,REC-Q8F6L9KY,Local commercial,Local commercial lumineux à Paris,Paris,75000,1759850745,289905,254,2,1,,,"Local commercial avec vue dégagée de 254 m² situé à Paris. Proche de toutes commodités, transports et écoles. À visiter sans tarder.",,,Sophie Bernard,0956747216,sophie.bernard21@example.com,,,,,,,197 rue de la République,48.885644,2.347781,,,,
71e863e2-77c6-426a-8c05-4a4bc9f7d0a8,AN-PF2SS1NT,REC-Q8F6L9KY,Local commercial,Local commercial atypique à Paris,Paris,75000,12 octobre 2024,251336,254,4,3,True,,"Local commercial de standing de 254 m² situé à Paris. Proche de toutes commodités, transports et écoles. À visiter sans tarder. Travaux à prévoir.",,,Jean Moreau,,,,,,,,,86 rue Pasteur,48.807803,2.391818,RDC,105.44,,
8ede35fe-2890-4cf6-8f33-b050319e0d16,AN-CH8YOBWH,REC-Q8F6L9KY,Local commercial,Local commercial de standing à Paris,Paris,75000,1747501905,356116,228,6,,False,,,,,Karim Dubois,0390479609,karim.dubois45@example.com,https://exemple-images.test/AN-CH8YOBWH/1.jpg,,Provence Immobilier,True,,1864,174 quai de la Loire,,,,,,
42fdff0d-a097-4a0e-99b2-35a28d05e9e8,AN-NZAA6BG4,REC-Q8F6L9KY,Local commercial,Local commercial à rafraîchir à Paris,Paris,75000,22/03/2025,220377,260,4,3,,E,"Local commercial spacieux de 260 m² situé à Paris. Proche de toutes commodités, transports et écoles. À visiter sans tarder.",,,Ahmed Dubois,0665802358,,https://exemple-images.test/AN-NZAA6BG4/1.jpg; https://exemple-images.test/AN-NZAA6BG4/2.jpg; https://exemple-images.test/AN-NZAA6BG4/3.jpg; https://exemple-images.test/AN-NZAA6BG4/4.jpg; https://exemple-images.test/AN-NZAA6BG4/5.jpg,,ImmoPlus,,,,15 rue du Commerce,,,,,,
c721e396-a1e5-4377-861f-2ee75f643379,AN-S944333C,REC-Q8F6L9KY,Local commercial,Local commercial charmant à Paris,Paris,75000,1729938765,271189,267,3,,True,G,"Local commercial rénové de 267 m² situé à Paris. Cave et parking inclus. Proche de toutes commodités, transports et écoles. À visiter sans tarder.",,,,0419031411,,,True,,,,,146 place de la Mairie,48.889757,2.370223,4,,,
57271b89-d7e3-4183-9aa3-3b3931bff117,AN-AOAG6PLZ,REC-Q8F6L9KY,Local commercial,Local commercial au calme à Paris,Paris,75000,01-09-2025,329533 €,226,5,2,,,"Local commercial spacieux de 226 m² situé à Paris. Proche de toutes commodités, transports et écoles. À visiter sans tarder.",,,Claire Moreau,0606304952,claire.moreau42@example.com,https://exemple-images.test/AN-AOAG6PLZ/1.jpg,,,,,1874,112 rue Jean Jaurès,,,3,,,
9fd4466c-913e-490d-be00-fb9a27be7587,AN-84RNLRIJ,REC-Q8F6L9KY,Local commercial,Local commercial spacieux à Paris,Paris,75000,1725682845,214538,133,4,,True,F,"Local commercial au calme de 133 m² situé à Paris. Cave et parking inclus. Proche de toutes commodités, transports et écoles. À visiter sans tarder.",,,Jean Faure,0448260472,jean.faure4@example.com,,,Century Habitat,,,1979,24 allée des Platanes,,,,,,
59ab720f-bcbd-44ec-b91f-abf0b8b71ba5,AN-IEVB7JHW,REC-Q8F6L9KY,Local commercial,Local commercial en excellent état à Paris,Paris,75000,22/06/2025,384228 €,199,2,,,,"Local commercial en excellent état de 199 m² situé à Paris. Cave et parking inclus. Proche de toutes commodités, transports et écoles. À visiter sans tarder. Travaux à prévoir.",,,,,contact17@example.com,https://exemple-images.test/AN-IEVB7JHW/1.jpg; https://exemple-images.test/AN-IEVB7JHW/2.jpg; https://exemple-images.test/AN-IEVB7JHW/3.jpg; https://exemple-images.test/AN-IEVB7JHW/4.jpg; https://exemple-images.test/AN-IEVB7JHW/5.jpg,True,,,,,,,,5,,,
1f61acb8-f764-4708-88d2-b4111cec4f5b,AN-IUC7ULBO,REC-Q8F6L9KY,Local commercial,Local commercial en excellent état à Paris,Paris,75000,1772165085,242259,221,6,3,,,"Local commercial rénové de 221 m² situé à Paris. Proche de toutes commodités, transports et écoles. À visiter sans tarder.",,,Nadia Fontaine,,nadia.fontaine16@example.com,https://exemple-images.test/AN-IUC7ULBO/1.jpg; https://exemple-images.test/AN-IUC7ULBO/2.jpg,True,,,,,70 allée des Platanes,48.847414,2.364431,4,,,
b1db0cc1-3a65-4691-8491-2a43e78a8edd,AN-9A8KNGG8,REC-Q8F6L9KY,Local commercial,Local commercial lumineux à Paris,Paris,75000,2025-07-08T03:06:45,415438,192,2,,True,,"Local commercial à rafraîchir de 192 m² situé à Paris. Proche de toutes commodités, transports et écoles. À visiter sans tarder.",,,,,contact59@example.com,,,,True,,,138 quai de la Loire,48.896639,2.38732,,,,
275972de-150f-44a0-acd3-2ea9c9de1307,AN-QVLYOPNQ,REC-Q8F6L9KY,Local commercial,Local commercial à rafraîchir à Paris,Paris,75000,2026-03-01T16:22:45,403061,195,4,2,,,,,,Nadia Moreau,0355697765,,https://exemple-images.test/AN-QVLYOPNQ/1.jpg; https://exemple-images.test/AN-QVLYOPNQ/2.jpg; https://exemple-images.test/AN-QVLYOPNQ/3.jpg,,,True,,,195 avenue des Champs,48.850528,2.325186,1,340.29,,
42a548b6-aeb3-445b-ab16-5810c9d85d13,AN-6VVU8LA3,REC-Q8F6L9KY,Local commercial,Local commercial en excellent état à Paris,Paris,75000,12-28-2024,380073 €,149,2,4,,,"Local commercial spacieux de 149 m² situé à Paris. Cave et parking inclus. Proche de toutes commodités, transports et écoles. À visiter sans tarder.",,,Nadia Martin,0678532887,nadia.martin93@example.com,,True,ImmoPlus,,,,181 place de la Mairie,48.814509,2.348996,,,,
db218387-7024-42bc-870a-dadbb6026420,AN-1ZMCU0S9,REC-Q8F6L9KY,Local commercial,Local commercial charmant à Paris,Paris,75000,1738022505,279508,140,3,2,False,,"Local commercial charmant de 140 m² situé à Paris. Proche de toutes commodités, transports et écoles. À visiter sans tarder.",,,,0124586673,,,,Century Habitat,,,1913,173 allée des Platanes,48.891377,2.341098,RDC,,,
07f4ccf9-7164-4d5a-a688-41428a36a390,AN-L0TGOR4S,REC-Q8F6L9KY,Local commercial,Local commercial de standing à Paris,Paris,75000,2025-11-27,281962,253,2,0,,C,"Local commercial de standing de 253 m² situé à Paris. Cave et parking inclus. Proche de toutes commodités, transports et écoles. À visiter sans tarder.",,,,,contact32@example.com,https://exemple-images.test/AN-L0TGOR4S/1.jpg,False,Century Habitat,,,,161 chemin des Vignes,48.894545,2.373264,,,,
5562b4de-5ebf-40ad-bcff-a6c0600789fa,AN-7QEQ7U1Y,REC-Q8F6L9KY,Local commercial,Local commercial charmant à Paris,Paris,75000,20 novembre 2024,298955,233,4,3,,,"Local commercial lumineux de 233 m² situé à Paris. Proche de toutes commodités, transports et écoles. À visiter sans tarder.",,,,0863234312,contact95@example.com,https://exemple-images.test/AN-7QEQ7U1Y/1.jpg; https://exemple-images.test/AN-7QEQ7U1Y/2.jpg,False,,,,,87 allée des Platanes,48.861301,2.3504,3,320.96,,
e26eb312-b987-41d3-948d-066c3d88fd50,AN-R9N1A521,REC-Q8F6L9KY,Local commercial,Local commercial atypique à Paris,Paris,75000,2025-06-27,368830 €,187,2,,,G,"Local commercial rénové de 187 m² situé à Paris. Cave et parking inclus. Proche de toutes commodités, transports et écoles. À visiter sans tarder.",,,,,contact32@example.com,,False,,,,2009,,48.857008,2.339014,,,,
f8cd7c78-2873-471d-9e59-3588c741aed4,AN-LW68CEWB,REC-Q8F6L9KY,Local commercial,Local commercial charmant à Paris,Paris,75000,1728047865,370592,218,5,4,,,"Local commercial charmant de 218 m² situé à Paris. Cave et parking inclus. Proche de toutes commodités, transports et écoles. À visiter sans tarder. Travaux à prévoir.",,,,,,https://exemple-images.test/AN-LW68CEWB/1.jpg; https://exemple-images.test/AN-LW68CEWB/2.jpg; https://exemple-images.test/AN-LW68CEWB/3.jpg,True,,,,,102 rue Pasteur,48.838047,2.36761,0,,,
7fabdad2-8818-4952-8a0e-711f5856946b,AN-2HCVJSKM,REC-Q8F6L9KY,Local commercial,Local commercial en excellent état à Paris,Paris,75000,08/03/2025,402711,253,6,1,,,"Local commercial de standing de 253 m² situé à Paris. Proche de toutes commodités, transports et écoles. À visiter sans tarder.",,,Marie Girard,0261432315,,,,,,,,,48.821133,2.321382,dernier étage,,,
99a19381-4c41-4cf1-8e37-0aa34df5c698,AN-77DCWN0J,REC-Q8F6L9KY,Local commercial,Local commercial de standing à Paris,Paris,75000,1782607965,349005,130,2,4,,,,,,Luc Faure,0437536776,,,,Toit & Vous,,,,15 chemin des Vignes,,,RDC,,,
40b8e2a1-7691-4c44-a175-39ddc34e288d,AN-QL7L34UD,REC-Q8F6L9KY,Local commercial,Local commercial lumineux à Paris,Paris,75000,2026-03-01,220823,181,4,2,,,"Local commercial lumineux de 181 m² situé à Paris. Cave et parking inclus. Proche de toutes commodités, transports et écoles. À visiter sans tarder.",,,,0214895321,,,True,,,,,,,,0,,,
227d14d0-fec6-43a4-9f1b-34cdc3e9460e,AN-84MNSY7O,REC-Q8F6L9KY,Local commercial,Local commercial au calme à Paris,Paris,75000,20/08/2025,312848,127,2,5,,,"Local commercial au calme de 127 m² situé à Paris. Proche de toutes commodités, transports et écoles. À visiter sans tarder.",,,,0974454268,,,,,True,,1913,,48.854845,2.319673,3,,,
aeff54bb-0e81-42e5-8f11-ff25ba70fa93,AN-LDWR5D90,REC-Q8F6L9KY,Local commercial,Local commercial avec vue dégagée à Paris,Paris,75000,2025-04-26,308064,219,4,,False,E,,,,,0738291277,,,,Clé en Main Immo,,,,38 quai de la Loire,48.887953,2.391761,4,,,
ca80fd28-66b1-497a-9877-e15ebf4b7406,AN-9WAGPJSP,REC-Q8F6L9KY,Local commercial,Local commercial spacieux à Paris,Paris,75000,03-18-2025,217087,276,4,3,True,,,,,,0594645331,contact44@example.com,,,,,,,,48.853653,2.327812,,282.64,,
75247a2f-9d1c-4da0-8b4e-c1d9bf75fc52,AN-GPDN88SM,REC-Q8F6L9KY,Local commercial,Local commercial atypique à Paris,Paris,75000,09-14-2024,420111,144,6,1,False,F,"Local commercial en excellent état de 144 m² situé à Paris. Proche de toutes commodités, transports et écoles. À visiter sans tarder.",,,Sophie Girard,,sophie.girard41@example.com,,True,,,,1987,,48.837983,2.331748,2,,,
11d0049d-a6fa-4946-8a39-98de75a1e5a6,AN-MNYN6CMX,REC-Q8F6L9KY,Local commercial,Local commercial au calme à Paris,Paris,75000,2026-04-13T12:56:45,290757,207,6,,True,B,"Local commercial charmant de 207 m² situé à Paris. Cave et parking inclus. Proche de toutes commodités, transports et écoles. À visiter sans tarder.",,,Claire Moreau,,,,True,Toit & Vous,,,,,,,,,,
2fd1ae7b-923b-45f1-8b04-5d1390d4f78f,AN-7M0K3SKA,REC-Q8F6L9KY,Local commercial,Local commercial lumineux à Paris,Paris,75000,07-13-2026,316275,247,4,5,,B,"Local commercial de standing de 247 m² situé à Paris. Proche de toutes commodités, transports et écoles. À visiter sans tarder.",,,Luc Perrin,0035370432,luc.perrin33@example.com,https://exemple-images.test/AN-7M0K3SKA/1.jpg; https://exemple-images.test/AN-7M0K3SKA/2.jpg; https://exemple-images.test/AN-7M0K3SKA/3.jpg,,ImmoPlus,,,,,,,,,,
00862efc-1b2c-46bb-859b-a30a90b8abb1,AN-7UGFWQPW,REC-Q8F6L9KY,Local commercial,Local commercial en excellent état à Paris,Paris,75000,24 novembre 2024,410452,145,6,3,,,"Local commercial à rafraîchir de 145 m² situé à Paris. Proche de toutes commodités, transports et écoles. À visiter sans tarder. Travaux à prévoir.",,,,,,,,Provence Immobilier,,,,,,,,219.62,,
4d5545e1-ab71-4e01-b695-1a5c9553a27d,AN-LB4KH426,REC-Q8F6L9KY,Local commercial,Local commercial lumineux à Paris,Paris,75000,2025-02-24T12:39:45,258117,143,2,,,A,"Local commercial en excellent état de 143 m² situé à Paris. Proche de toutes commodités, transports et écoles. À visiter sans tarder. Travaux à prévoir.",,,Ahmed Girard,0956691667,,https://exemple-images.test/AN-LB4KH426/1.jpg,,,True,,,,,,,,,
beaf9965-4a84-4055-93e9-a4150c2cc499,AN-MRY1R474,REC-Q8F6L9KY,Local commercial,Local commercial spacieux à Paris,Paris,75000,16/06/2026,250893,272,5,,,,"Local commercial à rafraîchir de 272 m² situé à Paris. Cave et parking inclus. Proche de toutes commodités, transports et écoles. À visiter sans tarder. Travaux à prévoir.",,,Karim Martin,0409238500,karim.martin82@example.com,,,Clé en Main Immo,True,,,,,,1,,,
79c9eb77-f9c1-4715-bdbb-0394c4964016,AN-QZOLGM50,REC-Q8F6L9KY,Local commercial,Local commercial spacieux à Paris,Paris,75000,10-28-2024,300298,139,6,1,True,,"Local commercial charmant de 139 m² situé à Paris. Cave et parking inclus. Proche de toutes commodités, transports et écoles. À visiter sans tarder.",,,Marie Dubois,0285578293,marie.dubois19@example.com,,False,,,,1852,,48.872798,2.357718,dernier étage,,,
d66a0698-ab33-4fc8-bb8f-85cd9635327a,AN-94OMZZGW,REC-CD5PL9OF,Château,Château de standing à Marseille,Marseille,13000,2026-03-31T17:04:45,135211,110,8,,False,A,"Château charmant de 110 m² situé à Marseille. Cave et parking inclus. Proche de toutes commodités, transports et écoles. À visiter sans tarder.",,True,Julie Bernard,0386823281,,,,,,,1931,126 allée des Platanes,,,,,True,True
44eae256-ba92-41c7-a1f5-757e41a4ff1a,AN-ZAZEIFDK,REC-CD5PL9OF,Château,Château à rafraîchir à Marseille,Marseille,13000,2025-11-15,77003,114,6,1,,A,"Château à rafraîchir de 114 m² situé à Marseille. Proche de toutes commodités, transports et écoles. À visiter sans tarder. Travaux à prévoir.",,,Sophie Martin,0070294172,sophie.martin89@example.com,,False,,,,,125 rue de la République,,,1,219.5,,
e038e3b6-5657-4f04-86cb-cb179b9ed2bc,AN-XPNP53A9,REC-CD5PL9OF,Château,Château atypique à Marseille,Marseille,13000,2025-11-17T08:14:45,79520,102,4,0,,A,,,True,Sophie Lefevre,0697370768,,,,,,,,,,,RDC,,True,True
472efeae-dbbb-4fa3-8abf-cfc231dee0a3,AN-3W4HBNRN,REC-CD5PL9OF,Château,Château spacieux à Marseille,Marseille,13000,09/10/2025,105580 €,33,5,,,A,"Château atypique de 33 m² situé à Marseille. Proche de toutes commodités, transports et écoles. À visiter sans tarder.",,True,Julie Martin,0284690344,julie.martin27@example.com,https://exemple-images.test/AN-3W4HBNRN/1.jpg; https://exemple-images.test/AN-3W4HBNRN/2.jpg; https://exemple-images.test/AN-3W4HBNRN/3.jpg,,,True,,,42 boulevard Gambetta,,,dernier étage,,True,True
9b6275dc-313a-49ae-8304-a9c069f08b59,AN-RUEWV8OL,REC-CD5PL9OF,Château,Château charmant à Marseille,Marseille,13000,01/07/2025,121650,104,8,,,A,"Château rénové de 104 m² situé à Marseille. Proche de toutes commodités, transports et écoles. À visiter sans tarder.",,True,Nadia Dubois,0191292598,,https://exemple-images.test/AN-RUEWV8OL/1.jpg,,,,,,,43.320895,5.390966,5,,True,True
251af8db-ae9b-4f21-93d8-cf384158635c,AN-Y6P24BMG,REC-CD5PL9OF,Château,Château spacieux à Marseille,Marseille,13000,04/08/2026,95837,154,5,,,A,,,True,,0656322051,contact86@example.com,https://exemple-images.test/AN-Y6P24BMG/1.jpg; https://exemple-images.test/AN-Y6P24BMG/2.jpg; https://exemple-images.test/AN-Y6P24BMG/3.jpg,,Nid Doré,,,1984,51 impasse des Lilas,43.30041,5.346567,,,True,True
68b449fe-ea14-4a72-81de-50af0daefb72,AN-00GRNTA0,REC-CD5PL9OF,Château,Château de standing à Marseille,Marseille,13000,2025-02-28T05:11:45,132321,126,7,1,False,A,"Château lumineux de 126 m² situé à Marseille. Proche de toutes commodités, transports et écoles. À visiter sans tarder. Travaux à prévoir.",,True,Jean Roche,,,https://exemple-images.test/AN-00GRNTA0/1.jpg; https://exemple-images.test/AN-00GRNTA0/2.jpg,,,,,,,,,3,,True,True
aebe9937-6c92-423f-bdbd-6f87ad6a6042,AN-P7XEKI29,REC-CD5PL9OF,Château,Château avec vue dégagée à Marseille,Marseille,13000,05-18-2025,93378,160,6,5,,A,"Château lumineux de 160 m² situé à Marseille. Proche de toutes commodités, transports et écoles. À visiter sans tarder.",,True,,0778825700,,,,,,,,,43.31091,5.391775,,,True,True
7e1fc91a-0cbf-43c4-8f75-68ceec25fb07,AN-A4BK1QU5,REC-CD5PL9OF,Château,Château en excellent état à Marseille,Marseille,13000,10-24-2024,124312,132,7,,,,"Château à rafraîchir de 132 m² situé à Marseille. Proche de toutes commodités, transports et écoles. À visiter sans tarder.",,True,Nadia Moreau,0553134590,,https://exemple-images.test/AN-A4BK1QU5/1.jpg; https://exemple-images.test/AN-A4BK1QU5/2.jpg; https://exemple-images.test/AN-A4BK1QU5/3.jpg,False,Century Habitat,,,,31 rue Jean Jaurès,43.302002,5.326471,4,,True,True
f80aae00-c838-4ae6-ae54-7f9ed5e5dc18,AN-NI6GQ17O,REC-CD5PL9OF,Château,Château avec vue dégagée à Marseille,Marseille,13000,2026-08-10T18:50:45,78142,149,6,4,,A,"Château en excellent état de 149 m² situé à Marseille. Cave et parking inclus. Proche de toutes commodités, transports et écoles. À visiter sans tarder.",,,Sophie Moreau,0980865106,sophie.moreau22@example.com,,,,,,1852,76 allée des Platanes,43.322387,5.344997,,95.72,True,True
67924ecd-0bd7-41dc-a573-ae2a742b736b,AN-SJFFZIRS,REC-CD5PL9OF,Château,Château à rafraîchir à Marseille,Marseille,13000,5 juillet 2026,116057,124,8,,True,A,"Château avec vue dégagée de 124 m² situé à Marseille. Proche de toutes commodités, transports et écoles. À visiter sans tarder.",,True,Luc Fontaine,0994373505,,,False,,,,1927,177 rue Pasteur,,,,,,
25e4e838-359b-4a38-ae40-72e1decede36,AN-GY4KQUUG,REC-CD5PL9OF,Château,Château lumineux à Marseille,Marseille,13000,04/06/2026,83875,110,7,,,,"Château en excellent état de 110 m² situé à Marseille. Proche de toutes commodités, transports et écoles. À visiter sans tarder.",,True,Marc Girard,0954078487,,,True,Clé en Main Immo,,,1851,,43.333035,5.374024,,,True,True
3da11ee3-f5e5-46fd-bcfe-d44d5fff765e,AN-TWLY4EOS,REC-CD5PL9OF,Château,Château lumineux à Marseille,Marseille,13000,2026-03-03T17:40:45,79501,159,4,,,A,"Château à rafraîchir de 159 m² situé à Marseille. Proche de toutes commodités, transports et écoles. À visiter sans tarder.",,True,Jean Martin,0621169245,jean.martin41@example.com,,True,,,,,,43.268521,5.34042,2,132.81,True,True
453d9de8-1f98-44d0-bac0-9cbbd3dab159,AN-V44JOHQO,REC-CD5PL9OF,Château,Château rénové à Marseille,Marseille,13000,1747671705,125540,90,6,,True,A,,,True,,,,https://exemple-images.test/AN-V44JOHQO/1.jpg,True,,,,1878,,43.264573,5.381393,,,True,
07e3d278-9bb2-41f7-b557-c611977976fd,AN-F0P33DJX,REC-CD5PL9OF,Château,Château rénové à Marseille,Marseille,13000,10-14-2024,89786,63,4,,,A,"Château au calme de 63 m² situé à Marseille. Proche de toutes commodités, transports et écoles. À visiter sans tarder.",,,Julie Fontaine,0388599708,,,True,Nid Doré,,,,,43.276675,5.369523,,,True,True
291ff3f5-cefd-4775-9193-65b79ddca558,AN-9LTS82US,REC-CD5PL9OF,Château,Château charmant à Marseille,Marseille,13000,2026-01-16T15:49:45,79524,164,6,,,A,"Château au calme de 164 m² situé à Marseille. Cave et parking inclus. Proche de toutes commodités, transports et écoles. À visiter sans tarder.",,True,,0114154044,,https://exemple-images.test/AN-9LTS82US/1.jpg; https://exemple-images.test/AN-9LTS82US/2.jpg,,,,,,156 chemin des Vignes,,,,,True,True
3bc2367b-4310-4f26-83c8-9314e9d9bbbd,AN-D9C5I557,REC-CD5PL9OF,Château,Château charmant à Marseille,Marseille,13000,14/07/2025,125598,93,5,2,,A,"Château spacieux de 93 m² situé à Marseille. Cave et parking inclus. Proche de toutes commodités, transports et écoles. À visiter sans tarder.",,True,Marc Lefevre,,,https://exemple-images.test/AN-D9C5I557/1.jpg; https://exemple-images.test/AN-D9C5I557/2.jpg; https://exemple-images.test/AN-D9C5I557/3.jpg; https://exemple-images.test/AN-D9C5I557/4.jpg; https://exemple-images.test/AN-D9C5I557/5.jpg,,,,,,106 allée des Platanes,43.254774,5.385447,,,True,True
1c6b3e83-b0a3-4eab-b869-f78abf51001f,AN-6FUEEQBC,REC-CD5PL9OF,Château,Château de standing à Marseille,Marseille,13000,1738060845,119965 €,149,7,3,False,A,,,True,,0575093593,contact72@example.com,https://exemple-images.test/AN-6FUEEQBC/1.jpg; https://exemple-images.test/AN-6FUEEQBC/2.jpg; https://exemple-images.test/AN-6FUEEQBC/3.jpg; https://exemple-images.test/AN-6FUEEQBC/4.jpg,False,,,,,,43.330869,5.396931,5,173.48,True,True
e04e8104-0a02-481a-98af-e0a42a22fdce,AN-NRLJF0LG,REC-CD5PL9OF,Château,Château charmant à Marseille,Marseille,13000,19/01/2026,140149,37,7,0,,A,"Château avec vue dégagée de 37 m² situé à Marseille. Proche de toutes commodités, transports et écoles. À visiter sans tarder.",,True,Marc Lefevre,,marc.lefevre50@example.com,https://exemple-images.test/AN-NRLJF0LG/1.jpg; https://exemple-images.test/AN-NRLJF0LG/2.jpg,,,True,,,61 rue du Commerce,43.283496,5.382468,1,,True,
6ad92a9d-f9a9-4523-b563-09deaae355f5,AN-LID47YDV,REC-CD5PL9OF,Château,Château à rafraîchir à Marseille,Marseille,13000,2026-04-08T17:12:45,128424,30,7,3,True,A,"Château lumineux de 30 m² situé à Marseille. Cave et parking inclus. Proche de toutes commodités, transports et écoles. À visiter sans tarder. Travaux à prévoir.",,True,,,contact26@example.com,https://exemple-images.test/AN-LID47YDV/1.jpg; https://exemple-images.test/AN-LID47YDV/2.jpg; https://exemple-images.test/AN-LID47YDV/3.jpg; https://exemple-images.test/AN-LID47YDV/4.jpg; https://exemple-images.test/AN-LID47YDV/5.jpg,,,,,,84 allée des Platanes,,,,,True,True
dc3dd9b8-069a-421a-bd0c-6ffd85bef32b,AN-I93BV6YG,REC-CD5PL9OF,Château,Château spacieux à Marseille,Marseille,13000,1741867065,93838,122,7,5,,A,"Château spacieux de 122 m² situé à Marseille. Proche de toutes commodités, transports et écoles. À visiter sans tarder.",,True,Julie Perrin,,,,,Century Habitat,True,,,36 rue de la République,43.298619,5.37153,,296.1,True,True
0533e928-2610-40ae-980a-ba7687d15e36,AN-S3CHUC36,REC-CD5PL9OF,Château,Château atypique à Marseille,Marseille,13000,12-15-2025,81569,143,7,,True,A,"Château rénové de 143 m² situé à Marseille. Proche de toutes commodités, transports et écoles. À visiter sans tarder.",,True,Marc Perrin,,marc.perrin85@example.com,,,Century Habitat,True,,1914,,43.289657,5.361778,0,,True,True
615411e8-42a8-4569-9252-033be6985330,AN-YF885RTQ,REC-CD5PL9OF,Château,Château avec vue dégagée à Marseille,Marseille,13000,2025-09-18,138027 €,83,4,,,A,"Château à rafraîchir de 83 m² situé à Marseille. Proche de toutes commodités, transports et écoles. À visiter sans tarder.",,True,,0010048807,contact49@example.com,,,Clé en Main Immo,True,,1859,22 boulevard Gambetta,43.332949,5.393507,,,True,True
ad3f0c04-4f9e-4ea9-9661-98552b0eee8e,AN-OKKF4A3C,REC-CD5PL9OF,Château,Château avec vue dégagée à Marseille,Marseille,13000,1737657465,126171,153,7,4,,,"Château lumineux de 153 m² situé à Marseille. Proche de toutes commodités, transports et écoles. À visiter sans tarder.",,True,Ahmed Dubois,,ahmed.dubois38@example.com,,True,ImmoPlus,,,,158 quai de la Loire,43.29138,5.38534,,,True,True
3e8b2376-b53c-450b-8fe9-f2bf26761afc,AN-QSECA6EV,REC-CD5PL9OF,Château,Château spacieux à Marseille,Marseille,13000,2024-11-25T07:02:45,116379,75,7,,False,A,"Château en excellent état de 75 m² situé à Marseille. Proche de toutes commodités, transports et écoles. À visiter sans tarder.",,True,Sophie Martin,0658587686,sophie.martin51@example.com,https://exemple-images.test/AN-QSECA6EV/1.jpg; https://exemple-images.test/AN-QSECA6EV/2.jpg; https://exemple-images.test/AN-QSECA6EV/3.jpg,,,,,1895,,,,5,,True,True
e6765aca-49ca-4fdf-b352-5635ff947459,AN-B0EICL56,REC-CD5PL9OF,Château,Château atypique à Marseille,Marseille,13000,1730661945,114867 €,,7,4,False,A,"Château avec vue dégagée de 144 m² situé à Marseille. Proche de toutes commodités, transports et écoles. À visiter sans tarder.",,True,Marie Roche,0316061464,,https://exemple-images.test/AN-B0EICL56/1.jpg; https://exemple-images.test/AN-B0EICL56/2.jpg; https://exemple-images.test/AN-B0EICL56/3.jpg; https://exemple-images.test/AN-B0EICL56/4.jpg,,,True,144,,,43.341188,5.386293,4,256.76,True,True
87775c48-6c63-4915-a4e1-a81c2819425d,AN-8JQHMAJW,REC-CD5PL9OF,Château,Château en excellent état à Marseille,Marseille,13000,2026-05-24,116117 €,104,7,,,A,,,True,Julie Perrin,,julie.perrin14@example.com,,False,,,,,139 place de la Mairie,43.307854,5.33079,0,,True,True
b2bf8a77-03e9-4537-b4ad-b237d5e80950,AN-DRKS1IDG,REC-CD5PL9OF,Château,Château en excellent état à Marseille,Marseille,13000,03-17-2025,138083,154,5,,,A,"Château en excellent état de 154 m² situé à Marseille. Cave et parking inclus. Proche de toutes commodités, transports et écoles. À visiter sans tarder.",,True,,,,,True,,,,,125 place de la Mairie,,,,189.1,True,True
1f7be28d-3793-4ded-88f7-31862ba20546,AN-ODV6W32V,REC-CD5PL9OF,Château,Château avec vue dégagée à Marseille,Marseille,13000,2026-03-21T19:47:45,99705,80,5,,,A,"Château atypique de 80 m² situé à Marseille. Proche de toutes commodités, transports et écoles. À visiter sans tarder. Travaux à prévoir.",,True,,,,,,Provence Immobilier,,,,87 chemin des Vignes,43.327337,5.344617,,,True,True
0817ed6f-268d-4537-affb-30393d29bb62,AN-0UWFEA2B,REC-CD5PL9OF,Château,Château en excellent état à Marseille,Marseille,13000,09-01-2024,83826,91,4,,True,A,"Château rénové de 91 m² situé à Marseille. Cave et parking inclus. Proche de toutes commodités, transports et écoles. À visiter sans tarder.",,True,,,contact79@example.com,,,ImmoPlus,,,1935,,,,3,,True,True
edfa131f-08bf-45af-aaed-9aac6230b723,AN-W1C479Z6,REC-CD5PL9OF,Château,Château charmant à Marseille,Marseille,13000,1727359065,133833 €,73,8,,True,A,"Château charmant de 73 m² situé à Marseille. Proche de toutes commodités, transports et écoles. À visiter sans tarder. Travaux à prévoir.",,True,,0359799402,contact18@example.com,https://exemple-images.test/AN-W1C479Z6/1.jpg; https://exemple-images.test/AN-W1C479Z6/2.jpg; https://exemple-images.test/AN-W1C479Z6/3.jpg,,Toit & Vous,,,1926,,43.263231,5.356474,3,,True,True
6851feea-5714-4cc3-9600-51b125d139ec,AN-53HBCT03,REC-CD5PL9OF,Château,Château spacieux à Marseille,Marseille,13000,1733157705,134913,170,7,,False,,,,True,,0980856821,,,,,True,,,,43.29582,5.320617,,191.26,True,True
058c8e87-888f-4c69-b077-e374b6ef394b,AN-LR1F8937,REC-CD5PL9OF,Château,Château atypique à Marseille,Marseille,13000,2025-10-06,111995,145,6,1,,A,"Château spacieux de 145 m² situé à Marseille. Proche de toutes commodités, transports et écoles. À visiter sans tarder. Travaux à prévoir.",,,Ahmed Lefevre,0094700424,,,False,,,,1954,158 rue Victor Hugo,,,,,True,True
6bc38672-3717-42ff-a869-4f97648073c3,AN-8547VH2M,REC-CD5PL9OF,Château,Château avec vue dégagée à Marseille,Marseille,13000,01-31-2026,139168,53,5,,True,,"Château charmant de 53 m² situé à Marseille. Proche de toutes commodités, transports et écoles. À visiter sans tarder.",,True,,0289464204,contact46@example.com,,,Clé en Main Immo,True,,,115 avenue des Champs,,,,,True,True
3998bf99-d57e-41b3-8143-5fa7bdc41dfa,AN-EVH972NN,REC-CD5PL9OF,Château,Château en excellent état à Marseille,Marseille,13000,09-15-2024,137161,108,6,3,,A,"Château atypique de 108 m² situé à Marseille. Cave et parking inclus. Proche de toutes commodités, transports et écoles. À visiter sans tarder.",,True,Julie Fontaine,0299192839,,https://exemple-images.test/AN-EVH972NN/1.jpg; https://exemple-images.test/AN-EVH972NN/2.jpg; https://exemple-images.test/AN-EVH972NN/3.jpg; https://exemple-images.test/AN-EVH972NN/4.jpg; https://exemple-images.test/AN-EVH972NN/5.jpg,,,,,1872,109 rue du Commerce,,,5,,,True
13ecc39f-cbf0-4dce-ad88-598918fb411f,AN-U786X9XB,REC-CD5PL9OF,Château,Château au calme à Marseille,Marseille,13000,19 août 2026,72900,141,8,4,False,A,"Château à rafraîchir de 141 m² situé à Marseille. Proche de toutes commodités, transports et écoles. À visiter sans tarder. Travaux à prévoir.",,,,0220120363,contact85@example.com,,True,,,,1991,,,,,,,True
1212056e-a88d-478f-afa5-ec130d2942f9,AN-YK0OG7VK,REC-CD5PL9OF,Château,Château en excellent état à Marseille,Marseille,13000,2024-10-03,80246,135,4,1,True,A,"Château spacieux de 135 m² situé à Marseille. Proche de toutes commodités, transports et écoles. À visiter sans tarder. Travaux à prévoir.",,True,,0555370550,,,,,True,,1972,168 rue Jean Jaurès,,,,,True,True
9af89b23-aa1d-40f3-b058-6a6bfb9ee0cd,AN-ULL4SLL1,REC-CD5PL9OF,Château,Château au calme à Marseille,Marseille,13000,21/04/2026,136256,,5,2,,,,,True,Claire Perrin,0844989359,claire.perrin92@example.com,,True,Provence Immobilier,,31,,,43.322866,5.330278,,,,True
c217b111-0a20-4a16-b533-076c427d6b52,AN-SJMXM9ZK,REC-CD5PL9OF,Château,Château au calme à Marseille,Marseille,13000,2026-02-24,112973,159,4,5,,A,"Château à rafraîchir de 159 m² situé à Marseille. Proche de toutes commodités, transports et écoles. À visiter sans tarder.",,,,0919578307,contact62@example.com,,True,Century Habitat,,,,,43.265209,5.386709,3,,True,True
016333f7-091b-4bf2-b534-6c1f54eff38f,AN-F78JT68N,REC-CD5PL9OF,Château,Château au calme à Marseille,Marseille,13000,2025-05-26,135028,58,7,,,A,"Château à rafraîchir de 58 m² situé à Marseille. Proche de toutes commodités, transports et écoles. À visiter sans tarder.",,True,,0410117277,contact26@example.com,https://exemple-images.test/AN-F78JT68N/1.jpg,,,,,2003,195 quai de la Loire,43.257865,5.327812,,,True,True
bcb657ad-4ac0-4f2d-be26-fa6eb3b83d43,AN-MN549U8I,REC-CD5PL9OF,Château,Château à rafraîchir à Marseille,Marseille,13000,2026-03-13T08:01:45,115557,96,7,3,,,"Château lumineux de 96 m² situé à Marseille. Proche de toutes commodités, transports et écoles. À visiter sans tarder.",,True,,0671046473,,,,,,,,,43.313637,5.391834,,90.3,True,True
d00b389c-fc4c-45eb-9d45-71f7d6e51b60,AN-BM4KTYWV,REC-CD5PL9OF,Château,Château à rafraîchir à Marseille,Marseille,13000,2024-12-05,126169,53,5,5,,A,"Château charmant de 53 m² situé à Marseille. Proche de toutes commodités, transports et écoles. À visiter sans tarder.",,True,Marie Roche,,,https://exemple-images.test/AN-BM4KTYWV/1.jpg; https://exemple-images.test/AN-BM4KTYWV/2.jpg; https://exemple-images.test/AN-BM4KTYWV/3.jpg; https://exemple-images.test/AN-BM4KTYWV/4.jpg; https://exemple-images.test/AN-BM4KTYWV/5.jpg,,,,,1971,132 place de la Mairie,43.343543,5.342183,dernier étage,367.24,True,
0de2ba19-547d-4f4a-83ef-52697590ce21,AN-DMFGBLU0,REC-CD5PL9OF,Château,Château atypique à Marseille,Marseille,13000,7 mars 2026,86406,108,5,3,,A,"Château avec vue dégagée de 108 m² situé à Marseille. Proche de toutes commodités, transports et écoles. À visiter sans tarder.",,True,,0620040020,,,,,,,,,,,5,,True,True
666a673b-6019-4cbb-9eed-687a0a2c62e5,AN-VRYPFYSA,REC-CD5PL9OF,Château,Château atypique à Marseille,Marseille,13000,4 novembre 2025,97620,150,7,,,A,"Château rénové de 150 m² situé à Marseille. Cave et parking inclus. Proche de toutes commodités, transports et écoles. À visiter sans tarder. Travaux à prévoir.",,True,Nadia Dubois,,,,,,,,,,,,,,,True
59f47217-8715-4581-acc1-53ba4fd7c59a,AN-VZ98VNVS,REC-CD5PL9OF,Château,Château lumineux à Marseille,Marseille,13000,2026-03-06,99803,50,7,4,,,,,True,Karim Perrin,0720521078,,,,,,,,,43.248003,5.409769,3,,,True
a4d6480a-6cbb-48a4-b8ca-100e11394209,AN-T7Q24FOK,REC-CD5PL9OF,Château,Château rénové à Marseille,Marseille,13000,2024-08-29T19:23:45,111775,108,5,4,,A,"Château au calme de 108 m² situé à Marseille. Proche de toutes commodités, transports et écoles. À visiter sans tarder.",,,Marie Lefevre,,marie.lefevre95@example.com,,,,True,,,,,,0,234.64,True,True
87184b1d-62a8-4a9a-971c-f537fe4e9fe4,AN-XUBP9RSC,REC-CD5PL9OF,Château,Château atypique à Marseille,Marseille,13000,2025-11-03,131646,63,4,4,,A,"Château rénové de 63 m² situé à Marseille. Proche de toutes commodités, transports et écoles. À visiter sans tarder. Travaux à prévoir.",,True,Claire Martin,0804499581,claire.martin11@example.com,,,Clé en Main Immo,True,,,,43.291926,5.384535,,,True,True
6c001213-a715-4580-903c-b267db1ef78a,AN-8CJ24K09,REC-CD5PL9OF,Château,Château avec vue dégagée à Marseille,Marseille,13000,01/04/2025,135982 €,38,8,,,A,,,True,,0084669773,,,,,True,,,149 quai de la Loire,43.319465,5.377176,dernier étage,,True,
cd074172-8635-4d66-8c4c-487d7951d7fe,AN-QO46HP1L,REC-CD5PL9OF,Château,Château spacieux à Marseille,Marseille,13000,2025-02-16,102679 €,28,4,4,True,F,,,,Claire Bernard,,,https://exemple-images.test/AN-QO46HP1L/1.jpg; https://exemple-images.test/AN-QO46HP1L/2.jpg,True,Nid Doré,,,1901,195 boulevard Gambetta,,,,,,True
3a7746c4-3b0c-4f6a-9a0a-773410d05503,AN-EQYG5E7B,REC-CD5PL9OF,Château,Château en excellent état à Marseille,Marseille,13000,17 mai 2025,108737,26,4,1,,A,"Château lumineux de 26 m² situé à Marseille. Cave et parking inclus. Proche de toutes commodités, transports et écoles. À visiter sans tarder.",,True,Ahmed Girard,0740799358,ahmed.girard65@example.com,https://exemple-images.test/AN-EQYG5E7B/1.jpg,False,,,,,28 boulevard Gambetta,43.322507,5.417885,5,,True,True
06dd20fc-8f96-48be-af34-f4037e393af1,AN-N3AARVWL,REC-CD5PL9OF,Château,Château rénové à Marseille,Marseille,13000,1 mai 2025,117459,66,5,5,False,A,"Château spacieux de 66 m² situé à Marseille. Proche de toutes commodités, transports et écoles. À visiter sans tarder.",,True,Nadia Roche,0027208051,nadia.roche90@example.com,,,,,,,,,,,,True,True
f2ac615a-1897-45de-a85a-52ad01881b1d,AN-FK6GT5A9,REC-CD5PL9OF,Château,Château atypique à Marseille,Marseille,13000,1730511405,104217 €,135,4,,,A,,,True,,0864868835,contact48@example.com,https://exemple-images.test/AN-FK6GT5A9/1.jpg; https://exemple-images.test/AN-FK6GT5A9/2.jpg; https://exemple-images.test/AN-FK6GT5A9/3.jpg,True,ImmoPlus,,,2002,,43.296015,5.4041,2,,True,True
94ad63f0-f785-406f-8599-49546fa19cbe,AN-A1ZUSM3J,REC-CD5PL9OF,Château,Château charmant à Marseille,Marseille,13000,2024-12-16T19:54:45,122801,,6,4,False,A,"Château de standing de 39 m² situé à Marseille. Cave et parking inclus. Proche de toutes commodités, transports et écoles. À visiter sans tarder.",,True,,0587613821,,,,Century Habitat,,39,,,,,RDC,,True,True
7957445f-dfb1-4a36-9773-6f292c7adb88,AN-VX3Q5BVZ,REC-CD5PL9OF,Château,Château au calme à Marseille,Marseille,13000,2025-11-13,77005,147,8,,,,"Château à rafraîchir de 147 m² situé à Marseille. Proche de toutes commodités, transports et écoles. À visiter sans tarder.",,True,,,,,,Toit & Vous,True,,,,,,,,,True
df2ad940-059b-4dbf-8c92-15eb4991d8a1,AN-LE2JSYS9,REC-CD5PL9OF,Château,Château au calme à Marseille,Marseille,13000,2025-03-28T08:11:45,80699,136,4,4,,A,"Château au calme de 136 m² situé à Marseille. Proche de toutes commodités, transports et écoles. À visiter sans tarder.",,True,Marie Perrin,0240649008,,,,,True,,,,,,,171.59,True,True
761ec386-a8e4-4b1d-9e7d-98a037408ca4,AN-1N5WUB6V,REC-CD5PL9OF,Château,Château lumineux à Marseille,Marseille,13000,3 juin 2025,123679,117,6,,,A,"Château rénové de 117 m² situé à Marseille. Proche de toutes commodités, transports et écoles. À visiter sans tarder.",,True,Karim Lefevre,0279974748,karim.lefevre3@example.com,https://exemple-images.test/AN-1N5WUB6V/1.jpg; https://exemple-images.test/AN-1N5WUB6V/2.jpg; https://exemple-images.test/AN-1N5WUB6V/3.jpg; https://exemple-images.test/AN-1N5WUB6V/4.jpg; https://exemple-images.test/AN-1N5WUB6V/5.jpg,,,,,1942,109 place de la Mairie,,,,,,True
7f20773f-b7b9-4bb5-b034-545d40a3e110,AN-RTM9IYRL,REC-CD5PL9OF,Château,Château en excellent état à Marseille,Marseille,13000,1733704785,89408,,8,5,,A,"Château à rafraîchir de 165 m² situé à Marseille. Proche de toutes commodités, transports et écoles. À visiter sans tarder.",,True,Karim Martin,0185866341,,,,Nid Doré,True,165,,152 rue Victor Hugo,,,dernier étage,,True,True
1a40cc5e-ae3e-4858-a0d5-e23ac4379090,AN-9WNS7EUH,REC-CD5PL9OF,Château,Château lumineux à Marseille,Marseille,13000,09-12-2024,142602,,7,5,,A,"Château à rafraîchir de 83 m² situé à Marseille. Proche de toutes commodités, transports et écoles. À visiter sans tarder.",,,Marc Bernard,0695968110,,https://exemple-images.test/AN-9WNS7EUH/1.jpg; https://exemple-images.test/AN-9WNS7EUH/2.jpg,False,ImmoPlus,,83,,,43.336227,5.41615,,,True,True
b0541d15-659b-4f96-ba18-2535a1e2b681,AN-W3PWTOPX,REC-CD5PL9OF,Château,Château charmant à Marseille,Marseille,13000,1750684725,109676,172,8,,,,"Château en excellent état de 172 m² situé à Marseille. Proche de toutes commodités, transports et écoles. À visiter sans tarder.",,True,Claire Dubois,,,,,Nid Doré,True,,,29 rue Jean Jaurès,,,,187.63,True,True
b4d761d9-065d-4b17-a9c0-d918428e161a,AN-DEDHTX9E,REC-CD5PL9OF,Château,Château lumineux à Marseille,Marseille,13000,2025-03-10T05:18:45,106163,169,7,1,False,A,"Château en excellent état de 169 m² situé à Marseille. Proche de toutes commodités, transports et écoles. À visiter sans tarder.",,True,Ahmed Moreau,0815954641,ahmed.moreau90@example.com,,False,Century Habitat,,,,177 rue Jean Jaurès,43.333635,5.335644,,,True,True
5623aaed-f327-4349-8521-1f953328b35c,AN-TGC3OP16,REC-CD5PL9OF,Château,Château de standing à Marseille,Marseille,13000,1734606285,88841,68,6,5,,B,,,True,Karim Lefevre,0461778011,karim.lefevre75@example.com,,,,True,,,108 chemin des Vignes,43.303303,5.419797,0,,True,True
9ddda41b-0573-49b4-a7c5-61e51bf0a653,AN-LCYKOBTR,REC-CD5PL9OF,Château,Château à rafraîchir à Marseille,Marseille,13000,2025-09-20,131844,160,4,3,False,,"Château lumineux de 160 m² situé à Marseille. Proche de toutes commodités, transports et écoles. À visiter sans tarder. Travaux à prévoir.",,True,Karim Martin,0011836864,karim.martin33@example.com,,,Nid Doré,True,,1904,173 allée des Platanes,,,dernier étage,,True,True
3d5acfb8-d732-4105-b0ad-d0a9c3cffd2a,AN-01CC7EH3,REC-CD5PL9OF,Château,Château avec vue dégagée à Marseille,Marseille,13000,04/09/2024,137083,38,7,4,,A,"Château atypique de 38 m² situé à Marseille. Cave et parking inclus. Proche de toutes commodités, transports et écoles. À visiter sans tarder. Travaux à prévoir.",,True,,0370996365,,https://exemple-images.test/AN-01CC7EH3/1.jpg; https://exemple-images.test/AN-01CC7EH3/2.jpg,,,,,,,,,,,True,
b31a7bac-cdc4-4e42-92e7-f9f6d8f6d5e5,AN-8IICCD28,REC-CD5PL9OF,Château,Château lumineux à Marseille,Marseille,13000,2026-07-12T18:38:45,136742,154,4,5,False,A,,,True,Karim Roche,,karim.roche19@example.com,,,,,,2001,54 rue Pasteur,43.257274,5.37013,,,True,True
4ce9ab2b-7563-4cda-b7c6-27b0407d109c,AN-P234ARA9,REC-CD5PL9OF,Château,Château lumineux à Marseille,Marseille,13000,31 mai 2026,90031,106,8,3,,A,"Château atypique de 106 m² situé à Marseille. Proche de toutes commodités, transports et écoles. À visiter sans tarder.",,True,,0269165839,contact28@example.com,,,Century Habitat,,,,43 impasse des Lilas,43.32029,5.35048,3,,,True
64008676-1431-4c27-887f-1b9a293330ff,AN-RNBV5XOE,REC-CD5PL9OF,Château,Château lumineux à Marseille,Marseille,13000,05-01-2025,128784,,7,4,False,A,"Château spacieux de 90 m² situé à Marseille. Cave et parking inclus. Proche de toutes commodités, transports et écoles. À visiter sans tarder. Travaux à prévoir.",,True,,,,,False,,,90,,,43.300556,5.414281,,,True,
670f8685-e480-4597-9dab-4856b4ab6ba0,AN-WWR9X995,REC-CD5PL9OF,Château,Château atypique à Marseille,Marseille,13000,17/06/2026,120880,87,6,,,A,,,True,Ahmed Roche,,,,,,,,,31 boulevard Gambetta,,,0,,,True
dfb796df-b6a0-4463-90b6-8487da8b8e7a,AN-4JCFGZ6E,REC-CD5PL9OF,Château,Château spacieux à Marseille,Marseille,13000,1758691905,75769,162,6,,True,A,,,True,Julie Martin,0413911559,,,,Century Habitat,,,,,43.284506,5.39534,1,119.19,True,True
5ab10a9b-b02d-4dbc-abbe-8f5e5be1944f,AN-A6NE36H2,REC-CD5PL9OF,Château,Château avec vue dégagée à Marseille,Marseille,13000,17 novembre 2025,96873,47,8,3,,A,"Château spacieux de 47 m² situé à Marseille. Cave et parking inclus. Proche de toutes commodités, transports et écoles. À visiter sans tarder.",,True,,,contact21@example.com,,True,,,,,86 avenue des Champs,43.269445,5.405695,,,True,
8ff0303e-9605-4f9d-87f6-e89096ede7ae,AN-TV0VSO2G,REC-CD5PL9OF,Château,Château à rafraîchir à Marseille,Marseille,13000,11-03-2025,124430,147,8,,True,A,,,True,,,contact39@example.com,,,,,,,82 place de la Mairie,,,dernier étage,270.39,True,True
64d539e0-87d7-4897-b2c2-3d63e58af298,AN-MHRJU5BU,REC-CD5PL9OF,Château,Château avec vue dégagée à Marseille,Marseille,13000,20 décembre 2025,144012,67,5,,,A,,,True,Ahmed Girard,0675952229,,,False,Nid Doré,,,,,43.325418,5.385446,0,294.9,True,True
ba260a8a-f7d2-4a91-a87e-35a15bc47437,AN-U38XC813,REC-CD5PL9OF,Château,Château charmant à Marseille,Marseille,13000,1777863225,130556,121,7,,,C,"Château à rafraîchir de 121 m² situé à Marseille. Proche de toutes commodités, transports et écoles. À visiter sans tarder.",,True,Nadia Fontaine,0013149248,nadia.fontaine45@example.com,,False,Provence Immobilier,,,,122 rue Jean Jaurès,,,,,True,True
2bf80934-6381-493d-9f5e-b74591efcfe4,AN-7PKUA28M,REC-CD5PL9OF,Château,Château charmant à Marseille,Marseille,13000,05-11-2025,114996,38,7,,,A,"Château charmant de 38 m² situé à Marseille. Cave et parking inclus. Proche de toutes commodités, transports et écoles. À visiter sans tarder.",,True,Marc Girard,0646398391,,,,,,,1899,114 quai de la Loire,43.34187,5.323737,,,,True
1a2225e1-035e-46c9-9e9d-88557dea9086,AN-ZU38SR79,REC-CD5PL9OF,Château,Château au calme à Marseille,Marseille,13000,2025-12-05,104735,153,8,,,A,,,True,,,,https://exemple-images.test/AN-ZU38SR79/1.jpg; https://exemple-images.test/AN-ZU38SR79/2.jpg; https://exemple-images.test/AN-ZU38SR79/3.jpg; https://exemple-images.test/AN-ZU38SR79/4.jpg,,,,,1885,,,,,,True,True
1fabd136-5ff6-4f60-8350-eea73e5dc04f,AN-D1DH5OYG,REC-CD5PL9OF,Château,Château rénové à Marseille,Marseille,13000,02-23-2026,78155,,4,,True,B,"Château à rafraîchir de 101 m² situé à Marseille. Cave et parking inclus. Proche de toutes commodités, transports et écoles. À visiter sans tarder.",,True,,0041443157,,https://exemple-images.test/AN-D1DH5OYG/1.jpg,,,,101,1995,,43.285861,5.355559,,,,True
b3ae0fce-308a-4995-a2e6-525d2dcfce62,AN-XX20B0VW,REC-CD5PL9OF,Château,Château spacieux à Marseille,Marseille,13000,1782682185,80160,116,8,,True,A,"Château en excellent état de 116 m² situé à Marseille. Cave et parking inclus. Proche de toutes commodités, transports et écoles. À visiter sans tarder.",,True,,,contact61@example.com,,,,,,,,,,2,,True,True
c56bed4b-ff00-461e-b291-efb5c8bbee0f,AN-AWOWKSKO,REC-CD5PL9OF,Château,Château rénové à Marseille,Marseille,13000,2024-10-14,118775,146,4,,,E,"Château atypique de 146 m² situé à Marseille. Proche de toutes commodités, transports et écoles. À visiter sans tarder.",,,,,contact61@example.com,,True,Century Habitat,,,1867,,43.251912,5.389398,,196.0,True,True
43b61092-263a-4643-9ef0-1f3412b3fdf5,AN-GCNFBY5N,REC-CD5PL9OF,Château,Château à rafraîchir à Marseille,Marseille,13000,2 mai 2026,96967,116,4,,True,A,,,,,,,,,,,,,42 place de la Mairie,,,5,,,True
bf4725e1-9e23-44f4-8056-dcc10e06ff0f,AN-9YA9OIP9,REC-CD5PL9OF,Château,Château au calme à Marseille,Marseille,13000,1778122185,102423 €,139,7,,,A,"Château charmant de 139 m² situé à Marseille. Proche de toutes commodités, transports et écoles. À visiter sans tarder.",,,Marc Faure,0637357651,marc.faure63@example.com,,False,,,,1970,135 impasse des Lilas,43.304973,5.417158,,,,True
2a47a97e-fe0c-42a0-a73e-7c9109fa182f,AN-SMRJPWE9,REC-CD5PL9OF,Château,Château spacieux à Marseille,Marseille,13000,25 octobre 2024,99396,105,6,,,A,"Château lumineux de 105 m² situé à Marseille. Proche de toutes commodités, transports et écoles. À visiter sans tarder.",,True,,0736272577,,,,Toit & Vous,,,,125 place de la Mairie,,,RDC,,True,True
97801a8a-7b44-43de-b167-b9483ab44010,AN-N07ZPULX,REC-CD5PL9OF,Château,Château de standing à Marseille,Marseille,13000,08-06-2026,83021,33,8,0,True,A,"Château en excellent état de 33 m² situé à Marseille. Cave et parking inclus. Proche de toutes commodités, transports et écoles. À visiter sans tarder. Travaux à prévoir.",,True,,,,,True,,,,,,,,,160.3,True,True
9469d494-d317-4e71-87ed-e74fca354cd1,AN-Y59KLHOO,REC-CD5PL9OF,Château,Château spacieux à Marseille,Marseille,13000,09-12-2024,78855 €,128,7,,,A,"Château rénové de 128 m² situé à Marseille. Cave et parking inclus. Proche de toutes commodités, transports et écoles. À visiter sans tarder.",,True,Claire Faure,0346387715,claire.faure2@example.com,,,,,,,18 rue de la République,43.319728,5.341809,,,,True
1ccfb242-6235-4d71-a4d5-e25d015b4541,AN-24SVSNJL,REC-CD5PL9OF,Château,Château charmant à Marseille,Marseille,13000,1724769885,106061,146,4,1,,A,"Château en excellent état de 146 m² situé à Marseille. Proche de toutes commodités, transports et écoles. À visiter sans tarder.",,True,Ahmed Dubois,0430254928,,https://exemple-images.test/AN-24SVSNJL/1.jpg; https://exemple-images.test/AN-24SVSNJL/2.jpg; https://exemple-images.test/AN-24SVSNJL/3.jpg; https://exemple-images.test/AN-24SVSNJL/4.jpg; https://exemple-images.test/AN-24SVSNJL/5.jpg,,Century Habitat,,,2012,98 rue du Commerce,43.292558,5.368968,dernier étage,,True,True
859868ab-7745-4578-9fcc-fc6885d64c5b,AN-FW9DWPZK,REC-CD5PL9OF,Château,Château à rafraîchir à Marseille,Marseille,13000,06-20-2025,121034,52,8,,True,A,"Château en excellent état de 52 m² situé à Marseille. Proche de toutes commodités, transports et écoles. À visiter sans tarder.",,True,,0537134352,contact72@example.com,,,Nid Doré,,,,,,,4,259.31,True,True
95392d76-d1c9-416e-9d04-a27bd3dd71ff,AN-9NU8ASH0,REC-CD5PL9OF,Château,Château de standing à Marseille,Marseille,13000,2026-05-28,134956,42,4,,,A,"Château avec vue dégagée de 42 m² situé à Marseille. Proche de toutes commodités, transports et écoles. À visiter sans tarder.",,True,Jean Faure,,jean.faure85@example.com,,False,,,,,,,,1,,True,
cdef003e-00a3-4134-909c-618a916f7b1f,AN-692UDVKS,REC-CD5PL9OF,Château,Château à rafraîchir à Marseille,Marseille,13000,03-18-2026,103152,36,8,,,,"Château à rafraîchir de 36 m² situé à Marseille. Proche de toutes commodités, transports et écoles. À visiter sans tarder.",,True,,0277971579,contact45@example.com,,,,True,,,79 chemin des Vignes,43.29087,5.386118,0,,True,True
16338b51-71eb-4688-87c5-edee6c6fb1c7,AN-U1Y41DE4,REC-CD5PL9OF,Château,Château atypique à Marseille,Marseille,13000,2025-07-08T03:35:45,75349,88,7,3,,A,,,,Julie Fontaine,0070951506,julie.fontaine92@example.com,,,,,,,,,,3,,True,True
1575800b-3fbe-44cb-b800-67c1c931259d,AN-A7DQH207,REC-CD5PL9OF,Château,Château lumineux à Marseille,Marseille,13000,05-11-2025,104910,83,6,,True,A,"Château à rafraîchir de 83 m² situé à Marseille. Proche de toutes commodités, transports et écoles. À visiter sans tarder.",,True,,,contact60@example.com,,True,,,,,,43.31518,5.373117,0,,True,True
f595ac9c-75c7-4687-a7f2-05c768c187bf,AN-H9XT08R9,REC-CD5PL9OF,Château,Château atypique à Marseille,Marseille,13000,2025-01-22,127014 €,86,8,,,A,"Château en excellent état de 86 m² situé à Marseille. Proche de toutes commodités, transports et écoles. À visiter sans tarder.",,True,Sophie Faure,,sophie.faure45@example.com,https://exemple-images.test/AN-H9XT08R9/1.jpg; https://exemple-images.test/AN-H9XT08R9/2.jpg,False,,,,,189 rue Pasteur,,,1,,True,
4fe66e3b-6bb8-467f-9340-ad403b29d5a1,AN-D58EKB57,REC-CD5PL9OF,Château,Château lumineux à Marseille,Marseille,13000,1736737305,111172,167,8,4,,A,,,True,Julie Faure,,,,False,,,,1920,,43.334995,5.321488,dernier étage,177.56,True,True
6e2a78f5-86a9-4a77-b6f7-f385d5a64c20,AN-ALA8JV1D,REC-CD5PL9OF,Château,Château charmant à Marseille,Marseille,13000,1775553705,80944,71,6,,,A,,,True,Jean Perrin,0870873141,jean.perrin25@example.com,https://exemple-images.test/AN-ALA8JV1D/1.jpg; https://exemple-images.test/AN-ALA8JV1D/2.jpg,True,,,,1912,,,,2,,True,True
a35fb6d2-67fb-42aa-b6db-aefa9813b67e,AN-IRIQJMHE,REC-CD5PL9OF,Château,Château charmant à Marseille,Marseille,13000,07-10-2025,128375,,6,,,A,"Château spacieux de 79 m² situé à Marseille. Proche de toutes commodités, transports et écoles. À visiter sans tarder.",,True,,,,https://exemple-images.test/AN-IRIQJMHE/1.jpg; https://exemple-images.test/AN-IRIQJMHE/2.jpg; https://exemple-images.test/AN-IRIQJMHE/3.jpg,,,,79,1923,61 rue Victor Hugo,,,,,True,True
29bf7a81-70d7-457a-8fed-f1bab65beb6d,AN-WHFIDFQQ,REC-CD5PL9OF,Château,Château atypique à Marseille,Marseille,13000,18/12/2024,144337,142,5,2,,C,,,True,,,contact66@example.com,https://exemple-images.test/AN-WHFIDFQQ/1.jpg; https://exemple-images.test/AN-WHFIDFQQ/2.jpg; https://exemple-images.test/AN-WHFIDFQQ/3.jpg,False,Clé en Main Immo,,,,,,,,,True,True
f6a17bf5-0f2d-43b6-918e-e3c97c460c4d,AN-Z8E2R9RX,REC-CD5PL9OF,Château,Château spacieux à Marseille,Marseille,13000,21/10/2024,114336,72,7,,,A,,,True,Jean Roche,0349914736,,https://exemple-images.test/AN-Z8E2R9RX/1.jpg; https://exemple-images.test/AN-Z8E2R9RX/2.jpg; https://exemple-images.test/AN-Z8E2R9RX/3.jpg; https://exemple-images.test/AN-Z8E2R9RX/4.jpg; https://exemple-images.test/AN-Z8E2R9RX/5.jpg,,,,,,88 impasse des Lilas,43.285533,5.40135,4,,True,True
b392d25b-5311-40ea-b06a-4bdbdcc5521c,AN-J4ZY3C9D,REC-CD5PL9OF,Château,Château au calme à Marseille,Marseille,13000,1748146305,93913,50,8,5,True,A,"Château de standing de 50 m² situé à Marseille. Proche de toutes commodités, transports et écoles. À visiter sans tarder.",,,Karim Fontaine,,karim.fontaine55@example.com,,,Clé en Main Immo,,,1982,,,,,,True,
8b292100-bfca-419f-8bbe-17fc9b067f55,AN-GGM4APVZ,REC-CD5PL9OF,Château,Château lumineux à Marseille,Marseille,13000,27 février 2026,134095,53,5,4,,,"Château atypique de 53 m² situé à Marseille. Cave et parking inclus. Proche de toutes commodités, transports et écoles. À visiter sans tarder.",,,Luc Bernard,0553714017,,,,,,,,197 avenue des Champs,,,,,,
17ab64ae-0def-4386-b170-ddfeb4e88731,AN-DZXFGSBU,REC-CD5PL9OF,Château,Château spacieux à Marseille,Marseille,13000,1752614805,116208,22,6,,False,A,"Château charmant de 22 m² situé à Marseille. Cave et parking inclus. Proche de toutes commodités, transports et écoles. À visiter sans tarder.",,,,,contact58@example.com,https://exemple-images.test/AN-DZXFGSBU/1.jpg,,,,,,,43.288623,5.358862,5,,True,True
8c2b35e2-d17d-4b56-af59-ad050221cde9,AN-0M3G9I8M,REC-CD5PL9OF,Château,Château à rafraîchir à Marseille,Marseille,13000,20 décembre 2024,78974,61,8,,,A,"Château en excellent état de 61 m² situé à Marseille. Proche de toutes commodités, transports et écoles. À visiter sans tarder.",,,Ahmed Roche,0877243454,ahmed.roche55@example.com,,,,,,,111 allée des Platanes,,,,,,True
75f0bfad-c57f-41cc-97e5-2ff41d196a52,AN-DZJ4DKYG,REC-CD5PL9OF,Château,Château au calme à Marseille,Marseille,13000,2025-12-19T03:37:45,119588,37,7,,,A,"Château rénové de 37 m² situé à Marseille. Proche de toutes commodités, transports et écoles. À visiter sans tarder.",,True,Marc Bernard,0563096004,marc.bernard4@example.com,,,,,,,164 chemin des Vignes,43.320468,5.348648,,262.02,True,True
8abe2c8a-733f-4876-8e4c-296caf51168d,AN-1SMESJMZ,REC-CD5PL9OF,Château,Château en excellent état à Marseille,Marseille,13000,05/10/2024,138871,,5,3,False,A,"Château atypique de 83 m² situé à Marseille. Proche de toutes commodités, transports et écoles. À visiter sans tarder. Travaux à prévoir.",,True,Karim Lefevre,0211833307,,https://exemple-images.test/AN-1SMESJMZ/1.jpg,,Toit & Vous,,83,,37 rue Victor Hugo,43.26711,5.380686,dernier étage,,True,True
e96edf0a-dbfc-409f-a23a-b84e15f274d8,AN-L9ICHDS3,REC-CD5PL9OF,Château,Château atypique à Marseille,Marseille,13000,24 février 2025,110129,95,7,2,True,D,"Château avec vue dégagée de 95 m² situé à Marseille. Cave et parking inclus. Proche de toutes commodités, transports et écoles. À visiter sans tarder.",,True,Jean Moreau,0536598342,jean.moreau17@example.com,,False,,,,,,43.291749,5.320675,,,True,
680ed870-d6d4-40bb-86a8-51baef03e4e0,AN-5LAWWYB8,REC-CD5PL9OF,Château,Château à rafraîchir à Marseille,Marseille,13000,1734915825,126913,120,5,2,True,A,"Château atypique de 120 m² situé à Marseille. Proche de toutes commodités, transports et écoles. À visiter sans tarder.",,,,,,https://exemple-images.test/AN-5LAWWYB8/1.jpg; https://exemple-images.test/AN-5LAWWYB8/2.jpg; https://exemple-images.test/AN-5LAWWYB8/3.jpg,,ImmoPlus,,,2012,81 chemin des Vignes,43.314727,5.384809,,,True,True
9ca4bf1c-b310-4fa1-9b72-d1777958db50,AN-KSME6Q97,REC-CD5PL9OF,Château,Château spacieux à Marseille,Marseille,13000,1732630485,83588,22,8,0,,A,"Château à rafraîchir de 22 m² situé à Marseille. Proche de toutes commodités, transports et écoles. À visiter sans tarder.",,True,Ahmed Bernard,0957575443,ahmed.bernard54@example.com,https://exemple-images.test/AN-KSME6Q97/1.jpg; https://exemple-images.test/AN-KSME6Q97/2.jpg; https://exemple-images.test/AN-KSME6Q97/3.jpg; https://exemple-images.test/AN-KSME6Q97/4.jpg,,,,,1919,,,,,,,True
2ef9def5-d216-49a0-857a-863963752f60,AN-JPYG87F0,REC-CD5PL9OF,Château,Château atypique à Marseille,Marseille,13000,2025-03-03,131602,117,4,4,,A,"Château à rafraîchir de 117 m² situé à Marseille. Cave et parking inclus. Proche de toutes commodités, transports et écoles. À visiter sans tarder.",,True,Marie Faure,0914286058,marie.faure2@example.com,,False,Clé en Main Immo,,,,195 quai de la Loire,43.285063,5.373836,3,,,True
a7ede75e-0daf-42e0-b87f-8daec9682a25,AN-CWEUEB5X,REC-CD5PL9OF,Château,Château lumineux à Marseille,Marseille,13000,2024-09-10T10:45:45,140075,161,8,,,A,"Château à rafraîchir de 161 m² situé à Marseille. Cave et parking inclus. Proche de toutes commodités, transports et écoles. À visiter sans tarder.",,True,Luc Lefevre,0826995175,luc.lefevre52@example.com,,True,ImmoPlus,,,,113 chemin des Vignes,43.312114,5.411032,,,True,True
f7b3ef2b-c25e-4a56-92b4-7cef239677b0,AN-8TV086L6,REC-CD5PL9OF,Château,Château charmant à Marseille,Marseille,13000,10-30-2024,72649 €,71,7,,,A,"Château lumineux de 71 m² situé à Marseille. Cave et parking inclus. Proche de toutes commodités, transports et écoles. À visiter sans tarder.",,True,Marc Moreau,0484839262,,,,,,,,27 allée des Platanes,,,4,,True,
75aa734d-6c5a-4e9c-872c-d8d88a01025f,AN-MSMUL13E,REC-CD5PL9OF,Château,Château rénové à Marseille,Marseille,13000,2025-04-27T15:32:45,77814,106,6,5,,A,"Château de standing de 106 m² situé à Marseille. Proche de toutes commodités, transports et écoles. À visiter sans tarder.",,True,Claire Martin,0023615886,claire.martin45@example.com,,,,,,1885,79 impasse des Lilas,43.259093,5.355827,,316.38,True,True
6d1dd8f8-9f2b-4e83-9a13-df402ccb2e10,AN-2SW9X1EX,REC-CD5PL9OF,Château,Château à rafraîchir à Marseille,Marseille,13000,1769198145,122604,83,7,3,False,A,"Château lumineux de 83 m² situé à Marseille. Cave et parking inclus. Proche de toutes commodités, transports et écoles. À visiter sans tarder. Travaux à prévoir.",,True,Karim Perrin,0237266557,,,,Clé en Main Immo,,,,,43.330279,5.338539,0,365.56,,True
42608dcb-891a-4799-9306-0869cba8e7cb,AN-RTT3JZVP,REC-CD5PL9OF,Château,Château spacieux à Marseille,Marseille,13000,15/04/2026,126019 €,51,8,,True,A,"Château lumineux de 51 m² situé à Marseille. Proche de toutes commodités, transports et écoles. À visiter sans tarder.",,,Jean Bernard,0764352640,jean.bernard86@example.com,https://exemple-images.test/AN-RTT3JZVP/1.jpg; https://exemple-images.test/AN-RTT3JZVP/2.jpg; https://exemple-images.test/AN-RTT3JZVP/3.jpg; https://exemple-images.test/AN-RTT3JZVP/4.jpg,True,,,,1934,115 avenue des Champs,,,3,190.11,True,True
9185cf72-56e3-4b7f-b11c-0b343774ef0a,AN-K4ESF4R4,REC-CD5PL9OF,Château,Château rénové à Marseille,Marseille,13000,02-21-2025,105433,88,7,,,A,"Château de standing de 88 m² situé à Marseille. Cave et parking inclus. Proche de toutes commodités, transports et écoles. À visiter sans tarder.",,True,,0440078700,,,,Clé en Main Immo,True,,,,43.247105,5.360118,4,81.78,True,True
ab237bf5-e0a1-49fa-b0ce-1f7ea9a80fe0,AN-GWVDI9RU,REC-CD5PL9OF,Château,Château de standing à Marseille,Marseille,13000,12-25-2025,85367,166,8,,,A,"Château de standing de 166 m² situé à Marseille. Proche de toutes commodités, transports et écoles. À visiter sans tarder. Travaux à prévoir.",,True,Claire Fontaine,,,,,,,,1926,,43.313109,5.368508,1,,,True
c0c5f76e-2856-4c71-8e15-9cfa860c750e,AN-9YYUOF3E,REC-CD5PL9OF,Château,Château spacieux à Marseille,Marseille,13000,2025-05-04,144042,126,5,,False,A,,,True,Claire Faure,0317750621,,https://exemple-images.test/AN-9YYUOF3E/1.jpg; https://exemple-images.test/AN-9YYUOF3E/2.jpg; https://exemple-images.test/AN-9YYUOF3E/3.jpg,True,Nid Doré,,,2006,,,,5,,True,True
7a08ac53-0a8c-4fcc-8ded-754bb076866c,AN-6MOMHZG4,REC-CD5PL9OF,Château,Château en excellent état à Marseille,Marseille,13000,28/11/2025,102183,33,5,,,A,"Château à rafraîchir de 33 m² situé à Marseille. Proche de toutes commodités, transports et écoles. À visiter sans tarder.",,True,,0461856882,contact99@example.com,,,,,,,,43.287007,5.348705,,288.65,True,True
e036fbda-703e-4a00-830e-8e2550a8532a,AN-AV6E905Y,REC-CD5PL9OF,Château,Château lumineux à Marseille,Marseille,13000,23 mai 2026,82785,114,8,3,,,"Château spacieux de 114 m² situé à Marseille. Proche de toutes commodités, transports et écoles. À visiter sans tarder. Travaux à prévoir.",,True,Nadia Moreau,0525434696,nadia.moreau84@example.com,,,,,,1860,,,,,,True,True
15281b7b-2bcc-4a3c-bdc2-7053cafbcd24,AN-BUDX5FTN,REC-CD5PL9OF,Château,Château atypique à Marseille,Marseille,13000,2026-06-10,121616,73,4,,,A,"Château avec vue dégagée de 73 m² situé à Marseille. Proche de toutes commodités, transports et écoles. À visiter sans tarder.",,True,,,contact33@example.com,,,,True,,,129 boulevard Gambetta,,,,,True,
a03282e0-899e-43f8-b7d1-416ac8ee4530,AN-F9OG5HBN,REC-CD5PL9OF,Château,Château au calme à Marseille,Marseille,13000,2025-10-24,113976,169,5,,,A,"Château de standing de 169 m² situé à Marseille. Cave et parking inclus. Proche de toutes commodités, transports et écoles. À visiter sans tarder.",,True,,0893723673,contact7@example.com,https://exemple-images.test/AN-F9OG5HBN/1.jpg; https://exemple-images.test/AN-F9OG5HBN/2.jpg,,,,,,,43.314377,5.371444,5,,,True
d1e3380d-b1f9-48f8-9812-5fda9a39c12f,AN-4G1PZ20Z,REC-CD5PL9OF,Château,Château rénové à Marseille,Marseille,13000,1749604485,137484,171,4,3,,A,"Château de standing de 171 m² situé à Marseille. Proche de toutes commodités, transports et écoles. À visiter sans tarder.",,True,Marie Martin,,marie.martin48@example.com,,False,ImmoPlus,,,,163 rue de la République,,,5,,True,True
059171de-e623-4c28-9079-446db0905310,AN-5SQZHLAQ,REC-CD5PL9OF,Château,Château de standing à Marseille,Marseille,13000,12/07/2025,108203,87,8,,True,A,"Château avec vue dégagée de 87 m² situé à Marseille. Proche de toutes commodités, transports et écoles. À visiter sans tarder.",,True,Nadia Perrin,,nadia.perrin17@example.com,,True,,,,2007,194 rue du Commerce,,,,,True,
ee641f56-8005-4c43-8da7-b924236f4b4e,AN-W9VAGTEP,REC-CD5PL9OF,Château,Château lumineux à Marseille,Marseille,13000,2024-09-19T15:27:45,107340,101,7,,False,A,,,,Marie Fontaine,0369826136,marie.fontaine66@example.com,,False,Toit & Vous,,,,33 impasse des Lilas,,,,,True,True
1857305d-7297-4961-8a4e-0db789aa3466,AN-SRCSP4VV,REC-CD5PL9OF,Château,Château avec vue dégagée à Marseille,Marseille,13000,2024-12-29,96127,69,5,,False,A,"Château au calme de 69 m² situé à Marseille. Proche de toutes commodités, transports et écoles. À visiter sans tarder.",,True,Marc Bernard,,marc.bernard69@example.com,,False,,,,,159 rue Jean Jaurès,43.29144,5.375768,4,268.8,True,True
f708dd9f-8525-46b8-ba79-ed54b40593fa,AN-VLDM0YFC,REC-CD5PL9OF,Château,Château charmant à Marseille,Marseille,13000,1737366765,81853,52,6,,,A,"Château de standing de 52 m² situé à Marseille. Cave et parking inclus. Proche de toutes commodités, transports et écoles. À visiter sans tarder. Travaux à prévoir.",,True,,0279644197,contact24@example.com,https://exemple-images.test/AN-VLDM0YFC/1.jpg; https://exemple-images.test/AN-VLDM0YFC/2.jpg; https://exemple-images.test/AN-VLDM0YFC/3.jpg,True,ImmoPlus,,,1903,,,,RDC,,True,True
63984427-a403-4926-83a9-df64e39b4320,AN-U4HODMSD,REC-CD5PL9OF,Château,Château au calme à Marseille,Marseille,13000,2026-08-08T18:53:45,125724,84,4,,,E,"Château à rafraîchir de 84 m² situé à Marseille. Proche de toutes commodités, transports et écoles. À visiter sans tarder.",,,Sophie Lefevre,,,https://exemple-images.test/AN-U4HODMSD/1.jpg; https://exemple-images.test/AN-U4HODMSD/2.jpg,False,,,,1917,,43.339779,5.363578,,,True,True
20cfe1cf-e236-4562-a54c-c589388b175e,AN-4FB49VXS,REC-CD5PL9OF,Château,Château de standing à Marseille,Marseille,13000,08/01/2026,72798,115,6,,False,A,"Château lumineux de 115 m² situé à Marseille. Proche de toutes commodités, transports et écoles. À visiter sans tarder.",,True,,0681723544,contact47@example.com,,,,,,1970,168 place de la Mairie,43.279642,5.39169,,50.9,,True
6148d075-04da-4033-8482-bb2fb7946980,AN-W8YK7JPT,REC-CD5PL9OF,Château,Château avec vue dégagée à Marseille,Marseille,13000,24 mars 2026,108562,,6,,,A,"Château rénové de 157 m² situé à Marseille. Proche de toutes commodités, transports et écoles. À visiter sans tarder. Travaux à prévoir.",,True,,0042840783,,,,,True,157,,186 rue de la République,43.332058,5.403282,4,,True,True
d0080d35-8992-4e95-8877-ae30824edc26,AN-GQ33DNU5,REC-CD5PL9OF,Château,Château en excellent état à Marseille,Marseille,13000,02-17-2026,130031,88,7,2,,A,"Château de standing de 88 m² situé à Marseille. Proche de toutes commodités, transports et écoles. À visiter sans tarder.",,True,Ahmed Girard,0672953113,,,,,,,,170 rue du Commerce,43.318229,5.334471,3,,True,True
5b5051cd-1589-47e8-96aa-92e51daf46f5,AN-3CHL3J0U,REC-CD5PL9OF,Château,Château charmant à Marseille,Marseille,13000,2025-04-01,88395,64,8,,False,A,"Château de standing de 64 m² situé à Marseille. Proche de toutes commodités, transports et écoles. À visiter sans tarder.",,True,Nadia Martin,,,,True,Toit & Vous,,,,46 chemin des Vignes,43.295508,5.356689,5,273.32,True,True
7a7c981d-312f-4344-8d5d-61d7f31e6c75,AN-T02WNPZW,REC-CD5PL9OF,Château,Château à rafraîchir à Marseille,Marseille,13000,1776457785,98887,133,4,3,,A,"Château lumineux de 133 m² situé à Marseille. Cave et parking inclus. Proche de toutes commodités, transports et écoles. À visiter sans tarder.",,True,,,,,,,,,,117 boulevard Gambetta,,,RDC,,True,
d21ece26-717d-480a-ba6f-ee281615d33c,AN-W1VX1OBV,REC-CD5PL9OF,Château,Château à rafraîchir à Marseille,Marseille,13000,01-11-2025,135365,155,5,1,,A,"Château atypique de 155 m² situé à Marseille. Proche de toutes commodités, transports et écoles. À visiter sans tarder.",,True,Karim Girard,0142158377,karim.girard9@example.com,,False,ImmoPlus,,,1984,,,,3,,True,True
03c70d5e-b68c-43e5-88fc-25b71c8369f4,AN-E4U2SDVJ,REC-CD5PL9OF,Château,Château spacieux à Marseille,Marseille,13000,1758989745,81646,133,6,1,,A,"Château charmant de 133 m² situé à Marseille. Cave et parking inclus. Proche de toutes commodités, transports et écoles. À visiter sans tarder.",,True,Julie Lefevre,0100491233,julie.lefevre6@example.com,https://exemple-images.test/AN-E4U2SDVJ/1.jpg,,Toit & Vous,,,,119 boulevard Gambetta,,,4,,True,
9ea46cd5-b822-4aa0-90b8-72259337aca3,AN-J4FUF9Y8,REC-CD5PL9OF,Château,Château de standing à Marseille,Marseille,13000,2026-08-08,100026,108,7,1,,A,"Château atypique de 108 m² situé à Marseille. Proche de toutes commodités, transports et écoles. À visiter sans tarder. Travaux à prévoir.",,True,,0921195582,contact57@example.com,https://exemple-images.test/AN-J4FUF9Y8/1.jpg,,ImmoPlus,,,1934,161 rue Jean Jaurès,,,4,,True,True
75bd063d-b8f3-41fa-bef3-f087a78e25c4,AN-0QFF6P2S,REC-CD5PL9OF,Château,Château spacieux à Marseille,Marseille,13000,2025-10-24T20:26:45,94454,,4,,,A,"Château à rafraîchir de 168 m² situé à Marseille. Proche de toutes commodités, transports et écoles. À visiter sans tarder.",,True,Jean Bernard,,jean.bernard20@example.com,https://exemple-images.test/AN-0QFF6P2S/1.jpg,True,,,168,1958,146 allée des Platanes,43.29498,5.378964,1,,True,True
230e0af7-e09d-43f5-8bed-e5da67e3b3b7,AN-3PUJW3OW,REC-CD5PL9OF,Château,Château charmant à Marseille,Marseille,13000,2024-12-29T08:08:45,124138,126,8,5,,A,"Château au calme de 126 m² situé à Marseille. Proche de toutes commodités, transports et écoles. À visiter sans tarder.",,True,Claire Dubois,0444318314,claire.dubois54@example.com,https://exemple-images.test/AN-3PUJW3OW/1.jpg,True,Century Habitat,,,,61 rue Pasteur,43.26328,5.344841,dernier étage,152.59,True,True
ae3d71ed-9a1e-46d1-affc-419c355ba92a,AN-MQ3HP4W3,REC-CD5PL9OF,Château,Château de standing à Marseille,Marseille,13000,1735327425,124200,131,4,5,,A,"Château spacieux de 131 m² situé à Marseille. Proche de toutes commodités, transports et écoles. À visiter sans tarder. Travaux à prévoir.",,True,Claire Girard,0749757149,,https://exemple-images.test/AN-MQ3HP4W3/1.jpg; https://exemple-images.test/AN-MQ3HP4W3/2.jpg,False,,,,,,,,,,,True
c7e4e960-1920-470a-9f70-2f7673039223,AN-GNLP8N8Z,REC-CD5PL9OF,Château,Château rénové à Marseille,Marseille,13000,11-10-2025,118508,34,6,2,,G,,,,,0298874957,,,True,,,,,,,,,,True,True
05dfdcc6-83ba-4fcd-b2b1-4f4d512cf706,AN-L2XDZWXD,REC-CD5PL9OF,Château,Château au calme à Marseille,Marseille,13000,14/09/2024,101448,159,7,0,,A,"Château atypique de 159 m² situé à Marseille. Proche de toutes commodités, transports et écoles. À visiter sans tarder. Travaux à prévoir.",,True,Luc Perrin,0911088504,,,,,,,,,,,,,True,True
66fac4bd-6a25-4096-bb12-9e088c98344e,AN-2UI4RULL,REC-CD5PL9OF,Château,Château avec vue dégagée à Marseille,Marseille,13000,1755660825,133648,134,8,3,,,"Château avec vue dégagée de 134 m² situé à Marseille. Cave et parking inclus. Proche de toutes commodités, transports et écoles. À visiter sans tarder.",,True,Marie Girard,0320480652,,,,Clé en Main Immo,True,,2008,148 rue du Commerce,43.264276,5.334563,5,,True,True
be55a45d-b54e-44e2-8463-ecc5d28e38bb,AN-EK34YU8J,REC-CD5PL9OF,Château,Château atypique à Marseille,Marseille,13000,2025-11-11T16:31:45,98818,42,7,,,A,"Château lumineux de 42 m² situé à Marseille. Cave et parking inclus. Proche de toutes commodités, transports et écoles. À visiter sans tarder.",,True,,0813698470,contact76@example.com,,False,Provence Immobilier,,,,189 impasse des Lilas,43.254754,5.323027,,252.41,True,True
b331f2cf-6f29-4474-b4d0-bd2bee3065ec,AN-L2KORQS3,REC-CD5PL9OF,Château,Château au calme à Marseille,Marseille,13000,2025-12-06T00:43:45,134409,158,6,,,A,"Château lumineux de 158 m² situé à Marseille. Cave et parking inclus. Proche de toutes commodités, transports et écoles. À visiter sans tarder.",,True,Ahmed Fontaine,,ahmed.fontaine98@example.com,,,,,,,39 quai de la Loire,,,2,,True,
05d80df4-ff40-45c2-8de8-acb4c76537bf,AN-1COH0OIG,REC-CD5PL9OF,Château,Château charmant à Marseille,Marseille,13000,1785636105,94937,166,7,2,,A,"Château atypique de 166 m² situé à Marseille. Proche de toutes commodités, transports et écoles. À visiter sans tarder.",,,,0758661510,contact56@example.com,,,,True,,,69 rue du Commerce,,,dernier étage,,True,True
2040e5b0-1ad5-4f86-ba66-f5f522240efa,AN-7FN42TC8,REC-CD5PL9OF,Château,Château atypique à Marseille,Marseille,13000,2024-11-17T17:25:45,120309,140,4,5,,A,"Château de standing de 140 m² situé à Marseille. Proche de toutes commodités, transports et écoles. À visiter sans tarder. Travaux à prévoir.",,True,Luc Fontaine,,,,,,,,1943,157 rue du Commerce,43.317738,5.390026,5,,True,True
651fa540-d50e-4aab-ab20-fa9a2e81ea9f,AN-DL8Z6LTJ,REC-CD5PL9OF,Château,Château à rafraîchir à Marseille,Marseille,13000,1737899865,75045,164,8,3,,,"Château spacieux de 164 m² situé à Marseille. Proche de toutes commodités, transports et écoles. À visiter sans tarder.",,True,Claire Lefevre,0866955738,,,False,Nid Doré,,,1924,,43.267424,5.325984,5,,True,True
543b04f8-8097-4334-87fa-1ffbf5a6593e,AN-Z1RR0WJH,REC-CD5PL9OF,Château,Château de standing à Marseille,Marseille,13000,10-19-2025,88991,61,8,,True,A,"Château lumineux de 61 m² situé à Marseille. Proche de toutes commodités, transports et écoles. À visiter sans tarder.",,True,Luc Martin,0894781200,luc.martin96@example.com,,False,,,,,,43.328203,5.339022,5,154.78,True,True
e3657909-d14e-45e1-8b62-0a71c32fc4b5,AN-91Q1ADQQ,REC-CD5PL9OF,Château,Château spacieux à Marseille,Marseille,13000,1781916765,116322,53,5,5,False,,"Château charmant de 53 m² situé à Marseille. Cave et parking inclus. Proche de toutes commodités, transports et écoles. À visiter sans tarder.",,True,Claire Girard,0336822650,,,,,True,,2002,,43.253874,5.347375,2,,True,True
c9afbee4-17c4-4dec-b03f-4c80d148e1dd,AN-COQK58CZ,REC-CD5PL9OF,Château,Château au calme à Marseille,Marseille,13000,1755302985,127108,94,5,0,,,"Château rénové de 94 m² situé à Marseille. Proche de toutes commodités, transports et écoles. À visiter sans tarder. Travaux à prévoir.",,True,Marie Lefevre,,marie.lefevre87@example.com,,True,Provence Immobilier,,,,86 quai de la Loire,,,,,True,True
d9098452-643c-4721-86a6-af63e9ba4748,AN-449HZ9PM,REC-CD5PL9OF,Château,Château charmant à Marseille,Marseille,13000,08-07-2025,112943,76,7,3,,A,"Château rénové de 76 m² situé à Marseille. Cave et parking inclus. Proche de toutes commodités, transports et écoles. À visiter sans tarder.",,True,Claire Fontaine,0974140654,claire.fontaine27@example.com,https://exemple-images.test/AN-449HZ9PM/1.jpg; https://exemple-images.test/AN-449HZ9PM/2.jpg; https://exemple-images.test/AN-449HZ9PM/3.jpg; https://exemple-images.test/AN-449HZ9PM/4.jpg,,Nid Doré,,,,199 rue Pasteur,43.251294,5.341287,,,True,True
9b6618bb-c7df-4c99-8315-672a3bc008ae,AN-KT9N0GDR,REC-CD5PL9OF,Château,Château au calme à Marseille,Marseille,13000,09/12/2025,123178,137,5,0,,A,"Château de standing de 137 m² situé à Marseille. Proche de toutes commodités, transports et écoles. À visiter sans tarder.",,True,,0249184490,,,,,,,,28 allée des Platanes,43.248341,5.354996,3,,True,True
76c2d9df-9984-4c0f-a2ea-a85e61407059,AN-280WSQ1L,REC-CD5PL9OF,Château,Château rénové à Marseille,Marseille,13000,13/07/2026,132726,49,6,,,A,"Château rénové de 49 m² situé à Marseille. Proche de toutes commodités, transports et écoles. À visiter sans tarder.",,True,Jean Roche,0545589640,jean.roche96@example.com,https://exemple-images.test/AN-280WSQ1L/1.jpg; https://exemple-images.test/AN-280WSQ1L/2.jpg; https://exemple-images.test/AN-280WSQ1L/3.jpg; https://exemple-images.test/AN-280WSQ1L/4.jpg; https://exemple-images.test/AN-280WSQ1L/5.jpg,,Provence Immobilier,,,1994,,,,3,,True,True
98c717aa-d1ea-45f8-b826-46d6402a817a,AN-BYF30YHF,REC-CD5PL9OF,Château,Château rénové à Marseille,Marseille,13000,2026-07-16,90970 €,77,6,4,False,,"Château au calme de 77 m² situé à Marseille. Cave et parking inclus. Proche de toutes commodités, transports et écoles. À visiter sans tarder. Travaux à prévoir.",,True,Karim Dubois,0109248419,karim.dubois97@example.com,,,,,,,,43.259764,5.357568,,,True,True
0c626075-41d3-4d04-ac86-08f38a74bebb,AN-HEBH23SA,REC-CD5PL9OF,Château,Château au calme à Marseille,Marseille,13000,03-22-2026,85715,104,8,0,,A,"Château spacieux de 104 m² situé à Marseille. Proche de toutes commodités, transports et écoles. À visiter sans tarder.",,,,0253864419,,,,Clé en Main Immo,True,,,,,,,,,True
17cfb4f7-5834-456d-846c-08403a87f4fe,AN-VYIL6RXP,REC-CD5PL9OF,Château,Château avec vue dégagée à Marseille,Marseille,13000,1769625105,123168,133,7,,,A,"Château en excellent état de 133 m² situé à Marseille. Proche de toutes commodités, transports et écoles. À visiter sans tarder. Travaux à prévoir.",,True,Karim Perrin,0402348344,karim.perrin45@example.com,,,,,,1998,145 place de la Mairie,,,,,True,True
7a6c29bc-0c07-4d90-a04c-ea84488ac0fa,AN-NBNJ1DQA,REC-CD5PL9OF,Château,Château à rafraîchir à Marseille,Marseille,13000,2025-05-24T11:19:45,128777,57,6,0,True,A,"Château rénové de 57 m² situé à Marseille. Cave et parking inclus. Proche de toutes commodités, transports et écoles. À visiter sans tarder.",,True,Karim Moreau,0335244255,karim.moreau19@example.com,,,,,,,,,,,,True,True
84a5561d-83b2-4f7a-a352-6d800deb2e82,AN-VM8KJVHJ,REC-CD5PL9OF,Château,Château avec vue dégagée à Marseille,Marseille,13000,1781742705,130949,168,6,4,,A,"Château à rafraîchir de 168 m² situé à Marseille. Cave et parking inclus. Proche de toutes commodités, transports et écoles. À visiter sans tarder.",,True,Julie Lefevre,0702887559,,,,,True,,1944,55 impasse des Lilas,43.320098,5.408874,3,,True,True
cf35353b-5e17-49ad-b3e2-a4fd3f51d6c9,AN-NOGFXUXU,REC-CD5PL9OF,Château,Château atypique à Marseille,Marseille,13000,2024-09-13T03:13:45,117750,135,8,,,A,"Château avec vue dégagée de 135 m² situé à Marseille. Proche de toutes commodités, transports et écoles. À visiter sans tarder.",,True,,0960083696,contact16@example.com,,True,,,,1933,184 rue Jean Jaurès,43.293754,5.409071,4,166.46,True,True
61b5bc2c-655b-4b2e-afbb-2676f14fc427,AN-ZSS1S23Z,REC-CD5PL9OF,Château,Château atypique à Marseille,Marseille,13000,1775192385,143999 €,106,7,2,,A,"Château spacieux de 106 m² situé à Marseille. Proche de toutes commodités, transports et écoles. À visiter sans tarder. Travaux à prévoir.",,True,,,,,True,Century Habitat,,,,177 rue Victor Hugo,43.282763,5.407151,,,True,True
60426126-6a2d-49aa-a1b5-482c2f0bb316,AN-KPJ6Y1QJ,REC-CD5PL9OF,Château,Château spacieux à Marseille,Marseille,13000,08-26-2024,111258,152,4,,,A,"Château de standing de 152 m² situé à Marseille. Proche de toutes commodités, transports et écoles. À visiter sans tarder.",,True,Sophie Dubois,0390996083,sophie.dubois72@example.com,https://exemple-images.test/AN-KPJ6Y1QJ/1.jpg; https://exemple-images.test/AN-KPJ6Y1QJ/2.jpg; https://exemple-images.test/AN-KPJ6Y1QJ/3.jpg,False,Toit & Vous,,,1951,111 boulevard Gambetta,,,5,333.59,True,True
ca8562de-1c39-401a-a9a1-320b113c308b,AN-NSPRSOTH,REC-CD5PL9OF,Château,Château charmant à Marseille,Marseille,13000,17/10/2025,100908,94,4,1,True,A,"Château rénové de 94 m² situé à Marseille. Proche de toutes commodités, transports et écoles. À visiter sans tarder. Travaux à prévoir.",,True,,0568128604,contact74@example.com,,True,,,,,,43.248672,5.3844,,,True,True
d2d84b13-ec13-4678-ac2a-90a162f4b882,AN-C07PXUR8,REC-CD5PL9OF,Château,Château charmant à Marseille,Marseille,13000,1763146785,124754,,5,5,False,A,"Château avec vue dégagée de 130 m² situé à Marseille. Cave et parking inclus. Proche de toutes commodités, transports et écoles. À visiter sans tarder.",,,Sophie Moreau,0421314250,,https://exemple-images.test/AN-C07PXUR8/1.jpg; https://exemple-images.test/AN-C07PXUR8/2.jpg,,,,130,1852,,,,,,True,True
13661c75-cebe-4dcb-8e98-c69b91d5b0f5,AN-3BI9RXIH,REC-CD5PL9OF,Château,Château spacieux à Marseille,Marseille,13000,07/10/2025,77134,85,6,,,A,,,True,Nadia Dubois,,,,,,,,,,43.318324,5.369732,3,,,True
5bbca97d-0d9b-4ae3-8795-037277046ed4,AN-YLG09DHF,REC-CD5PL9OF,Château,Château rénové à Marseille,Marseille,13000,1750418265,84349,,4,2,,A,"Château lumineux de 43 m² situé à Marseille. Cave et parking inclus. Proche de toutes commodités, transports et écoles. À visiter sans tarder.",,True,Karim Fontaine,0218829026,,,,,,43,,,43.280643,5.367853,dernier étage,,True,
c0c2ce87-5097-40ea-bd13-9a9ef8a49ac7,AN-3OILQG13,REC-CD5PL9OF,Château,Château rénové à Marseille,Marseille,13000,1786901325,81179 €,145,8,,False,A,,,True,Karim Moreau,0408072476,karim.moreau77@example.com,,,,,,1911,,,,RDC,,,True
7643cbea-ddb8-4bf6-9f8a-6502b0c02ae6,AN-030Y5RR4,REC-CD5PL9OF,Château,Château de standing à Marseille,Marseille,13000,29/04/2025,94894,119,8,2,,A,"Château à rafraîchir de 119 m² situé à Marseille. Proche de toutes commodités, transports et écoles. À visiter sans tarder.",,True,,0892008971,,,True,Toit & Vous,,,,127 rue Jean Jaurès,43.257272,5.390005,RDC,,True,
61587bc6-d2f5-4905-a62d-fe2ca4bdb920,AN-DH7R79I2,REC-CD5PL9OF,Château,Château au calme à Marseille,Marseille,13000,03-24-2025,87145,91,8,1,True,A,"Château rénové de 91 m² situé à Marseille. Proche de toutes commodités, transports et écoles. À visiter sans tarder.",,True,Marie Faure,0133096663,,https://exemple-images.test/AN-DH7R79I2/1.jpg,,,,,,,43.345832,5.383451,,325.65,True,True
2c77be9c-67a9-4271-bdb1-435e5c0d8a66,AN-0EAP2VJU,REC-CD5PL9OF,Château,Château au calme à Marseille,Marseille,13000,10-28-2025,73037,118,6,,True,A,,,True,,0061720046,,,,,,,,,43.272762,5.412543,,,True,True
ca31d99b-0c2c-4369-85b2-cfd09debb894,AN-7UP09NFX,REC-CD5PL9OF,Château,Château lumineux à Marseille,Marseille,13000,08/07/2026,119841,140,4,4,,E,,,True,Marie Perrin,0651352669,marie.perrin24@example.com,,,Provence Immobilier,,,,188 boulevard Gambetta,,,,256.31,True,True
e8b8cd08-d6d9-49b9-bd0a-544fb7e1a06f,AN-9WZLI0YI,REC-CD5PL9OF,Château,Château en excellent état à Marseille,Marseille,13000,01-15-2025,114063,127,7,,,,"Château au calme de 127 m² situé à Marseille. Proche de toutes commodités, transports et écoles. À visiter sans tarder.",,True,,0180682853,,,,Clé en Main Immo,,,,,43.327496,5.354666,,,True,True
fc21dcce-1491-4573-a762-fdd0e360cc75,AN-YVY8PGJM,REC-CD5PL9OF,Château,Château à rafraîchir à Marseille,Marseille,13000,18/04/2025,75944,75,7,,True,,"Château spacieux de 75 m² situé à Marseille. Proche de toutes commodités, transports et écoles. À visiter sans tarder.",,True,Ahmed Lefevre,,ahmed.lefevre7@example.com,,,Century Habitat,,,,,,,2,,,True
67324ad7-0cda-4505-889e-601a7fb90e44,AN-EYO8X3PQ,REC-CD5PL9OF,Château,Château lumineux à Marseille,Marseille,13000,06-04-2026,73755,138,6,,,A,"Château rénové de 138 m² situé à Marseille. Cave et parking inclus. Proche de toutes commodités, transports et écoles. À visiter sans tarder. Travaux à prévoir.",,True,Ahmed Perrin,0672206712,,,,,True,,1922,46 place de la Mairie,43.301087,5.347159,RDC,,True,True
91a4e4ad-7c70-4b72-952a-cd35c82ef45f,AN-KBE5YW4R,REC-CD5PL9OF,Château,Château spacieux à Marseille,Marseille,13000,2025-05-25,108238,,6,,False,A,,,True,,0218207536,,,False,,,51,,,,,2,,True,
1c7dc054-0895-4dd1-8385-5ca604391546,AN-7S4VJFW2,REC-CD5PL9OF,Château,Château de standing à Marseille,Marseille,13000,11-03-2025,141113,,6,0,,A,"Château rénové de 91 m² situé à Marseille. Proche de toutes commodités, transports et écoles. À visiter sans tarder.",,True,,0409601173,contact43@example.com,,,,,91,,,,,0,191.36,True,True
3520f7c0-47fd-4923-b05e-9f6b56361222,AN-HVBFJLC4,REC-CD5PL9OF,Château,Château rénové à Marseille,Marseille,13000,2025-08-19T02:46:45,110399,122,7,0,True,A,,,,Nadia Faure,0208141212,,,,,True,,1918,,,,,,True,True
021d721e-6002-4265-be87-ac115a8082b1,AN-0A2E2123,REC-CD5PL9OF,Château,Château avec vue dégagée à Marseille,Marseille,13000,2025-09-07T12:29:45,84482 €,37,7,0,,D,"Château charmant de 37 m² situé à Marseille. Cave et parking inclus. Proche de toutes commodités, transports et écoles. À visiter sans tarder.",,True,Marie Roche,0968246315,marie.roche96@example.com,,,ImmoPlus,,,,,,,,,True,
08daefc5-281b-4bbe-b7f9-3c18dc6dbfde,AN-C76DK6RU,REC-CD5PL9OF,Château,Château spacieux à Marseille,Marseille,13000,06-08-2026,73402,171,4,,,A,"Château au calme de 171 m² situé à Marseille. Proche de toutes commodités, transports et écoles. À visiter sans tarder. Travaux à prévoir.",,True,Claire Fontaine,0420190330,claire.fontaine51@example.com,,,Nid Doré,,,1915,31 place de la Mairie,,,3,,,True
2933b53e-3ca9-4df1-bf35-70b31aa625a6,AN-GKCE445X,REC-CD5PL9OF,Château,Château rénové à Marseille,Marseille,13000,2025-10-07T03:39:45,131096 €,53,6,,,A,"Château spacieux de 53 m² situé à Marseille. Proche de toutes commodités, transports et écoles. À visiter sans tarder. Travaux à prévoir.",,True,,0166552340,contact2@example.com,,True,,,,1990,,,,,,True,True
4e3598eb-8f38-49d7-9b03-6301c0d181f1,AN-MZ3I3BOE,REC-CD5PL9OF,Château,Château charmant à Marseille,Marseille,13000,22/03/2025,126108,24,8,3,,A,"Château à rafraîchir de 24 m² situé à Marseille. Proche de toutes commodités, transports et écoles. À visiter sans tarder.",,True,,0823471571,contact18@example.com,,False,,,,,,,,0,368.72,True,True
a73dc16b-7c97-40dd-aebb-6515dddce81a,AN-45Y8FRNY,REC-CD5PL9OF,Château,Château avec vue dégagée à Marseille,Marseille,13000,18/08/2026,130148,25,6,,,E,,,True,Marie Bernard,,marie.bernard76@example.com,,,,True,,1875,,,,0,,True,True
2565f943-103e-4ed9-a75b-7bcf53d151ab,AN-AZ93OIUE,REC-CD5PL9OF,Château,Château avec vue dégagée à Marseille,Marseille,13000,06-30-2026,97205,53,5,2,,A,"Château avec vue dégagée de 53 m² situé à Marseille. Proche de toutes commodités, transports et écoles. À visiter sans tarder.",,True,Karim Moreau,,,https://exemple-images.test/AN-AZ93OIUE/1.jpg,True,,,,1945,,43.269706,5.344802,1,283.97,,
45852159-c639-405b-8052-887fc99d175c,AN-RKNBIQR0,REC-CD5PL9OF,Château,Château rénové à Marseille,Marseille,13000,02-24-2026,102798,35,5,5,,A,,,,,0807995149,contact81@example.com,https://exemple-images.test/AN-RKNBIQR0/1.jpg; https://exemple-images.test/AN-RKNBIQR0/2.jpg; https://exemple-images.test/AN-RKNBIQR0/3.jpg; https://exemple-images.test/AN-RKNBIQR0/4.jpg,,,,,,,43.308328,5.326202,,,True,True
501e74ca-2975-43e4-8a7c-a475eda05fa0,AN-I6KS972X,REC-CD5PL9OF,Château,Château avec vue dégagée à Marseille,Marseille,13000,11-08-2025,98111,120,7,,,A,"Château de standing de 120 m² situé à Marseille. Proche de toutes commodités, transports et écoles. À visiter sans tarder.",,True,Julie Lefevre,0158880529,,,,,True,,,,43.329216,5.32739,,,True,True
e4d6dc2c-0e2c-4a3e-bce7-0aa17cdf01ab,AN-7VAECRRF,REC-CD5PL9OF,Château,Château lumineux à Marseille,Marseille,13000,18 juillet 2025,112318,45,4,5,False,A,"Château en excellent état de 45 m² situé à Marseille. Cave et parking inclus. Proche de toutes commodités, transports et écoles. À visiter sans tarder.",,True,Nadia Lefevre,,,,True,Nid Doré,,,,188 rue Pasteur,43.27754,5.405578,,,True,True
0618508c-8e0c-451f-a1e2-314e47e99b27,AN-LU2KY7JC,REC-CD5PL9OF,Château,Château spacieux à Marseille,Marseille,13000,2024-09-27T05:47:45,87114 €,64,8,,,A,"Château atypique de 64 m² situé à Marseille. Cave et parking inclus. Proche de toutes commodités, transports et écoles. À visiter sans tarder.",,True,Jean Faure,0704223299,,,False,,,,,,43.247473,5.419609,,,True,True
7d9d50be-e89b-4af6-b770-eaa5657cc1d1,AN-FYXZL2GI,REC-CD5PL9OF,Château,Château en excellent état à Marseille,Marseille,13000,27/05/2025,103218,44,8,2,,B,"Château de standing de 44 m² situé à Marseille. Proche de toutes commodités, transports et écoles. À visiter sans tarder.",,True,Karim Roche,0692567629,,https://exemple-images.test/AN-FYXZL2GI/1.jpg; https://exemple-images.test/AN-FYXZL2GI/2.jpg; https://exemple-images.test/AN-FYXZL2GI/3.jpg; https://exemple-images.test/AN-FYXZL2GI/4.jpg; https://exemple-images.test/AN-FYXZL2GI/5.jpg,True,,,,,68 rue du Commerce,43.291488,5.395393,1,,True,True
fe1adc56-5124-4aea-8404-b120a390d6f4,AN-38XZX3I7,REC-CD5PL9OF,Château,Château avec vue dégagée à Marseille,Marseille,13000,2024-12-09,103181,107,7,4,,A,,,True,,,contact1@example.com,,,,,,,71 rue Pasteur,,,,,True,True
c2f45829-f565-4795-8258-c54622d7bb5f,AN-VXU94ASU,REC-CD5PL9OF,Château,Château en excellent état à Marseille,Marseille,13000,2026-04-07T11:13:45,102625,27,6,,,A,,,True,,0230728506,contact17@example.com,,,,,,,,43.314023,5.359725,,53.44,True,True
dca62a14-d1ff-49f9-a2eb-1041f1f31e8e,AN-70ROV30F,REC-CD5PL9OF,Château,Château spacieux à Marseille,Marseille,13000,1763951265,135528,123,8,5,,A,,,True,,0068868182,,,True,,,,,104 impasse des Lilas,,,0,,True,True
a501c73f-89a1-4e28-8de4-b9c0474b28ca,AN-JAW91HBZ,REC-CD5PL9OF,Château,Château avec vue dégagée à Marseille,Marseille,13000,19/02/2025,135339,95,6,2,True,A,"Château atypique de 95 m² situé à Marseille. Cave et parking inclus. Proche de toutes commodités, transports et écoles. À visiter sans tarder.",,True,,,contact69@example.com,,,Nid Doré,,,,,,,,,,True
17269019-b711-4eac-ad1d-4c0a7d1887fa,AN-XTMEQO5Y,REC-CD5PL9OF,Château,Château avec vue dégagée à Marseille,Marseille,13000,2025-06-21,121053,168,8,,,A,,,True,,0239071438,,,False,,,,,40 rue Jean Jaurès,,,RDC,158.31,True,
a4dee758-66c7-496a-814e-d2d8b33e4030,AN-7WXU2UEL,REC-CD5PL9OF,Château,Château à rafraîchir à Marseille,Marseille,13000,08-30-2024,127547 €,138,4,4,,A,"Château de standing de 138 m² situé à Marseille. Proche de toutes commodités, transports et écoles. À visiter sans tarder.",,True,Ahmed Lefevre,,,https://exemple-images.test/AN-7WXU2UEL/1.jpg; https://exemple-images.test/AN-7WXU2UEL/2.jpg,,Century Habitat,True,,,2 rue de la République,43.342092,5.325552,,396.58,True,True
8a4b05e3-a306-47d3-bb70-30b9e347a219,AN-6K90FZ8W,REC-CD5PL9OF,Château,Château à rafraîchir à Marseille,Marseille,13000,02-17-2025,118481,126,4,,,,,,True,,,contact33@example.com,,,Century Habitat,True,,,44 chemin des Vignes,43.258302,5.326113,2,,True,True
f62fab48-326b-439f-8eb2-83779b3ac9d7,AN-ZIH8YNL7,REC-CD5PL9OF,Château,Château atypique à Marseille,Marseille,13000,2026-04-03,114664,45,4,,,A,"Château lumineux de 45 m² situé à Marseille. Cave et parking inclus. Proche de toutes commodités, transports et écoles. À visiter sans tarder.",,True,Jean Girard,0618199745,jean.girard55@example.com,,True,Century Habitat,,,,,43.337007,5.365534,,,True,True
d7aeb20a-042f-4d2b-a3eb-a5240645513f,AN-081U6ALP,REC-CD5PL9OF,Château,Château de standing à Marseille,Marseille,13000,10/09/2024,136062,139,6,,False,A,"Château de standing de 139 m² situé à Marseille. Proche de toutes commodités, transports et écoles. À visiter sans tarder. Travaux à prévoir.",,True,,0439324075,,,,,,,,,,,2,222.4,True,
484032e6-c861-4f8c-9382-11dbbe97b187,AN-A5M98Z40,REC-CD5PL9OF,Château,Château au calme à Marseille,Marseille,13000,2025-09-01,141862 €,113,5,5,False,A,"Château lumineux de 113 m² situé à Marseille. Proche de toutes commodités, transports et écoles. À visiter sans tarder.",,True,Luc Martin,0003659219,luc.martin42@example.com,https://exemple-images.test/AN-A5M98Z40/1.jpg,,Nid Doré,,,,,43.337469,5.366053,,,True,
4fd336ed-d4c6-4d96-8ab4-866895276249,AN-C3LZSZEC,REC-CD5PL9OF,Château,Château à rafraîchir à Marseille,Marseille,13000,25/09/2025,102200,104,5,4,,A,"Château au calme de 104 m² situé à Marseille. Proche de toutes commodités, transports et écoles. À visiter sans tarder.",,True,Julie Martin,0438630249,,https://exemple-images.test/AN-C3LZSZEC/1.jpg; https://exemple-images.test/AN-C3LZSZEC/2.jpg,,Clé en Main Immo,,,,,43.277388,5.406741,3,,True,True
4a78c308-de3b-4bb8-856e-99b16ce83ba1,AN-0NBG61EP,REC-CD5PL9OF,Château,Château à rafraîchir à Marseille,Marseille,13000,17/07/2026,89933,125,6,2,True,A,"Château charmant de 125 m² situé à Marseille. Proche de toutes commodités, transports et écoles. À visiter sans tarder. Travaux à prévoir.",,True,Luc Lefevre,0328656683,luc.lefevre86@example.com,,True,Century Habitat,,,,,,,,,True,True
3348a816-fa24-4412-a785-9be4516a6ced,AN-SFAVV53N,REC-CD5PL9OF,Château,Château au calme à Marseille,Marseille,13000,11-08-2024,134162,49,6,1,,A,"Château lumineux de 49 m² situé à Marseille. Proche de toutes commodités, transports et écoles. À visiter sans tarder. Travaux à prévoir.",,True,Jean Perrin,0046074559,,https://exemple-images.test/AN-SFAVV53N/1.jpg; https://exemple-images.test/AN-SFAVV53N/2.jpg; https://exemple-images.test/AN-SFAVV53N/3.jpg; https://exemple-images.test/AN-SFAVV53N/4.jpg; https://exemple-images.test/AN-SFAVV53N/5.jpg,,,,,,101 allée des Platanes,,,RDC,,True,True
29a59bab-4c2d-4f5d-8e97-118abf36b613,AN-SR3IUSVL,REC-CD5PL9OF,Château,Château au calme à Marseille,Marseille,13000,08-31-2025,128728,172,7,1,,A,"Château avec vue dégagée de 172 m² situé à Marseille. Cave et parking inclus. Proche de toutes commodités, transports et écoles. À visiter sans tarder. Travaux à prévoir.",,True,,0609192743,contact78@example.com,https://exemple-images.test/AN-SR3IUSVL/1.jpg,True,,,,,49 boulevard Gambetta,43.293013,5.398735,,,True,True
ae53fd68-a908-4c73-94a8-671d84272557,AN-VRAF5SD7,REC-CD5PL9OF,Château,Château avec vue dégagée à Marseille,Marseille,13000,2026-01-25T08:17:45,134975,60,8,4,,A,"Château charmant de 60 m² situé à Marseille. Proche de toutes commodités, transports et écoles. À visiter sans tarder.",,True,Marc Girard,0682642258,marc.girard44@example.com,,,,,,,73 rue Pasteur,43.298996,5.363499,,,True,True
dc96e136-6179-4eaa-89da-3c9f039ca78d,AN-3QUEYVFE,REC-CD5PL9OF,Château,Château charmant à Marseille,Marseille,13000,03-13-2025,126184,139,4,0,False,A,"Château lumineux de 139 m² situé à Marseille. Proche de toutes commodités, transports et écoles. À visiter sans tarder.",,True,Karim Faure,0144117726,karim.faure68@example.com,,,,True,,,,,,1,,True,True
f1a31b42-eb95-4d40-af83-96b91bc9b389,AN-LQ46BVER,REC-CD5PL9OF,Château,Château atypique à Marseille,Marseille,13000,24 avril 2026,117482,96,5,,,A,"Château au calme de 96 m² situé à Marseille. Cave et parking inclus. Proche de toutes commodités, transports et écoles. À visiter sans tarder.",,True,Karim Martin,,,,True,Clé en Main Immo,,,1889,,43.285677,5.328695,,50.28,,True
f35449d7-b2ad-496b-a4f7-432f58f468b3,AN-5N8NMSC7,REC-CD5PL9OF,Château,Château à rafraîchir à Marseille,Marseille,13000,07-02-2026,72434,69,4,,,A,"Château avec vue dégagée de 69 m² situé à Marseille. Proche de toutes commodités, transports et écoles. À visiter sans tarder.",,True,Ahmed Dubois,0966370336,,,False,,,,,,,,,,True,True
7b19ab32-bc36-494d-9b49-e958348fd689,AN-PR5AORYE,REC-CD5PL9OF,Château,Château de standing à Marseille,Marseille,13000,2025-07-19T13:07:45,93482,77,5,1,,B,"Château atypique de 77 m² situé à Marseille. Proche de toutes commodités, transports et écoles. À visiter sans tarder.",,True,Luc Fontaine,,luc.fontaine89@example.com,https://exemple-images.test/AN-PR5AORYE/1.jpg; https://exemple-images.test/AN-PR5AORYE/2.jpg; https://exemple-images.test/AN-PR5AORYE/3.jpg; https://exemple-images.test/AN-PR5AORYE/4.jpg,,,,,,,43.27345,5.373745,5,,,True
